timestamp,platform,label1,label2,label3,diff,content
2024/10/1 2:38,xhs,0,0,0.0,0,抖音平行r空
2024/10/1 12:25,xhs,1,0,1.0,1,土耳其和伊朗最后会一样！
2024/10/1 20:25,xhs,1,1,,1,人民说的有啥用啊，向来都是上层的罪恶决定
2024/10/1 20:50,dy,1,0,1.0,1,真的爆发了
2024/10/1 21:01,dy,0,0,0.0,0,预言家，刀了
2024/10/1 21:12,dy,1,0,1.0,1,真爆发了大哥
2024/10/1 21:16,dy,0,0,0.0,0,6啊
2024/10/1 21:17,dy,1,0,1.0,1,大佬牛逼，真的打起来了
2024/10/1 21:18,dy,1,0,1.0,1,真爆发了
2024/10/1 21:33,dy,0,0,0.0,0,爆发了[发呆]
2024/10/1 21:39,dy,0,1,1.0,-1,连夜关注大佬。[捂脸][捂脸]
2024/10/1 21:45,dy,0,0,0.0,0,打了[黑脸]
2024/10/1 21:47,dy,0,0,0.0,0,预言家[看]
2024/10/1 21:48,dy,0,0,0.0,0,以色列的国人回来了吗！那些打工的朋友们！
2024/10/1 21:52,dy,1,0,1.0,1,打了
2024/10/1 21:55,dy,0,1,1.0,-1,小卡拉米打架掀不起什么大波澜
2024/10/1 21:59,dy,0,0,0.0,0,开始了，开始了，
2024/10/1 22:05,dy,0,0,0.0,0,不装了，摊牌了，我安排的
2024/10/1 22:06,dy,1,0,1.0,1,预言家，打起来了
2024/10/1 22:12,dy,0,0,0.0,0,预言家[泣不成声]
2024/10/1 22:20,dy,0,0,0.0,0,打了[发呆]
2024/10/1 22:37,dy,0,0,0.0,0,买黄金去了
2024/10/1 22:39,dy,0,0,0.0,0,打卡
2024/10/1 22:39,xhs,1,1,,1,全篇fuck，老美也不爽啊
2024/10/1 22:43,dy,0,0,0.0,0,局部热战吧
2024/10/1 22:46,dy,0,0,0.0,0,开打了[捂脸]
2024/10/1 22:47,dy,0,0,0.0,0,预言家必打卡[我想静静][我想静静][我想静静]
2024/10/1 22:48,dy,0,0,0.0,0,黄金又要涨了。
2024/10/1 22:52,dy,0,0,0.0,0,：黑子说话
2024/10/1 22:57,dy,0,1,1.0,-1,nb[捂脸][赞]
2024/10/1 23:06,dy,1,0,0.0,1,预言家刀了
2024/10/1 23:22,dy,0,0,0.0,0,关注了哥你比伊朗的导弹提前一点点[泪奔]
2024/10/1 23:53,dy,0,0,0.0,0,[色][色][色]
2024/10/1 23:56,dy,0,0,0.0,0,一天前的视频，没有一条评论，火了
2024/10/2 0:00,dy,1,0,1.0,1,已经打起来了
2024/10/2 0:17,dy,0,1,1.0,-1,我们不下场就不算世界大战[敲木鱼]
2024/10/2 0:26,dy,0,0,0.0,0,三战开始了
2024/10/2 0:47,dy,1,0,1.0,1,反击了
2024/10/2 0:59,xhs,0,0,0.0,0,这种截图就跟街头采访一样，没有任何意义。少数什么时候代表人民了？何况还是你想截图给大家看的部分
2024/10/2 1:07,dy,0,0,0.0,0,你是真准啊[尬笑]
2024/10/2 1:09,dy,0,0,0.0,0,[流泪][流泪][流泪]
2024/10/2 1:10,dy,1,0,1.0,1,对工资三千的有影响吗？
2024/10/2 1:19,xhs,0,1,1.0,-1,以色列早把被纳粹屠杀受到全世界同情的红利吃光了，现在他们自己就是纳粹[捂脸R][捂脸R][捂脸R]
2024/10/2 1:19,dy,0,0,0.0,0,看到HM了
2024/10/2 1:30,xhs,1,1,,1,美国政府被犹太人夺舍了
2024/10/2 1:31,dy,0,0,0.0,0,他俩爆发战争，反而不会引起世界大战了，压力得到了释放
2024/10/2 1:37,dy,0,0,0.0,0,这就是了啊[泪奔]
2024/10/2 1:43,dy,0,0,0.0,0,预言家啊，刷了抖音一号[发呆]
2024/10/2 2:00,xhs,0,0,0.0,0,美国人一定要下场掰手腕啊，爹被打了。双线作战而已嘛。西太平洋的航母不赶紧拉过去一艘嘛？
2024/10/2 2:01,dy,0,0,0.0,0,我明天去看看现场 兄弟别急 [比心]
2024/10/2 2:05,dy,0,0,0.0,0,你是真牛逼[赞][赞][赞][赞]
2024/10/2 2:07,dy,0,0,0.0,0,已经开始了
2024/10/2 2:09,dy,0,0,0.0,0,第一？？？
2024/10/2 2:09,dy,0,0,0.0,0,不太平
2024/10/2 2:10,dy,0,0,0.0,0,这里国泰民安，那里战火连连
2024/10/2 2:10,dy,0,0,0.0,0,我的天，希望世界和平[流泪][流泪][流泪]
2024/10/2 2:10,dy,0,0,0.0,0,还没有停止战争吗？
2024/10/2 2:11,dy,0,0,0.0,0,愿世界和平[玫瑰][玫瑰][玫瑰]
2024/10/2 2:11,dy,0,0,0.0,0,唉  希望世界和平相处吧！
2024/10/2 2:11,dy,1,0,0.0,1,第四
2024/10/2 2:11,dy,0,0,0.0,0,世界和平
2024/10/2 2:11,dy,0,0,0.0,0,愿世界和平[感谢][感谢][感谢]
2024/10/2 2:11,dy,0,0,0.0,0,没人？
2024/10/2 2:11,dy,0,0,0.0,0,创霖装饰报道
2024/10/2 2:11,dy,0,0,0.0,0,世界和平
2024/10/2 2:11,dy,1,0,0.0,1,第九
2024/10/2 2:11,dy,0,0,0.0,0,终于动手了
2024/10/2 2:11,dy,0,0,0.0,0,愿平安
2024/10/2 2:11,dy,0,0,0.0,0,祝祖国越来越强大，愿世界和平
2024/10/2 2:11,dy,0,0,0.0,0,世界和平
2024/10/2 2:11,dy,0,0,0.0,0,啊？
2024/10/2 2:11,dy,0,0,0.0,0,第一名
2024/10/2 2:11,dy,0,0,0.0,0,第一[看][看][看]
2024/10/2 2:11,dy,0,0,0.0,0,洒洒水啦[看][看][看]
2024/10/2 2:11,dy,0,0,0.0,0,第一个
2024/10/2 2:11,dy,0,0,0.0,0,奥利给[大笑][大笑][大笑]
2024/10/2 2:11,dy,0,0,0.0,0,第一[暗中观察][暗中观察][暗中观察]
2024/10/2 2:12,dy,1,0,0.0,1,第一第一，吓人
2024/10/2 2:12,dy,0,0,0.0,0,还是祖国安全[赞][赞][赞]
2024/10/2 2:12,dy,0,0,0.0,0,望世界和平[感谢][感谢]
2024/10/2 2:12,dy,0,0,0.0,0,这是积蓄忍耐已久的爆发！
2024/10/2 2:12,dy,0,0,0.0,0,三百内[呲牙][呲牙][呲牙]
2024/10/2 2:12,dy,0,0,0.0,0,第一…
2024/10/2 2:12,dy,0,0,0.0,0,free free 
2024/10/2 2:12,dy,0,0,0.0,0,早[比心][比心][比心]
2024/10/2 2:12,dy,0,0,0.0,0,第一[泣不成声][泣不成声][泣不成声]
2024/10/2 2:12,dy,0,0,0.0,0,前排
2024/10/2 2:12,dy,0,0,0.0,0,爱好和平
2024/10/2 2:12,dy,0,0,0.0,0,愿世界平安[比心][比心][比心]
2024/10/2 2:12,dy,0,0,0.0,0,大部分被地面拦截[看][看][看]
2024/10/2 2:12,dy,0,0,0.0,0,我点赞是因为新闻报的及时[看]
2024/10/2 2:12,dy,0,0,0.0,0,[鼓掌][鼓掌][鼓掌][鼓掌][糖葫芦][糖葫芦][糖葫芦]
2024/10/2 2:12,dy,1,0,0.0,1,拦截系统只能拦截大部分？
2024/10/2 2:12,dy,0,0,0.0,0,世界和平
2024/10/2 2:13,dy,0,0,0.0,0,[发呆][发呆]搞不懂，世界都和平了，为什么动不动就喜欢打架？
2024/10/2 2:13,dy,0,0,0.0,0,世界和平
2024/10/2 2:13,dy,0,0,0.0,0,还是有一些落在地上
2024/10/2 2:13,dy,0,0,0.0,0,第一了
2024/10/2 2:13,dy,0,0,0.0,0,愿世界和平，不再战争！
2024/10/2 2:13,dy,0,0,0.0,0,昨晚就开始了[不失礼貌的微笑]。
2024/10/2 2:13,dy,0,0,0.0,0,[赞][赞][赞]终于出手了
2024/10/2 2:13,dy,0,0,0.0,0,来了
2024/10/2 2:13,dy,0,0,0.0,0,愿世界和平！
2024/10/2 2:13,dy,0,0,0.0,0,都说第一 哈哈
2024/10/2 2:13,dy,0,0,0.0,0,主张和平，不放弃武力[玫瑰][玫瑰][玫瑰]
2024/10/2 2:13,dy,0,0,0.0,0,看明天。
2024/10/2 2:13,dy,0,0,0.0,0,good  Morning
2024/10/2 2:13,dy,0,0,0.0,0,点开的时候没评论，以为不能评论[感谢][感谢][感谢]
2024/10/2 2:13,dy,0,1,1.0,-1,这雨下的大了点[捂脸][捂脸][捂脸]
2024/10/2 2:13,dy,0,0,0.0,0,人民无罪
2024/10/2 2:13,dy,1,0,0.0,1,唉！干啥要打仗呢
2024/10/2 2:13,dy,0,0,0.0,0,又被拦截了
2024/10/2 2:13,dy,0,0,0.0,0,希望世界和平
2024/10/2 2:13,dy,0,0,0.0,0,虽然对以色列发出的攻击，但是还是希望天下太平，国家都互相友爱互相尊重，不再打仗！[比心][比心][比心]
2024/10/2 2:14,dy,0,0,0.0,0,[泣不成声]拿地面目标拦截的
2024/10/2 2:14,dy,0,0,0.0,0,和平是打出来的！
2024/10/2 2:14,dy,0,0,0.0,0,中东不稳，天下难安。愿世界和平早日到来。
2024/10/2 2:14,dy,0,0,0.0,0,[灵机一动][灵机一动][灵机一动]伊朗
2024/10/2 2:14,dy,1,1,,1,天狂必有雨，人狂必挨揍
2024/10/2 2:14,dy,1,0,0.0,1,拦截20%
2024/10/2 2:14,dy,1,0,0.0,1,真开打了
2024/10/2 2:14,dy,0,0,0.0,0,以色列铁穹真的厉害，居然能拦截到10%的导弹[捂脸]
2024/10/2 2:15,dy,0,1,1.0,-1,大部分被拦截，只有百分之九十命中[捂脸][捂脸]
2024/10/2 2:15,dy,0,0,0.0,0,不要停
2024/10/2 2:15,dy,0,0,0.0,0,哪里被拦截了？
2024/10/2 2:16,dy,0,0,0.0,0,大部分由土地拦截[呲牙][呲牙][呲牙]
2024/10/2 2:16,dy,0,0,0.0,0,中东战争爆发了嘛。
2024/10/2 2:16,dy,0,0,0.0,0,大部分？？？？[发呆]
2024/10/2 2:17,dy,0,0,0.0,0,重要军事和安全目标是重点[灵机一动]
2024/10/2 2:17,dy,1,0,1.0,1,你打别人的同时，别人也可能打你
2024/10/2 2:26,xhs,1,1,,1,严格的说是叛国罪。按过去的法律是铰刑
2024/10/2 2:34,dy,0,0,0.0,0,已经大战了，有幕前战场，有幕后战场
2024/10/2 2:40,xhs,1,1,,1,哈哈哈一楼这老哥全部fk了个遍
2024/10/2 2:46,dy,0,0,0.0,0,我是ai我怕谁
2024/10/2 2:48,xhs,1,0,1.0,1,本来叫得最响的也是他们
2024/10/2 2:52,xhs,0,0,0.0,0,真的，搞了半天，德国集中营就是两个纳粹之间的互殴，为自己看安妮日记时流的泪反思下，我tm就是泪腺发达而已。
2024/10/2 2:56,dy,0,0,0.0,0,最终还得我出面调解
2024/10/2 2:57,xhs,0,0,0.0,0,让你们也感受下巴勒斯坦人民的恐惧。只有你们经历了才能感受到战争的惨烈。怒喊吧。
2024/10/2 3:01,dy,0,0,0.0,0,预言家[666]
2024/10/2 3:03,dy,0,0,0.0,0,我们武器没人买？
2024/10/2 3:10,xhs,1,0,1.0,1,pence是真小人，换别人估计没那么多骂的。他是被两边一起怼
2024/10/2 3:12,xhs,0,0,0.0,0,我看到更多的是支持以色列的老美[笑哭R]
2024/10/2 3:32,dy,1,1,,1,中东真可怕
2024/10/2 3:34,dy,1,0,0.0,1,不会的
2024/10/2 3:44,dy,1,0,0.0,1,别打咱就行
2024/10/2 3:47,xhs,0,0,0.0,0,以色列军事先进多了
2024/10/2 4:07,dy,0,0,0.0,0,还缺个土耳其
2024/10/2 4:24,dy,1,1,,1,地球被人类毁了。
2024/10/2 4:25,dy,0,0,0.0,0,陆地过不去，隔了好几个国家，海上登陆不现实，也就只能空中互轰一下而已
2024/10/2 4:33,dy,0,0,0.0,0,世界大战？俄罗斯一国对抗几十个国家，世界都没有什么影响，你觉得就这两小国有影响？
2024/10/2 4:46,dy,0,0,0.0,0,还好我们不参与
2024/10/2 5:18,dy,0,0,0.0,0,我们在爱护环境爱护地球，他们在破坏。
2024/10/2 5:40,xhs,1,0,0.0,1,全面空袭德黑兰
2024/10/2 6:29,dy,0,0,0.0,0,犹太人到底怎么了
2024/10/2 6:49,dy,0,0,0.0,0,[宕机][宕机][宕机]就预言成真了
2024/10/2 6:56,dy,1,0,1.0,1,资本家大发战争财
2024/10/2 7:07,dy,0,0,0.0,0,所有战争都是美国挑起的
2024/10/2 7:45,wb,1,0,1.0,1,联合国毫无作用
2024/10/2 7:53,wb,0,0,0.0,0,天女散花！好漂亮
2024/10/2 8:01,wb,1,0,1.0,1,美欧不是不支持以色列的吗？怎么现在又变了，大v乱说，说灯子很无辜似的
2024/10/2 8:15,wb,0,0,0.0,0,双方都在撒谎。有的高明点，有的拙劣点
2024/10/2 8:19,dy,0,0,0.0,0,可以打，我愿意派我国的专家前去支援
2024/10/2 8:38,wb,1,0,1.0,1,伊朗两次导弹回击以色列都是俄高官访问德黑兰之后发生，说明伊俄有默契，不是偶然，是叫美国管住以色列别反击没底线。不过以色列不会善罢甘休，会加大对真主党和哈马斯的剿杀力度，黎巴嫩加沙百姓会更遭殃。
2024/10/2 8:52,xhs,0,1,1.0,-1,以色列：不疼[飞吻R]
2024/10/2 9:03,wb,0,0,0.0,0,袭击之前通知了俄罗斯，没通知中国？
2024/10/2 9:07,dy,1,1,,1,哈哈 导弹掉落的尾巴就砸死一个[捂脸]
2024/10/2 9:11,dy,1,0,1.0,1,该说不说祖国妈妈的一个洲际导弹，s3基本上咱们国家是避免了
2024/10/2 9:16,dy,1,0,1.0,1,被打的一肯定说没事，这也是稳定民心策略而已，怎么可能没事
2024/10/2 9:19,dy,1,1,,1,说以色列轻微受伤纯属放屁！
2024/10/2 9:20,dy,0,0,0.0,0,你这说明是事实吗？请问
2024/10/2 9:25,xhs,0,0,0.0,0,[笑哭R][笑哭R][笑哭R]
2024/10/2 9:25,dy,0,0,0.0,0,几十驾F35.......[发呆]
2024/10/2 9:27,dy,0,0,0.0,0,博主还是比较客观[呲牙]
2024/10/2 9:30,wb,0,0,0.0,0,大型烟花
2024/10/2 9:41,dy,1,1,,1,每一颗导弹都带着世界人民的怒火
2024/10/2 9:52,dy,0,0,0.0,0,零军事伤亡[赞]准
2024/10/2 9:54,dy,0,0,0.0,0,虚则实之，实则虚之，用兵之道
2024/10/2 10:01,dy,0,0,0.0,0,小编，你去现场看啦？好像换工作了。
2024/10/2 10:11,dy,0,0,0.0,0,相信谁呢[呲牙]
2024/10/2 10:20,dy,0,0,0.0,0,华丽的演出圆满完成
2024/10/2 10:23,dy,0,0,0.0,0,看得我热血沸腾、如果国家需要我愿意担任广东省省长[微笑]
2024/10/2 10:24,dy,0,0,0.0,0,要立足于打赢:切断援以通道，持续打击指挥，武器库，能源，通信等设施，加强防御，胜利指日可待
2024/10/2 10:25,dy,0,1,1.0,-1,传统手艺零伤亡[呲牙]
2024/10/2 10:31,dy,0,0,0.0,0,打中多少目标造成多大损失只是附带，对于反抗组织军民的巨大鼓舞才是最重要的
2024/10/2 10:33,dy,1,0,1.0,1,打的空地吗？
2024/10/2 10:34,dy,1,1,,1,全都是据说，让我相信谁？[捂脸]
2024/10/2 10:37,dy,0,0,0.0,0,打人家还提前说
2024/10/2 10:41,xhs,1,0,1.0,1,很片面....大多数美国人站以色列，因为他们觉得除此以外都是恐怖分子，打恐怖分子是应该的。而且他们不站阿拉伯人，因为人家觉得阿拉伯人是移民，和恐怖分子差不了多少。犹太人是老板，上层，上帝的儿子，给他们花钱就是帮上帝花钱，应该的。不过他们不喜欢为乌克兰氪金，因为觉得关我屁事。如果美国人反战也是觉得自己没必要为别人的事花钱，特别是在自己国家破破烂烂的时候。
2024/10/2 10:52,dy,1,0,0.0,1,如果真的这样，还不如不打呢。
2024/10/2 10:54,dy,0,0,0.0,0,两百多枚没人死亡？
2024/10/2 10:55,dy,1,0,0.0,1,看来导弹的威力并不大
2024/10/2 10:57,dy,0,0,0.0,0,这个就多次告诉对方，我是能打的，就看我的配置要不要加大。谁都不想要战争全面爆发，见好就收吧
2024/10/2 11:00,dy,0,0,0.0,0,没伤亡才怪，
2024/10/2 11:00,dy,0,0,0.0,0,约旦想啥呢？
2024/10/2 11:03,dy,0,0,0.0,0,l
2024/10/2 11:06,dy,0,0,0.0,0,80%的导弹都是都是犁地用的。估计都不用拦截。看这个发射架势就知道是盲打，中不中全靠运气。
2024/10/2 11:07,dy,0,0,0.0,0,人与人之间没有信任了，国家与国家之间更没有
2024/10/2 11:08,xhs,1,0,1.0,1,以色列的大老是美国 想倮有点难 但是我也希望伊朗能干掉以色列
2024/10/2 11:09,dy,1,1,,1,战争死的都是平民的孩子罢了，没有必要啊[看]
2024/10/2 11:11,dy,0,0,0.0,0,根本没通知
2024/10/2 11:12,dy,1,1,,1,主播收到了美国佬十六亿的一份，为以色列人洗白
2024/10/2 11:14,dy,1,0,1.0,1,伊朗以色列演双簧给别人看呢。
2024/10/2 11:17,dy,1,1,,1,屁股歪的！鉴定完毕。
2024/10/2 11:18,dy,1,0,0.0,1,能大量拦截弹道导弹。以后的战争不好打。
2024/10/2 11:19,dy,1,0,0.0,1,咋瞄准的？全空旷地带？
2024/10/2 11:20,dy,0,0,0.0,0,"既然逃避不了，也躲不过，那就坦然面对暴风骤雨吧。

世界上有很多正义的国家在默默的支持者"
2024/10/2 11:24,dy,1,0,1.0,1,今天统一话术：空地，无人区，沙漠，无伤亡，速度慢，威力小，大部分被拦截[看]
2024/10/2 11:24,dy,1,0,1.0,1,这跟炸美国军事基地一样，毛也没炸到，还提前通知人家撤离了
2024/10/2 11:26,dy,1,0,1.0,1,打别人还发通知，这不是在玩吗
2024/10/2 11:26,dy,1,1,,1,真客气，还用他告诉俄罗斯？大帝的总理不去，他们也不发啊[捂脸]
2024/10/2 11:27,dy,1,1,,1,笑死  弹壳砸都砸死一个
2024/10/2 11:29,wb,0,0,0.0,0,提供了彻底解决伊核问题的时机，伊核谈判也就没啥可扯的了。
2024/10/2 11:30,dy,0,1,1.0,-1,给我看笑了 用导弹后半部的油箱 落在地上的照片来冒充是导弹战斗部 以色列真会自欺欺人[捂脸][捂脸][捂脸][捂脸]
2024/10/2 11:31,dy,1,0,1.0,1,根本就没打到，全部打在无人的沙漠！
2024/10/2 11:33,dy,1,1,,1,间谍太多了，虚晃一枪攻其不备
2024/10/2 11:35,dy,0,0,0.0,0,分析到位[赞][赞][赞]
2024/10/2 11:40,dy,0,0,0.0,0,想知道为什么不在白天打
2024/10/2 11:42,dy,0,0,0.0,0,我印象里中东就没有不动荡的时候[宕机]
2024/10/2 11:43,dy,1,0,1.0,1,真真假假，假假真真，兵不厌诈
2024/10/2 11:46,dy,1,0,0.0,1,耕地导弹
2024/10/2 11:48,dy,1,1,,1,阿拉伯人莫名其妙，约旦拦截射向以色列的导弹？
2024/10/2 11:49,dy,1,0,1.0,1,没有伤亡就太假了。早上有个新闻视频是有颗伊朗导弹被拦截没有引爆但是落地的时候刚好砸到一个路人
2024/10/2 11:49,dy,0,0,0.0,0,刺激，这也是移花接木
2024/10/2 11:51,dy,1,0,1.0,1,会。美国下场中东，一定会在我们周边先点燃一场战争。绝对不会看我们坐山观虎斗。世界大战一触即发
2024/10/2 11:51,dy,0,1,1.0,-1,然后伊粉3天后就开始卖惨[捂脸][捂脸][捂脸]
2024/10/2 11:52,dy,0,0,0.0,0,有何战果？
2024/10/2 11:54,dy,1,1,,1,和美国，以色列在唱双簧！[捂脸]
2024/10/2 11:54,dy,0,0,0.0,0,统一口径：没打到，都拦截了，没伤亡
2024/10/2 11:55,dy,0,0,0.0,0,没人死亡[赞]否则反手就是一枚核电反击过去
2024/10/2 11:56,dy,0,0,0.0,0,这个导弹是超高速？我看音速都达不到
2024/10/2 11:57,dy,0,0,0.0,0,确实没有出兵嘛
2024/10/2 11:58,dy,0,0,0.0,0,我都舍不得听
2024/10/2 12:01,dy,0,0,0.0,0,提前通知，这是在演戏[呲牙]
2024/10/2 12:02,dy,0,0,0.0,0,伊朗告诉美国是怎么想的，真的想不通。
2024/10/2 12:02,dy,1,1,,1,糊弄大鹅呢，还是对西方抱有幻想
2024/10/2 12:04,dy,0,0,0.0,0,过二天就会有卫星图出来
2024/10/2 12:04,dy,1,0,1.0,1,差不多，以色列喜欢拆楼，伊朗喜欢打沙漠。
2024/10/2 12:05,dy,1,0,1.0,1,大家又是被演了
2024/10/2 12:05,dy,0,0,0.0,0,世界大战的前提是某一个大国和另一个大国真正打起来才会
2024/10/2 12:07,dy,1,1,,1,印度牛逼[微笑][微笑][微笑][微笑]
2024/10/2 12:09,dy,0,0,0.0,0,白象：没错就是在下
2024/10/2 12:10,dy,0,0,0.0,0,铁（穹）穷，听听这个名字！！！
2024/10/2 12:12,dy,0,0,0.0,0,[赞][击掌]
2024/10/2 12:12,dy,0,0,0.0,0,啥意思
2024/10/2 12:12,dy,0,1,1.0,-1,厉害了蚕哥，笑喷了
2024/10/2 12:13,dy,0,0,0.0,0,[不失礼貌的微笑][不失礼貌的微笑][不失礼貌的微笑]沙发
2024/10/2 12:13,dy,0,0,0.0,0,印度的GPS[呲牙]
2024/10/2 12:14,dy,0,0,0.0,0,失败了为什么还要回应？
2024/10/2 12:14,dy,0,0,0.0,0,东风确实是白象的[捂脸]
2024/10/2 12:15,dy,0,0,0.0,0,印度[捂脸]
2024/10/2 12:15,dy,0,0,0.0,0,不是南斗吗？[捂脸]
2024/10/2 12:16,dy,0,0,0.0,0,爱我中华[玫瑰][玫瑰][玫瑰]
2024/10/2 12:16,dy,0,0,0.0,0,蚕哥，听你的军事评书得有基础，不然[呲牙][呲牙][呲牙]
2024/10/2 12:17,dy,1,1,1.0,0,北斗什么时候成印度的了，[捂脸]
2024/10/2 12:18,dy,1,0,1.0,1,印度确实厉害
2024/10/2 12:18,dy,0,0,0.0,0,这么说能行啊，蚕哥？
2024/10/2 12:19,dy,0,0,0.0,0,有点不解为什么要通知大美丽
2024/10/2 12:20,dy,1,1,,1,以色列人全是机器人而非肉身！所以无人性不会死吗？
2024/10/2 12:20,dy,0,0,0.0,0,这节够及时！[赞][呲牙]
2024/10/2 12:22,dy,0,0,0.0,0,我们和平谈判吧，你看他真心谈过一回吗[捂脸][捂脸][捂脸][捂脸][赞][赞][赞]
2024/10/2 12:23,wb,1,0,1.0,1,以色列赢麻了，8颗导弹拦截一枚！说大部份被拦截！哦对！它们用了建筑物拦截大法！
2024/10/2 12:23,dy,0,0,0.0,0,期待更新就像小时候听《平凡的世界》[呲牙]
2024/10/2 12:24,dy,1,0,1.0,1,毛熊会不会给伊一枚硬核的弹头呢？
2024/10/2 12:24,dy,0,0,0.0,0,伟大中华人民共和国万岁[赞][赞][赞][赞][赞][赞]
2024/10/2 12:24,dy,1,0,1.0,1,太假了，不光事先通知，连打的地方也选在空地上
2024/10/2 12:25,wb,0,0,0.0,0,激起民愤
2024/10/2 12:25,dy,0,0,0.0,0,感觉这威力不像导弹
2024/10/2 12:28,dy,1,0,0.0,1,拦住了，地面拦截了
2024/10/2 12:28,dy,1,0,0.0,1,老蚕这样说下去印度还会有十四亿军迷
2024/10/2 12:29,dy,0,0,0.0,0,三哥听了你的讲解，自信心爆棚了。
2024/10/2 12:29,dy,0,0,0.0,0,对：中国呼吁：反对战争！保护我们赖以生存的地球！保卫和平！[感谢][感谢][感谢][感谢]
2024/10/2 12:29,dy,0,0,0.0,0,[大笑][大笑][大笑]美进退俩难！
2024/10/2 12:30,dy,0,1,0.0,-1,[捂脸][捂脸][捂脸][捂脸][捂脸]
2024/10/2 12:31,dy,0,0,0.0,0,导弹定位系统用的是谁家的？
2024/10/2 12:32,dy,0,1,1.0,-1,既然没人死亡就再来一轮
2024/10/2 12:32,dy,0,0,0.0,0,都打在无人区了！
2024/10/2 12:33,dy,0,0,0.0,0,印度东风[捂脸]
2024/10/2 12:33,dy,0,0,0.0,0,主播[赞][赞][赞]
2024/10/2 12:34,dy,1,1,,1,印度在一脸懵逼！
2024/10/2 12:36,dy,1,0,1.0,1,中东版论持久战
2024/10/2 12:36,dy,0,0,0.0,0,大国风范[赞][赞][赞]
2024/10/2 12:36,dy,0,1,0.0,-1,阿姨越来越成熟了[捂脸]
2024/10/2 12:37,dy,0,0,0.0,0,笑喷了[赞][赞][赞]
2024/10/2 12:38,dy,0,0,0.0,0,印度这么厉害了吗
2024/10/2 12:38,dy,1,1,,1,属于偷袭
2024/10/2 12:39,dy,0,0,0.0,0,硬度[赞]
2024/10/2 12:39,dy,0,0,0.0,0,这书说的在理[赞][赞][赞]
2024/10/2 12:39,dy,0,0,0.0,0,大白象果然牛逼啊[赞][赞][赞]
2024/10/2 12:40,dy,0,0,0.0,0,照顾好自己行了
2024/10/2 12:40,dy,0,0,0.0,0,高超音速导弹是不是只有解放军能拦截[微笑]
2024/10/2 12:41,dy,1,1,,1,剧把印度说大了
2024/10/2 12:42,dy,0,1,0.0,-1,[捂脸][捂脸][捂脸]
2024/10/2 12:43,dy,0,0,0.0,0,瞒天过海之暗度陈仓计
2024/10/2 12:43,wb,0,0,0.0,0,很齐全的消息汇总
2024/10/2 12:45,dy,0,0,0.0,0,白象就是牛啊[赞]
2024/10/2 12:45,dy,0,0,0.0,0,分析的有道理
2024/10/2 12:45,dy,0,1,0.0,-1,印度都有北斗啦[捂脸][捂脸]
2024/10/2 12:45,dy,0,1,0.0,-1,英国[捂脸][捂脸][捂脸]
2024/10/2 12:46,dy,0,0,0.0,0,以吹精神胜利法。
2024/10/2 12:46,dy,0,0,0.0,0,还是你判断准确。分析透彻。
2024/10/2 12:47,dy,0,1,1.0,-1,为啥拦不住？铁穷了呗。[捂脸][捂脸][捂脸]
2024/10/2 12:48,dy,0,0,0.0,0,普通弹头的短程导弹伤害力有限，不是直接命中确实威胁不大
2024/10/2 12:48,dy,0,0,0.0,0,既然要打，提前通知干嘛？
2024/10/2 12:48,dy,0,0,0.0,0,西风11号
2024/10/2 12:49,wb,1,1,,1,个怂货被人揍了也不敢吭气儿…
2024/10/2 12:49,dy,0,0,0.0,0,印度要哭了
2024/10/2 12:50,dy,1,0,1.0,1,导弹这不是白发射了吗[捂脸]浪费那么多钱！一点作用没起！
2024/10/2 12:51,dy,1,1,,1,印度这一次牛逼大了[捂脸]
2024/10/2 12:51,dy,0,0,0.0,0,隔壁的沙特会不会插一脚呢？
2024/10/2 12:51,dy,0,0,0.0,0,误差800米
2024/10/2 12:51,dy,1,0,1.0,1,精彩绝伦
2024/10/2 12:52,dy,0,0,0.0,0,何其有幸生于华夏[比心][比心][比心]
2024/10/2 12:52,dy,0,0,0.0,0,和平万岁
2024/10/2 12:54,dy,1,0,1.0,1,确定以色列挨炸没有？
2024/10/2 12:54,dy,0,0,0.0,0,最关心的是以色列损失严重不？
2024/10/2 12:54,dy,0,0,0.0,0,听其言观其行，派不派地面部队参战才是真实的态度
2024/10/2 12:55,dy,0,0,0.0,0,以后干工程只找以色列的，这样炸，建筑只有轻微损伤
2024/10/2 12:55,dy,0,0,0.0,0,印度的是南斗，我用的就是印度的南斗导航。
2024/10/2 12:55,dy,0,1,0.0,-1,不在现场不发表任何评论，抖音真假新闻太多了
2024/10/2 12:57,dy,1,0,0.0,1,不会三战
2024/10/2 12:57,dy,1,0,1.0,1,这次是弹道导弹，不属于高超音速导弹
2024/10/2 12:58,dy,0,0,0.0,0,正道才硬道理！世界和平你我他[拳头]
2024/10/2 12:58,dy,0,0,0.0,0,谁卖给伊朗的，库存不足吗？才发了180枚[捂脸]
2024/10/2 12:59,dy,0,0,0.0,0,蚕哥 厉害 [赞]
2024/10/2 13:00,dy,0,0,0.0,0,[赞][赞][赞]
2024/10/2 13:00,dy,0,0,0.0,0,大夏跟周边小国干架都是冷兵器
2024/10/2 13:00,dy,1,0,1.0,1,中印大火
2024/10/2 13:01,dy,0,0,0.0,0,[平安果][平安果][平安果][平安果][平安果][平安果][平安果]
2024/10/2 13:02,dy,0,1,1.0,-1,烟雾弹[捂脸][捂脸][捂脸]
2024/10/2 13:02,dy,0,0,0.0,0,说的对[赞][赞][赞]
2024/10/2 13:03,dy,0,1,0.0,-1,印度/东风[捂脸]
2024/10/2 13:03,dy,0,0,0.0,0,不是说以色列受损小吗
2024/10/2 13:04,dy,1,1,,1,印度现在在我心里就是神一样的存在。[捂脸]
2024/10/2 13:05,dy,0,0,0.0,0,幽默啊！蚕哥，[赞][赞][赞]
2024/10/2 13:05,dy,1,1,,1,W美的啊 打就是不打 不打就是打
2024/10/2 13:05,xhs,1,1,,1,解气！
2024/10/2 13:06,dy,0,0,0.0,0,印度：没错，就是我
2024/10/2 13:07,dy,0,0,0.0,0,是的[比心]
2024/10/2 13:07,dy,0,0,0.0,0,我来统一美以西方饲养的大殖子们话术：空地，无人区，沙漠，无伤亡，速度慢，威力小，大部分被拦截[舔屏][舔屏][舔屏][舔屏]
2024/10/2 13:08,dy,0,0,0.0,0,白毛支持是对的[感谢]看得长远[赞]必一个肤色[拳头]
2024/10/2 13:08,dy,0,0,0.0,0,你是美粉
2024/10/2 13:10,dy,1,1,,1,一个被导弹砸死的不算吗，有视频的
2024/10/2 13:11,dy,1,1,,1,伊朗这样影响国家形象啊[抠鼻]
2024/10/2 13:11,dy,0,0,0.0,0,你违规了[捂脸]
2024/10/2 13:12,dy,0,0,0.0,0,做给小弟们看的，
2024/10/2 13:12,dy,1,0,1.0,1,伊朗演戏？
2024/10/2 13:13,dy,1,0,0.0,1,教员的游击思想放光芒
2024/10/2 13:13,dy,1,0,1.0,1,在作秀吗？
2024/10/2 13:14,dy,1,0,1.0,1,认为伊朗认怂的都是无知之人，去了解一下中东历史和地缘政治就清楚了
2024/10/2 13:15,dy,0,1,1.0,-1,中药味真浓，自卫反击[捂脸]。三五年小以必亡，这是奔着持久战去的啊[捂脸]
2024/10/2 13:15,dy,0,0,0.0,0,[泣不成声][泣不成声][泣不成声][泣不成声][泣不成声]
2024/10/2 13:15,dy,0,1,0.0,-1,印度熊猫[捂脸]
2024/10/2 13:16,dy,0,0,0.0,0,让我当个将军就行了
2024/10/2 13:16,dy,0,1,0.0,-1,印度厉害啊[呲牙]
2024/10/2 13:17,dy,0,0,0.0,0,印度真厉害[赞][赞][赞]
2024/10/2 13:17,dy,0,1,1.0,-1,既然没事[捂脸]都听我的  双方握手言和吧[呲牙]
2024/10/2 13:18,dy,0,0,0.0,0,中方发正义之声[赞][赞][赞]
2024/10/2 13:18,dy,0,0,0.0,0,这才是真实的
2024/10/2 13:19,dy,1,0,1.0,1,确实印度北斗，印度厉害了
2024/10/2 13:20,dy,0,0,0.0,0,本期内容很丰富啊，知识点太多了，不仅有论持久战，还有电子战第二季，
2024/10/2 13:20,dy,1,0,1.0,1,浪费钱
2024/10/2 13:20,dy,0,0,0.0,0,哈哈，换艺名，为啥不叫赛貂蝉？[尬笑][尬笑]
2024/10/2 13:20,dy,0,0,0.0,0,支持国家呼吁，[赞][赞][赞]
2024/10/2 13:21,dy,0,0,0.0,0,7469是我的点赀[比心]
2024/10/2 13:21,dy,0,0,0.0,0,伊朗即使不打，以色列也不会停战
2024/10/2 13:22,dy,1,0,1.0,1,牛逼克拉斯
2024/10/2 13:23,dy,0,0,0.0,0,但愿世界和平。
2024/10/2 13:23,dy,1,0,0.0,1,张官李带
2024/10/2 13:23,dy,0,0,0.0,0,哈哈哈
2024/10/2 13:25,dy,1,0,0.0,1,印度的导弹应该以南风冠名吧
2024/10/2 13:25,dy,0,0,0.0,0,你确定80%命中了？
2024/10/2 13:26,dy,0,0,0.0,0,股市都说涨，有影响吗？
2024/10/2 13:26,dy,0,0,0.0,0,支持
2024/10/2 13:27,dy,1,0,0.0,1,[捂脸] 三哥看了老蚕的视频估计在拍脑袋有点找不到北了。。。。哈哈哈
2024/10/2 13:28,dy,1,1,,1,跟着砖家起哄，失去的永远是生命，留下的只是历史。
2024/10/2 13:28,dy,1,0,0.0,1,伊朗有高超音速导弹吗
2024/10/2 13:29,dy,0,0,0.0,0,听话听音
2024/10/2 13:30,dy,0,0,0.0,0,死了一个巴勒斯坦贫民，被导弹残骸砸死的
2024/10/2 13:31,dy,0,1,1.0,-1,这样的消息我爱听，这样的知识我爱学[捂脸][捂脸]
2024/10/2 13:31,dy,0,0,0.0,0,还是听风的蚕最牛逼
2024/10/2 13:32,dy,0,0,0.0,0,说来说去还是熊猫的
2024/10/2 13:32,dy,0,0,0.0,0,国家立场就是我的立场，
2024/10/2 13:32,dy,0,0,0.0,0,查了半天也没有查到伤亡情况，是不是都炸在空地里[捂脸]
2024/10/2 13:33,dy,0,0,0.0,0,还有印度的南斗导航
2024/10/2 13:34,dy,0,0,0.0,0,在包头发的
2024/10/2 13:35,dy,0,0,0.0,0,是合纵 还是连横就看他们那一家子团不团结了  不要被别人捭盍了
2024/10/2 13:36,dy,0,0,0.0,0,啥，煮熟的婵[捂脸]
2024/10/2 13:36,dy,0,0,0.0,0,印度的东风北斗，[赞]
2024/10/2 13:36,dy,0,0,0.0,0,都会报喜不报忧
2024/10/2 13:37,dy,0,0,0.0,0,你有多少和小号啊？
2024/10/2 13:38,dy,0,0,0.0,0,印度的应该是南风吧[捂脸]
2024/10/2 13:38,dy,0,0,0.0,0,这才是真知灼见！[赞]
2024/10/2 13:38,dy,0,0,0.0,0,你知道的太多了[捂脸]
2024/10/2 13:39,xhs,1,0,1.0,1,因为在他们视角中看到的那种恶心的画面更多一点，不过再怎么样，他们政府也不会听他们的意见。
2024/10/2 13:39,dy,0,0,0.0,0,大国出手吧
2024/10/2 13:39,dy,0,0,0.0,0,激光武器应该可以
2024/10/2 13:40,dy,0,0,0.0,0,有茅就有盾[捂脸]
2024/10/2 13:40,dy,0,0,0.0,0,天蚕聪明，打太极，会战术
2024/10/2 13:40,dy,0,0,0.0,0,伊朗跟上一次一样又玩了一次走个过场。
2024/10/2 13:40,dy,0,0,0.0,0,[绝]全球军事博主第一！更[绝]我是全球军事观察者之一上[一起加油]
2024/10/2 13:42,dy,0,0,0.0,0,用GPs导航老美让他打不了
2024/10/2 13:42,dy,0,0,0.0,0,这个印度把我带到沟里了[捂脸]
2024/10/2 13:43,dy,0,0,0.0,0,印度：这锅我不背[流泪]
2024/10/2 13:43,dy,0,0,0.0,0,没有伤亡人数的报道
2024/10/2 13:43,dy,0,0,0.0,0,用印度代称熊猫
2024/10/2 13:44,dy,0,1,1.0,-1,印度真的牛[呲牙]
2024/10/2 13:45,dy,0,0,0.0,0,你飘了！
2024/10/2 13:45,dy,0,0,0.0,0,三哥也改革开放了[捂脸]
2024/10/2 13:46,dy,0,0,0.0,0,印度的北斗[666][666][666]
2024/10/2 13:47,dy,0,0,0.0,0,导弹威力还是有限，轰炸才是王者
2024/10/2 13:47,dy,1,0,1.0,1,演戏?
2024/10/2 13:47,dy,0,1,1.0,-1,[捂脸]印度也有东风
2024/10/2 13:48,dy,0,0,0.0,0,俄罗斯眼镜看的清楚 不会跟伊朗讲吗？
2024/10/2 13:50,dy,0,1,1.0,-1,不会[呲牙]只会是局部战争
2024/10/2 13:51,dy,0,1,1.0,-1,抓间谍下半截还没讲了，不能插队[捂脸][捂脸]
2024/10/2 13:51,dy,0,0,0.0,0,美国美国…
2024/10/2 13:52,dy,0,0,0.0,0,该干就干，中国中华不是受人欺负的。
2024/10/2 13:53,dy,1,1,,1,都是三哥假的高超音速导弹
2024/10/2 13:53,dy,0,0,0.0,0,好象应该吃核桃。
2024/10/2 13:55,dy,0,0,0.0,0,波斯猫硬起来成能成为波斯虎？
2024/10/2 13:55,dy,0,0,0.0,0,我到现在都关注了有五六个听风的蚕的号，也不知道哪个是真的，但是不影响我五六个都听。
2024/10/2 13:56,dy,0,0,0.0,0,网上最少有几十个视频，很多是中国人拍的，去多看看吧。你发这样的视频，有美金领吗？
2024/10/2 13:57,dy,1,0,1.0,1,打假，好。
2024/10/2 13:58,dy,0,0,0.0,0,没有伤及以色列的皮毛。[呲牙][呲牙]
2024/10/2 13:59,dy,0,0,0.0,0,说是印度的就是印度的
2024/10/2 13:59,dy,1,0,1.0,1,印度躺赢
2024/10/2 14:01,dy,0,0,0.0,0,伊：11后面加个0，那就是熊猫的110
2024/10/2 14:01,dy,0,0,0.0,0,[抠鼻][抠鼻][抠鼻]地面拦截率100%
2024/10/2 14:02,dy,0,0,0.0,0,唉，说白了，伊朗真的太卑微了，提前告知是为了平息国内的呼声还不想惹怒以色列，要不然没法交差而已！
2024/10/2 14:03,dy,0,0,0.0,0,[发呆][发呆][发呆][发呆][发呆]原来是大侄子
2024/10/2 14:03,dy,1,0,1.0,1,官方报道：基本都被铁穹防空系统拦截
2024/10/2 14:05,dy,0,0,0.0,0,最多拦截50%我昨晚看直播了
2024/10/2 14:08,dy,0,1,1.0,-1,印度听到了会吐血
2024/10/2 14:09,dy,0,0,0.0,0,"
十月流行色: 中国红
-｜祖fq
华夏波澜壮阔 少年仍需向前"
2024/10/2 14:10,dy,0,0,0.0,0,态度一定要有
2024/10/2 14:10,dy,0,0,0.0,0,印度一脸无辜的笑着[捂脸]
2024/10/2 14:11,dy,1,0,1.0,1,什么是弹道导弹你都明白还吹牛，好好
2024/10/2 14:12,dy,0,0,0.0,0,联合起来[感谢][感谢][感谢][感谢][感谢][感谢][感谢][感谢]。
2024/10/2 14:12,dy,1,0,1.0,1,俄罗斯：波斯，大小家伙什都给你搬来了，我连战术核弹都在自己家里用了一个（这疙瘩可是不能乱扔别家的，不用发射就爆自己家，赫赫那些逼崽子），没曾想被他们误解为发射不成功，害的东哥不得不再来个精准原投射来镇场子，你敢这是漏水，听信仇家迷惑
2024/10/2 14:13,dy,0,0,0.0,0,是我是我[奸笑][奸笑][奸笑]
2024/10/2 14:13,dy,1,1,,1,正义以色列必胜
2024/10/2 14:13,xhs,0,0,0.0,0,这是川普的基本盘吧，只想着自己
2024/10/2 14:14,dy,0,0,0.0,0,我应该相信
2024/10/2 14:17,dy,0,0,0.0,0,苦肉计
2024/10/2 14:17,dy,0,0,0.0,0,和平至上[赞][赞][比心]
2024/10/2 14:19,dy,0,0,0.0,0,你是什么意思，你说印度有北斗
2024/10/2 14:20,dy,0,0,0.0,0,广东发驾电:伊朗英雄
2024/10/2 14:21,dy,1,1,,1,印度一脸懵逼！！！俺家也有这导弹[不是吧][疑问][疑问]
2024/10/2 14:21,dy,0,0,0.0,0,中国人民解放军。有血性。人不犯我我不犯人。[赞][玫瑰][赞][玫瑰]
2024/10/2 14:22,dy,1,1,,1,还是内奸搞鬼[看]
2024/10/2 14:23,dy,0,0,0.0,0,太快了拦不住[捂脸]
2024/10/2 14:24,dy,1,0,1.0,1,钱学森弹道技术卖了？
2024/10/2 14:24,dy,0,0,0.0,0,期待您的下次分享！
2024/10/2 14:25,dy,0,0,0.0,0,三哥美，美出鼻成泡了哈哈[赞][赞][赞][赞]
2024/10/2 14:25,dy,1,0,1.0,1,持久战
2024/10/2 14:26,dy,0,0,0.0,0,科研团队优秀，球村人共同发展，合作共赢。[平安果]
2024/10/2 14:28,dy,0,0,0.0,0,印度威武，霸气侧漏[赞][赞][赞][赞]
2024/10/2 14:28,dy,1,1,,1,感觉伊朗跟以色列演的双簧忽悠伊朗的一群小弟 [呲牙]
2024/10/2 14:30,dy,1,0,0.0,1,三哥老利害了！
2024/10/2 14:30,dy,1,0,0.0,1,准确的击中空旷地区
2024/10/2 14:31,dy,0,0,0.0,0,fgjgffyhgguj
2024/10/2 14:31,dy,0,0,0.0,0,印度:你......你......你......好吧！！
2024/10/2 14:33,dy,1,0,1.0,1,论持久战无敌
2024/10/2 14:33,dy,0,0,0.0,0,还好提前告知老美？。。毛！
2024/10/2 14:34,dy,0,0,0.0,0,通报敌人？B了[赞]
2024/10/2 14:34,dy,0,0,0.0,0,今天讲到第几章几回了？
2024/10/2 14:35,dy,1,0,0.0,1,大佬我信你
2024/10/2 14:36,dy,1,0,0.0,1,别信伊朗小心
2024/10/2 14:37,dy,0,0,0.0,0,印度的西风15吧
2024/10/2 14:38,dy,0,0,0.0,0,以色列加油犹太人加油
2024/10/2 14:39,dy,0,0,0.0,0,印度东风11？
2024/10/2 14:39,dy,0,0,0.0,0,客观报道
2024/10/2 14:39,dy,0,0,0.0,0,同意[赞]
2024/10/2 14:40,dy,0,0,0.0,0,戏台已经搭好了，就看M国敢不敢进场了，希望把M国卷入这次大戏，就像很多条大蟒蛇直到缠死他。[比心]
2024/10/2 14:41,dy,0,0,0.0,0,听说印度的钱老师太牛了，发明的啥弹道导弹无敌
2024/10/2 14:43,dy,0,1,0.0,-1,突然明白为啥发射31AG了，[捂脸]
2024/10/2 14:43,dy,1,1,,1,"""他不敢打，他打不准，他没打着，全部拦截，都打到空地，我爹不疼"""
2024/10/2 14:44,dy,1,0,1.0,1,直接举报一波亲美
2024/10/2 14:45,dy,0,0,0.0,0,每个抖音号说的都不一样
2024/10/2 14:45,dy,0,0,0.0,0,主打的就是秘不发丧
2024/10/2 14:47,dy,0,0,0.0,0,根本就没必要拦
2024/10/2 14:47,dy,1,0,1.0,1,这个导弹不行啊，杀伤力不够。
2024/10/2 14:48,dy,0,1,1.0,-1,差点给我整迷糊了
2024/10/2 14:48,dy,0,0,0.0,0,关键卖给给巴基斯坦就过分了
2024/10/2 14:49,dy,0,0,0.0,0,油油从不承认伤亡
2024/10/2 14:50,dy,0,0,0.0,0,要不是有黎以战争的先例，差点就信了[泪奔]
2024/10/2 14:51,dy,0,0,0.0,0,现在黑武器能毁灭地球吗
2024/10/2 14:51,dy,1,0,1.0,1,蚕啊，你再这样聊下去，印度得去工业大摸底了啊[泪奔]
2024/10/2 14:52,dy,1,0,1.0,1,这就搞不懂了，印度有北斗？还有东风11？还印度把导弹卖给了好朋友巴基斯坦？？？胡扯！
2024/10/2 14:53,dy,1,0,1.0,1,前两天伊朗不是屈服老美了吗？怎么又打起以色列了呢？以色列可是老美的爹呀
2024/10/2 14:53,dy,0,0,0.0,0,这就是用GPS做导航的后果，全部都移位
2024/10/2 14:54,dy,1,0,1.0,1,看看以色列的报复吧[右边]
2024/10/2 14:55,dy,0,0,0.0,0,天下武功，唯快不破
2024/10/2 14:56,dy,0,0,0.0,0,没办法调解了，内塔尼亚胡把我微信删拉黑了[灵机一动]
2024/10/2 14:56,dy,1,0,1.0,1,打的空地
2024/10/2 14:57,dy,0,0,0.0,0,征服者110，这不是空中警察吗
2024/10/2 14:58,dy,0,1,0.0,-1,去年[捂脸][捂脸][捂脸]
2024/10/2 14:59,dy,0,0,0.0,0,中东国家会不会在沙漠捡到武器。还带说明书的。
2024/10/2 14:59,dy,0,0,0.0,0,话里有话，印度蒙了
2024/10/2 15:01,dy,0,1,1.0,-1,壮哉，我大印帝国[呲牙]
2024/10/2 15:01,dy,0,0,0.0,0,黎巴嫩是主权国家
2024/10/2 15:02,dy,1,1,,1,以色列扯淡
2024/10/2 15:02,dy,1,1,,1,太搞笑了，竟然落在本土[九转大肠]
2024/10/2 15:02,dy,0,0,0.0,0,有道理[赞]
2024/10/2 15:03,dy,0,0,0.0,0,又是瞄准空地发射？[思考]
2024/10/2 15:04,dy,1,0,1.0,1,大国不下场，哪来的世界大战？
2024/10/2 15:04,dy,1,0,1.0,1,一个多没爆炸。看来媒体很差
2024/10/2 15:04,dy,0,0,0.0,0,估计印度也是这个想的[666][666][666]
2024/10/2 15:04,dy,1,0,0.0,1,M4-a1
2024/10/2 15:05,dy,0,0,0.0,0,听说大部分都被拦截，少量是地面拦截！地面拦截是怎么回事？兄弟们[捂脸]
2024/10/2 15:05,dy,1,0,1.0,1,要是有两颗核弹在里面就好了
2024/10/2 15:07,dy,0,1,0.0,-1,印度不背锅[捂脸][捂脸][捂脸]
2024/10/2 15:09,dy,0,0,0.0,0,制导用的哪家？
2024/10/2 15:09,dy,1,0,0.0,1,北斗是印度的？
2024/10/2 15:09,dy,0,0,0.0,0,文明即将来临
2024/10/2 15:10,dy,0,0,0.0,0,F22有俩翅膀，风筝也有俩翅膀[赞]
2024/10/2 15:11,dy,0,0,0.0,0,我想听31涅重生下半集
2024/10/2 15:11,dy,1,0,0.0,1,伊朗真是奇葩，告诉霉国等于告诉以色列
2024/10/2 15:12,dy,1,0,0.0,1,抖音不可信，夸大了
2024/10/2 15:13,dy,1,1,,1,小以]人死@N生致
2024/10/2 15:14,dy,0,0,0.0,0,16亿的味道真多
2024/10/2 15:15,dy,0,0,0.0,0,印度卖给巴基斯坦[泪奔]
2024/10/2 15:17,dy,0,0,0.0,0,各位大帅！今晚的怎么看？！几点开始围观？[暗中观察]
2024/10/2 15:18,dy,0,0,0.0,0,美自己打了多少年伊拉克和⒗，也]A啊[看]
2024/10/2 15:19,dy,0,0,0.0,0,以，都是钢铁侠[尬笑]
2024/10/2 15:20,dy,1,0,0.0,1,简直就是在胡扯。
2024/10/2 15:21,dy,0,0,0.0,0,写孙子兵法的孙子说打空地了
2024/10/2 15:22,dy,1,0,0.0,1,不吹不黑，谁掌握话语权谁胜！
2024/10/2 15:22,dy,0,0,0.0,0,你这个消息晚不说，而且淮确度不准
2024/10/2 15:23,dy,1,0,1.0,1,核武器也可以在中东流行一下
2024/10/2 15:23,dy,0,1,1.0,-1,开玩笑，两人受伤？你信不信？反正我是不信[呲牙]
2024/10/2 15:23,dy,0,0,0.0,0,就算是我出面也不好调解了[捂脸]
2024/10/2 15:24,dy,0,0,0.0,0,印度就是大国，牛
2024/10/2 15:24,dy,0,1,1.0,-1,没啥损失就不要报复了
2024/10/2 15:24,dy,0,0,0.0,0,打战的话，让我老婆去，她喜欢指挥
2024/10/2 15:25,dy,0,0,0.0,0,为什么印度
2024/10/2 15:25,dy,0,0,0.0,0,美国会下场吗？
2024/10/2 15:25,dy,0,0,0.0,0,点题动荡诱因！[赞]
2024/10/2 15:25,dy,1,1,,1,以色列都是神仙不会死的，只会受伤[捂脸]
2024/10/2 15:27,dy,0,0,0.0,0,一看就是白象支援的技术[看]
2024/10/2 15:27,dy,0,0,0.0,0,带上全氮阴离子盐可以提高一定精度[偷笑]
2024/10/2 15:29,dy,1,0,0.0,1,不可能
2024/10/2 15:29,dy,1,1,,1,英国小趴菜也来抢功
2024/10/2 15:30,dy,0,0,0.0,0,导弹壳砸死了一个[尬笑][尬笑][尬笑][尬笑][尬笑][尬笑][尬笑][尬笑][尬笑][尬笑][尬笑]
2024/10/2 15:30,dy,0,0,0.0,0,这么说吧 没有东风31AG的秀肌肉，伊朗敢打以色列吗
2024/10/2 15:30,dy,0,1,1.0,-1,哈梅内伊和内塔尼亚胡都不接我的电话了。[泣不成声]
2024/10/2 15:35,dy,1,0,1.0,1,就怕哪天给他发一个核导弹
2024/10/2 15:36,dy,1,0,1.0,1,洲际导弹他那铁穹拦不了的，全世界都知道，只是没想到真打了
2024/10/2 15:36,dy,1,0,1.0,1,这个也是领16E刀的一员？
2024/10/2 15:37,dy,0,0,0.0,0,[打脸][打脸][打脸]
2024/10/2 15:38,dy,0,0,0.0,0,捧杀[泪奔][泪奔][泪奔]啊哈哈哈
2024/10/2 15:39,dy,0,0,0.0,0,没加弹头吧[捂脸]
2024/10/2 15:41,dy,0,0,0.0,0,很多大殖子说只打到空地。如果是真的，这么多导弹全部精准都打到空地，那说明要么太准了，要么就是以色列太大了[呲牙]
2024/10/2 15:42,dy,0,0,0.0,0,200发导弹没造成人员死亡谁信[捂脸]
2024/10/2 15:43,dy,0,1,0.0,-1,真如此的话那还不如不打[捂脸][捂脸][捂脸]
2024/10/2 15:44,dy,1,0,1.0,1,难道演戏？
2024/10/2 15:45,dy,1,0,0.0,1,用印度导航，导弹都打在空地上
2024/10/2 15:45,dy,0,0,0.0,0,看了这么多小视频，就你这最靠谱
2024/10/2 15:47,dy,0,1,1.0,-1,印度怎么会有东风系列蛋蛋呢[捂脸][捂脸]
2024/10/2 15:48,dy,0,0,0.0,0,[赞][赞][赞][赞][赞]
2024/10/2 15:49,dy,0,0,0.0,0,有高人指点[赞]
2024/10/2 15:49,dy,1,0,1.0,1,你这信息是在胡说八道[弱]
2024/10/2 15:51,xhs,1,0,0.0,1,居然用美式步枪
2024/10/2 15:52,dy,1,0,1.0,1,还是怂
2024/10/2 15:53,dy,1,0,1.0,1,打仗虚虚实实的，这不是一般人懂的
2024/10/2 15:56,dy,0,0,0.0,0,会不会这导弹要过期了所以才发射的
2024/10/2 15:56,dy,1,0,1.0,1,导弹不给力
2024/10/2 15:57,dy,0,1,1.0,-1,司机也是这么说的，三年乌军死亡三万人。[捂脸][捂脸][捂脸]
2024/10/2 15:58,dy,1,0,1.0,1,以色列反恐精英
2024/10/2 15:59,dy,0,0,0.0,0,这个主播是美件，很清楚的导向
2024/10/2 15:59,dy,1,0,0.0,1,大熊猫是谁
2024/10/2 16:00,xhs,0,0,0.0,0,给你点赞[暗中观察R]
2024/10/2 16:00,dy,0,0,0.0,0,[赞]90牛逼
2024/10/2 16:00,dy,0,0,0.0,0,唉又是提前通知
2024/10/2 16:02,dy,0,0,0.0,0,发射导弹还要通知敌方，这是什么骚操作？
2024/10/2 16:03,dy,1,0,1.0,1,伙计，你的情报这么新，是因为你是蚁后吗？不去联合国屈才了[捂脸]
2024/10/2 16:04,dy,1,1,,1,直接对准自来水厂、发电厂、配电站、桥梁、医院打击
2024/10/2 16:05,dy,1,1,,1,波斯帝国的脸都被丢光了。 主要内奸太多了
2024/10/2 16:06,dy,1,0,1.0,1,伊朗只够胆打山区无人区
2024/10/2 16:06,dy,0,0,0.0,0,赞
2024/10/2 16:07,dy,0,0,0.0,0,事情这么严重 看样子我没有去调节的必要了[微笑]
2024/10/2 16:09,dy,0,0,0.0,0,事先告知，我做个样子给别人看看，希望你们能配合
2024/10/2 16:10,dy,0,0,0.0,0,3天前都通知美国
2024/10/2 16:11,dy,0,0,0.0,0,这是我们想看到的，中东越乱，我们越稳
2024/10/2 16:12,dy,0,0,0.0,0,多国是那几国？信谁的？
2024/10/2 16:13,dy,1,0,1.0,1,全世界洲际导弹发射经过别国领土都要向美国报备的
2024/10/2 16:14,dy,1,0,1.0,1,太密集了，反导系统忙不过来[捂脸]
2024/10/2 16:15,dy,0,0,0.0,0,这囗气，多亲美，多亲以啊
2024/10/2 16:16,dy,0,1,1.0,-1,[捂脸]也会来阴的[捂脸]
2024/10/2 16:19,dy,1,1,,1,先整点次品消耗一下铁穹 再发正货 [捂脸]
2024/10/2 16:20,dy,1,1,,1,以色列人炸不死的吗？
2024/10/2 16:21,dy,0,0,0.0,0,"：这题我会，我来，我来[看]
1：拦截了90%     2：炸的空地
3：速度慢            4：威力小
5：零伤亡            6：提前通知"
2024/10/2 16:22,dy,0,0,0.0,0,中东火药桶终于点燃[比心][比心][比心][比心][比心]
2024/10/2 16:24,dy,0,0,0.0,0,干
2024/10/2 16:24,dy,1,1,,1,太假了，我朋友在以色列那边，他说至少以色列死很多人[捂脸]
2024/10/2 16:26,dy,0,0,0.0,0,关键美国不带伊朗玩[捂脸]
2024/10/2 16:27,dy,0,1,0.0,-1,哪里的来的情报？不准
2024/10/2 16:28,dy,0,1,1.0,-1,这么炸没人死亡真的有点奇怪
2024/10/2 16:30,dy,0,0,0.0,0,确实伤害不大，继续加强全力打击力度，
2024/10/2 16:33,dy,0,0,0.0,0,伊朗也学会了:孙子兵法，你们看看这是……哪一计[捂脸]
2024/10/2 16:34,dy,0,0,0.0,0,又多一个加沙[看]
2024/10/2 16:36,dy,0,0,0.0,0,见证
2024/10/2 16:36,dy,0,0,0.0,0,我想去黎巴嫩开个半成品军工厂    有资金困难希望各大网友投资
2024/10/2 16:37,dy,0,0,0.0,0,积小胜变大胜
2024/10/2 16:38,dy,0,0,0.0,0,没事就好[赞]
2024/10/2 16:39,dy,1,0,1.0,1,掉下来的是二级燃料舱
2024/10/2 16:40,dy,0,0,0.0,0,印度卖给巴基斯坦[捂脸]
2024/10/2 16:41,wb,1,0,0.0,1,砖家以为导弹数量还不够
2024/10/2 16:43,dy,0,0,0.0,0,没通知中国？
2024/10/2 16:43,dy,0,1,1.0,-1,乌格莱达尔（佛洛达）已经完全被俄军攻克了。乌军在前线已经没有太多兵力了[坏笑][坏笑]
2024/10/2 16:44,dy,0,0,0.0,0,为什么不告诉中国？
2024/10/2 16:45,dy,0,0,0.0,0,听风都出来说了，你这乱说
2024/10/2 16:45,dy,0,0,0.0,0,这么贵的炮弹，没人伤亡，不用大家别打好吗
2024/10/2 16:48,dy,0,0,0.0,0,200导弹都是打的空地[捂脸]
2024/10/2 16:49,dy,0,0,0.0,0,没人死亡？前面刚刷到一个被导弹废铁砸死了[捂脸]
2024/10/2 16:51,dy,1,0,0.0,1,这个号有问题
2024/10/2 16:52,dy,0,0,0.0,0,要理解伊朗，国家实力在哪里摆着
2024/10/2 16:54,dy,0,0,0.0,0,伊朗[打脸][打脸]你能不能凶猛一点
2024/10/2 16:56,dy,0,0,0.0,0,事实证明 防守等于等死 攻击才是王道
2024/10/2 16:59,dy,0,0,0.0,0,[色]买什么基金稳
2024/10/2 17:02,dy,0,0,0.0,0,到底谁说的是真的
2024/10/2 17:05,dy,0,1,1.0,-1,这题我会 200枚导弹把埋了的天兵炸复活了2000
2024/10/2 17:06,dy,0,1,0.0,-1,卧槽！什么都是印度？印度招你惹你了？[捂脸][捂脸][捂脸]
2024/10/2 17:07,dy,0,0,0.0,0,这一炸，以色列的经济算是完了
2024/10/2 17:07,dy,0,0,0.0,0,钻地弹上[捂脸]
2024/10/2 17:12,dy,0,0,0.0,0,为啥要先通知美国
2024/10/2 17:13,wb,1,1,,1,什叶之弧的领导没人动加利利湖的想法么？学日本污染一下也行啊，都被炸成狗了还管别人死活
2024/10/2 17:15,wb,1,1,,1,犹太人的战斗力没胆子进山
2024/10/2 17:17,dy,0,0,0.0,0,失败了 那就再刷一遍
2024/10/2 17:18,dy,1,0,0.0,1,为啥跟视频里的不一样，那是拦截了90%？看看凤凰卫视跟央视里的视频，视频里那个楼是伊朗的吗？
2024/10/2 17:19,dy,0,0,0.0,0,按照以色列说的那样就太可惜了
2024/10/2 17:21,wb,0,0,0.0,0,攻防先比拼一波无人机
2024/10/2 17:22,wb,1,0,1.0,1,油头人的地面部队拉胯得一匹，不敢进山的。
2024/10/2 17:23,wb,1,0,1.0,1,拉一百万军队，不用打，以色列自己就完蛋了
2024/10/2 17:23,dy,1,0,1.0,1,[看]以色列全都用地板r截了！
2024/10/2 17:27,dy,1,0,0.0,1,弹道导弹都是高超音速武器，防空武器拦截机会比较小
2024/10/2 17:28,wb,0,0,0.0,0,以色列这么吊为什么加沙还没打下来？总不可能是以热爱和平吧
2024/10/2 17:31,wb,1,0,1.0,1,吹牛逼不缴税！
2024/10/2 17:33,wb,1,0,1.0,1,他们都是犹太财阀和美帝圈养的宠物！
2024/10/2 17:37,wb,0,0,0.0,0,财经博主？
2024/10/2 17:38,dy,0,0,0.0,0,[一起加油][一起加油]
2024/10/2 17:42,dy,0,0,0.0,0,如果只有少数，那伊朗发射的可不止 180 枚喽
2024/10/2 17:44,dy,0,1,0.0,-1,这导弹不要钱啊[捂脸][捂脸][捂脸]
2024/10/2 17:46,xhs,1,0,1.0,1,选川普就不打了？
2024/10/2 17:49,wb,1,1,,1,怀疑是反串，正常的傻子到不了这个程度
2024/10/2 17:49,dy,0,0,0.0,0,"关于祖国核心利益
祖国人民不介意排重装合成旅[赞][赞][赞]"
2024/10/2 17:51,dy,0,0,0.0,0,以：只准我打你的脸，不准你打我的脸
2024/10/2 17:51,dy,0,0,0.0,0,都高超音速弹道导弹了，还不知道命中率？了解一下高超音速的原理
2024/10/2 17:56,wb,1,0,1.0,1,说了半天，就是伊朗打了也白打？
2024/10/2 17:58,wb,1,0,1.0,1,这话差不多就是说以色列活该了
2024/10/2 17:59,dy,1,0,0.0,1,全部拦截了
2024/10/2 18:00,dy,1,1,,1,杀鸡还用宰牛的刀[抠鼻]
2024/10/2 18:00,dy,0,0,0.0,0,无人伤亡，楼房没倒，地面无燃烧
2024/10/2 18:03,dy,1,0,1.0,1,用剑圣盖聂的话说：所有人不得轻举妄动。我们正在清楚霸权主义。
2024/10/2 18:04,wb,0,0,0.0,0,鹰酱在越南战争期间吃尽苦头不会再贸然进入这种山沟沟里了
2024/10/2 18:06,dy,0,0,0.0,0,雷达都全军覆没了，导弹如雨下，拦截弹都没了[加鸡腿][加鸡腿][加鸡腿]
2024/10/2 18:07,dy,0,1,1.0,-1,没人死亡吗？刚刚刷到一个被导弹壳砸死的
2024/10/2 18:09,dy,0,0,0.0,0,报喜不报忧
2024/10/2 18:10,dy,0,1,1.0,-1,过家家的啊[捂脸][捂脸][捂脸][捂脸]
2024/10/2 18:15,dy,0,1,1.0,-1,我刷到美国直接跑了[捂脸][捂脸][捂脸]
2024/10/2 18:22,dy,0,0,0.0,0,不是没出兵嘛
2024/10/2 18:31,dy,0,0,0.0,0,下次伊朗打市区[赞][赞][赞]
2024/10/2 18:38,wb,0,0,0.0,0,就不提伊朗打击？会不会气坏了？
2024/10/2 18:39,dy,1,1,,1,本来打的就是军事目标，你告诉我平民怎么死？
2024/10/2 18:50,wb,1,1,,1,妈蛋，不到一千万人口还有一半是老人和孩子，其他都不用上班了吗？哪来那么多兵员？
2024/10/2 18:52,wb,0,0,0.0,0,要是考试这样答题算不算跑题了…
2024/10/2 18:54,dy,1,1,,1,这年头造导弹就行了，要枪干嘛[捂脸]
2024/10/2 18:56,dy,0,0,0.0,0,更正：400枚导弹
2024/10/2 19:00,dy,0,0,0.0,0,未来几天恐怕听不到黎巴嫩被轰炸的消息了。
2024/10/2 19:02,dy,1,0,1.0,1,意思就是可以搞事情，但是不可以扩大事情！美国不要想把手伸进我的势力范围！要不然我就让所有人听个响！
2024/10/2 19:06,dy,1,1,,1,以不把伊朗干掉算什么小霸王
2024/10/2 19:19,dy,0,0,0.0,0,袭击了寂寞是吗[捂脸]
2024/10/2 19:23,wb,1,0,1.0,1,必须回击
2024/10/2 19:25,dy,1,1,,1,以色列境内的外国媒体都被赶走了，里面是什么情况完全是以色列说了算！至于以色列说没啥损失，有眼睛的都能看到，导弹跟下雨一样打下来！[捂脸]
2024/10/2 19:33,dy,1,1,,1,伊朗太怂了，
2024/10/2 19:36,wb,0,0,0.0,0,不爱听
2024/10/2 19:40,wb,1,1,,1,再缩下去就要被团灭了
2024/10/2 19:46,dy,1,1,,1,真是怂货，摆明就是演戏，提前通知.打在空地。呵呵，以色列打伊朗的时候，咋不提前通知[鼓掌][鼓掌]
2024/10/2 19:59,dy,1,0,1.0,1,事先通知 打在空地 没装弹头！
2024/10/2 20:08,dy,0,0,0.0,0,打击了没有，快天亮了[酷拽]
2024/10/2 20:13,wb,0,0,0.0,0,美国作为最有影响力的大国，应该为缓和局势作出积极贡献，而不是一味的提供武器拱火，让战争持续升级
2024/10/2 20:17,dy,1,0,1.0,1,36计，连拖带拽啊
2024/10/2 20:27,dy,0,0,0.0,0,二百导弹没死人？
2024/10/2 20:32,wb,0,0,0.0,0,16亿到账了
2024/10/2 20:41,xhs,1,1,,1,fuck all the world[捂脸R]
2024/10/2 20:45,wb,0,0,0.0,0,我提醒一点，黎巴嫩的山区，冬季是可以冻死人的
2024/10/2 20:48,dy,0,0,0.0,0,ùtdddttddddddddtddtdddddddddtdddddddddddddddddddddddddddddddddddddddddddddddddddddddddtddddddddddddddddddddddddddddddd
2024/10/2 20:54,wb,1,1,,1,这么爱发朋友圈早晚吃蛋
2024/10/2 21:00,dy,0,1,0.0,-1,对方都没有造成任何伤害，你报复人家干嘛
2024/10/2 21:06,wb,1,0,1.0,1,真主党不代表黎巴嫩政府武装，黎巴嫩政府让出黎南地区，以色列畅通无阻进入黎南地区对真主党展开清剿，黎巴嫩人民欢呼庆祝以色列帮助除掉真主党恐怖分子。
2024/10/2 21:07,wb,0,0,0.0,0,为啥你的观点用是这么精准切中要害
2024/10/2 21:18,dy,0,0,0.0,0,一场游戏！
2024/10/2 21:21,dy,1,1,,1,当场就被以色列击中的导弹，掉下来砸死一个[舔屏]
2024/10/2 21:31,dy,1,0,1.0,1,听了听风的蚕评书，谁在说军事抖感觉没意思了。天天等着更新，要是不更新就一遍一遍的重复听[捂脸]
2024/10/2 21:34,dy,0,0,0.0,0,跟谁学的？
2024/10/2 21:41,dy,0,0,0.0,0,以色列是用嘴拦截的导弹！[赞]
2024/10/2 21:47,dy,0,0,0.0,0,双簧？
2024/10/2 21:52,dy,1,0,1.0,1,威力不大啊
2024/10/2 22:07,dy,0,0,0.0,0,[赞][赞][赞][鼓掌][鼓掌][鼓掌]
2024/10/2 22:10,dy,0,1,1.0,-1,两人受轻伤，无人死亡[尬笑][尬笑][尬笑]
2024/10/2 22:15,dy,0,0,0.0,0,百分百拦住了，没有把地球击穿
2024/10/2 22:26,dy,0,0,0.0,0,会使用上小蘑菇吗？
2024/10/2 22:27,dy,0,0,0.0,0,伟大的中华人民共和国万岁。
2024/10/2 22:28,dy,0,0,0.0,0,当我们眼瞎啊
2024/10/2 22:30,dy,0,0,0.0,0,拦截了就算了吧，大家都没事了，散了
2024/10/2 22:31,dy,0,0,0.0,0,印度这锅背的美滋滋
2024/10/2 22:49,dy,1,0,1.0,1,跟终结者似的接收不能伤人的命令了？
2024/10/2 22:53,xhs,1,0,1.0,1,伊朗就是表示一下。之前巴勒斯坦领导人在伊朗被暗杀，如果再不意思一下脸面往哪放啊。
2024/10/2 22:58,dy,1,0,0.0,1,这可能是试探敌人的火力跟布局
2024/10/2 23:00,dy,0,0,0.0,0,我怎么感觉不像这样简单
2024/10/2 23:01,dy,0,0,0.0,0,就伤亡一人，过家家
2024/10/2 23:03,dy,0,0,0.0,0,[微笑]
2024/10/2 23:08,dy,1,0,0.0,1,多国拦截都拦不住啊
2024/10/2 23:10,dy,0,0,0.0,0,三战开始了？
2024/10/2 23:22,dy,0,0,0.0,0,射了个寂寞[捂脸]
2024/10/2 23:23,dy,0,0,0.0,0,为啥告知美国俄罗斯呢
2024/10/2 23:24,dy,0,0,0.0,0,这种情况   股票还会涨吗。。。。。
2024/10/2 23:26,dy,0,0,0.0,0,美以为什么会提前知道有导弹袭击？那以色列是否已经提前转移重要目标？
2024/10/2 23:28,dy,1,0,0.0,1,都打在空地上
2024/10/2 23:32,dy,0,1,1.0,-1,伊朗太傻了，每次袭击之前都要通知，告诉美国[捂脸][捂脸][捂脸]
2024/10/2 23:35,dy,0,1,0.0,-1,两大军团的先头兵[捂脸][捂脸][捂脸]
2024/10/2 23:42,dy,1,0,0.0,1,关键时刻还得是白象
2024/10/2 23:42,dy,1,0,0.0,1,居然约旦帮以色列
2024/10/2 23:45,dy,1,0,1.0,1,高超音速导弹都要成地摊货了，怎么谁都有了
2024/10/2 23:47,dy,1,1,1.0,0,刷到听风的蚕刷视频后在刷到这个，[捂脸]
2024/10/2 23:52,dy,0,0,0.0,0,伊朗很聪明[呲牙][赞]先拔牙
2024/10/2 23:53,dy,0,1,1.0,-1,以色列人真搞笑，别人每次打过去的导弹都是打在空地[捂脸][捂脸]
2024/10/2 23:54,dy,0,0,0.0,0,兵不厌诈[鼓掌]
2024/10/2 23:57,dy,0,1,1.0,-1,以色列太嚣张吧[流泪][流泪]害了这么多人
2024/10/3 0:02,dy,0,1,0.0,-1,英国你的作用不大[捂脸][捂脸]
2024/10/3 0:04,dy,0,0,0.0,0,让我看看怎么个事儿[调皮]
2024/10/3 0:08,dy,1,1,,1,钦美主播[捂脸]
2024/10/3 0:14,dy,0,0,0.0,0,跟着主播学知识[鼓掌]
2024/10/3 0:15,dy,0,0,0.0,0,打个寂寞[捂脸]
2024/10/3 0:15,dy,0,0,0.0,0,伊朗撤侨了吗[泣不成声]
2024/10/3 0:19,dy,0,0,0.0,0,将近200枚导弹没死人？谁信呀[尬笑][看][看]
2024/10/3 0:23,dy,0,0,0.0,0,seihai～
2024/10/3 0:25,xhs,0,0,0.0,0,你有没有常识啊 这都不是现任vp
2024/10/3 0:27,dy,0,0,0.0,0,使劲买军工[比心]
2024/10/3 0:32,dy,1,1,,1,伊朗不会怂的，只是向国际表态！以色列肯定要报复，估计不会听美国劝，正中下怀！车轮战，反将  拖死美国，中东利益巨大，美国必将减少甚至放弃乌克兰，力挺以色列。耗死美国佬
2024/10/3 0:39,dy,1,1,,1,伊朗M步了，以前只l一小家伙炸美基地的T口！
2024/10/3 0:41,dy,0,0,0.0,0,伊朗确实没出兵，只是发射导弹
2024/10/3 0:42,dy,0,0,0.0,0,保护上[赞][赞][赞]
2024/10/3 0:44,xhs,1,0,1.0,1,开始吧，把以色列给灭了，别的不好说，如果都拉下水的话，日韩绝对首先被灭，老美大概率会解体
2024/10/3 0:45,dy,0,0,0.0,0,[赞][赞][赞][鼓掌][鼓掌][鼓掌][强壮][强壮][强壮][拳头][拳头][拳头]
2024/10/3 0:48,dy,0,0,0.0,0,不会然后水灵灵的偷偷发了，可以，现代版巴巴罗萨[赞]
2024/10/3 0:52,dy,0,0,0.0,0,命中率高达90[看]
2024/10/3 0:53,dy,0,0,0.0,0,[泪奔][泪奔]为什么要回合制呢？现在就把他的战斗机给弄了呀
2024/10/3 0:54,dy,0,0,0.0,0,为啥以色列发军事行动不报联合国，其它要报
2024/10/3 0:57,dy,1,0,1.0,1,这才是大哥
2024/10/3 0:59,dy,0,0,0.0,0,[玫瑰][玫瑰][玫瑰]
2024/10/3 1:00,dy,0,0,0.0,0,到这份上双方都不会停下的。对吐口水，对丢板砖同样也不会停下。
2024/10/3 1:02,dy,1,1,,1,赶紧下场
2024/10/3 1:02,dy,0,0,0.0,0,硬气！[赞][赞][赞]
2024/10/3 1:04,dy,0,0,0.0,0,[一起加油]
2024/10/3 1:07,dy,1,0,1.0,1,3战导火索[赞]
2024/10/3 1:08,dy,1,0,0.0,1,小以跟朗没有接壤的领土，报复估计就是互扔飞弹，不知道小以有没有这么远的导弹。地面部队进攻黎伊叙，才是重头戏，估计会陷泥潭，而后他美儿子下场。
2024/10/3 1:09,dy,0,0,0.0,0,中东必须团结起来啊！
2024/10/3 1:12,xhs,1,0,0.0,1,首先是以色列后面是整个西方，第一次中东战争没有英法空军把埃及空军干掉，以色列早完蛋了。其次就是美国借此机会入场中东，然后再说能源。。。最后世界大战打不起来的，都是利益，差不多就得了。你还当真呀。
2024/10/3 1:14,dy,0,0,0.0,0,加油
2024/10/3 1:17,dy,0,0,0.0,0,[鼓掌][鼓掌][鼓掌][鼓掌][赞]
2024/10/3 1:18,dy,0,0,0.0,0,都有核武器谁敢[捂脸]
2024/10/3 1:19,dy,0,0,0.0,0,真理只在导弹射程之内。
2024/10/3 1:20,dy,0,0,0.0,0,你是真亲美以啊
2024/10/3 1:21,dy,0,0,0.0,0,虚晃一枪？[黑脸]
2024/10/3 1:22,dy,0,0,0.0,0,S3赛季即将开始，大家还是再买点黄金保命
2024/10/3 1:24,dy,0,0,0.0,0,[赞][赞][赞][赞]
2024/10/3 1:25,dy,0,0,0.0,0,人家说不出兵没说不发导弹啊[尬笑]
2024/10/3 1:26,dy,0,0,0.0,0,都别吵吵，先听我讲两句！
2024/10/3 1:28,dy,1,0,1.0,1,这次硬了
2024/10/3 1:28,dy,1,0,0.0,1,大哥
2024/10/3 1:29,dy,0,0,0.0,0,以色列要拉美国下场
2024/10/3 1:30,dy,0,0,0.0,0,好怕怕[流泪][流泪][流泪]
2024/10/3 1:31,dy,0,1,0.0,-1,还战机蓄势待发[捂脸]我20年就看过那个视频  那是美国军备视频[捂脸]
2024/10/3 1:32,dy,1,1,,1,要弄要狠，否则惹火烧身
2024/10/3 1:34,dy,1,0,0.0,1,先打防御
2024/10/3 1:34,dy,1,0,0.0,1,打到这份上谁来调停都停不下来。除非一方认怂。
2024/10/3 1:36,dy,0,0,0.0,0,不要慌，加油[赞][赞][赞]
2024/10/3 1:37,dy,0,0,0.0,0,[赞][赞][赞][赞][赞][赞][赞][一起加油][一起加油][一起加油][一起加油][一起加油][一起加油][一起加油][一起加油][一起加油][一起加油][一起加油]
2024/10/3 1:38,dy,0,0,0.0,0,我个人对伊朗给予出帮助以外的一切支持[发怒]
2024/10/3 1:41,dy,0,1,1.0,-1,没死人不可能[偷笑]
2024/10/3 1:44,dy,1,0,0.0,1,如果告诉了，内塔尼亚胡还慌着跑地下室，发言还吓的发抖？？！！？
2024/10/3 1:47,dy,0,0,0.0,0,北斗[赞]
2024/10/3 1:48,dy,0,0,0.0,0,中东团结起来吧[赞]一起消除恶魔
2024/10/3 1:49,dy,0,0,0.0,0,干的好[赞]
2024/10/3 1:49,dy,0,1,1.0,-1,我感觉以色列会硬着怂，知道我意思吧[奸笑]
2024/10/3 1:51,dy,1,0,1.0,1,这就结束了，是不是等着再挨打，再反抗
2024/10/3 1:51,dy,0,0,0.0,0,打以色列的净水地方
2024/10/3 1:52,dy,1,1,,1,伊朗不讲武德，趁我们睡觉的时候打我
2024/10/3 1:53,xhs,1,0,1.0,1,双方敢所谓的惹对方，主要就是不接壤，能控制的住。要是接壤肯定不会这么打
2024/10/3 1:55,dy,0,0,0.0,0,到底哪个是真，哪个是假
2024/10/3 1:56,xhs,0,1,1.0,-1,趁机赶快收复台湾
2024/10/3 1:56,dy,0,0,0.0,0,事情发展到这一步，我控制不不住了
2024/10/3 1:58,dy,0,0,0.0,0,事情既然已经到了这种局面，就算我亲自出面事态也很难得到调解
2024/10/3 2:00,dy,0,0,0.0,0,下次我们的导弹前面和卫星连接起来要全程直播才行。
2024/10/3 2:01,dy,1,0,1.0,1,以色列的儿子美国什么时候下场啊，等不及了
2024/10/3 2:05,dy,1,0,1.0,1,为什么这些中东国家一言不合就敢打
2024/10/3 2:07,dy,0,0,0.0,0,事情发展到这个地步不知道我出面调解一下能不能缓和一下这紧张的局势
2024/10/3 2:14,dy,0,0,0.0,0,非要别人报复了才打？直接再打不行？回合制一个打一下了来？
2024/10/3 2:15,dy,0,0,0.0,0,别担心 我会出面来调节
2024/10/3 2:16,dy,0,0,0.0,0,明白了
2024/10/3 2:17,dy,0,0,0.0,0,升旗必须的[赞][赞][赞]，硬气！！！[比心][比心][比心]
2024/10/3 2:18,dy,0,0,0.0,0,[赞][赞][赞][赞][鼓掌][鼓掌]
2024/10/3 2:21,dy,0,0,0.0,0,我是山东人，目前存款2000多万一国家需要，我愿意全部捐出，用于国防事业，我还愿意投身一线，与那些挑拨战争的人战斗到底，此帖为证[拳头][拳头][拳头]
2024/10/3 2:23,dy,0,0,0.0,0,为什么都要有多少伤亡才叫成功打击，打击中军事基地，削弱军事力量不算成功吗
2024/10/3 2:25,dy,0,0,0.0,0,坚决支持正义杀邪恶[赞][赞][赞][赞][赞][赞][赞][赞][赞][拳头][拳头][拳头][拳头][拳头][拳头][拳头][拳头][胜利][胜利][胜利]
2024/10/3 2:26,dy,1,0,1.0,1,在不动手，将失去盟友信任！将被犹太人分食之！[看]
2024/10/3 2:27,dy,1,0,1.0,1,都在吹啥？伊朗发个导弹还通知对方。
2024/10/3 2:28,dy,0,0,0.0,0,以色列你再装逼  我让你飞起来！
2024/10/3 2:29,dy,1,1,,1,西方国家只能把他们打趴下才认怂，否则没有一点怜悯之心
2024/10/3 2:31,dy,0,0,0.0,0,还是那句话，得道者多助，失道者寡助
2024/10/3 2:33,dy,0,1,1.0,-1,以色列将很快报复伊朗[捂脸][捂脸]
2024/10/3 2:34,dy,0,0,0.0,0,真卡
2024/10/3 2:34,dy,0,0,0.0,0,为什么不提前通知兔子
2024/10/3 2:35,dy,0,0,0.0,0,要么不打，要么把敌人打趴下，不然等敌人缓过来又得挨打
2024/10/3 2:37,dy,0,0,0.0,0,已做好准备[悠闲]
2024/10/3 2:39,dy,0,1,1.0,-1,中东一哥出手了[泣不成声]
2024/10/3 2:39,dy,0,0,0.0,0,阿拉伯国家再不团结起来，就会被小蚁蚕食！最后逐个击破！
2024/10/3 2:41,dy,0,0,0.0,0,真的假的哈100
2024/10/3 2:41,dy,0,0,0.0,0,大家不要担心，关键时刻我会出手
2024/10/3 2:42,dy,0,0,0.0,0,大哥利害[比心][比心][比心][赞][赞]
2024/10/3 2:43,dy,0,0,0.0,0,留给伊朗的时间不多了
2024/10/3 2:44,dy,0,0,0.0,0,[舔屏][舔屏][舔屏]
2024/10/3 2:44,dy,0,0,0.0,0,希望他言而有信[比心]
2024/10/3 2:45,dy,0,0,0.0,0,点赞
2024/10/3 2:48,dy,0,0,0.0,0,支持支持支持
2024/10/3 2:48,xhs,0,0,0.0,0,没龙哥啥事，为博关注也别乱扯！[偷笑R]
2024/10/3 2:50,dy,0,0,0.0,0,抄底石油的机会来了[看]
2024/10/3 2:51,dy,0,1,0.0,-1,[捂脸][捂脸][捂脸]
2024/10/3 2:51,dy,0,0,0.0,0,咱们满程洲际导弹试射的含金量还在提高
2024/10/3 2:53,dy,0,0,0.0,0,F35有20多架都被轰没了
2024/10/3 2:53,dy,0,0,0.0,0,支持伊朗万岁万岁万万岁
2024/10/3 2:54,dy,0,0,0.0,0,s3前言
2024/10/3 2:55,dy,1,1,,1,让你美国发战争财，你本土迟早会被打
2024/10/3 2:56,xhs,1,0,0.0,1,以色列所谓的军事实力根本就不重要，重要的是中东土豪根本就不会打仗，当年朝鲜战场志愿军和美国差距那么大，一样锤他们，中东以色列格局是被阿拉伯国家包围的，这种态势放在东亚，以色列早就被挫骨扬灰了
2024/10/3 2:57,wb,0,0,0.0,0,打就对了。
2024/10/3 2:58,dy,1,0,1.0,1,打蛇不死 自遗其害！我吃亏了还能活吗？中东必然会燃起熊熊大火
2024/10/3 3:00,dy,0,0,0.0,0,国内打仗我们还用还贷款吗
2024/10/3 3:01,dy,0,1,1.0,-1,事情发展成这样       就算我出面估计也调解不了
2024/10/3 3:01,dy,0,0,0.0,0,[赞][赞][赞][赞][赞][赞][赞][赞][赞][赞][赞][赞][赞][赞][赞][赞][赞][赞][赞][赞][赞][赞][赞][赞][赞][赞][赞][赞][赞][赞]
2024/10/3 3:02,dy,0,0,0.0,0,明教教主
2024/10/3 3:05,dy,0,0,0.0,0,讲到做到才是硬道理
2024/10/3 3:06,dy,0,0,0.0,0,我决定去一趟伊朗
2024/10/3 3:07,dy,0,0,0.0,0,要的就是美国下场
2024/10/3 3:09,dy,1,0,0.0,1,美国被胡塞盯着呢，
2024/10/3 3:10,dy,1,0,1.0,1,毁灭吧[泪奔]
2024/10/3 3:11,dy,0,0,0.0,0,有点意思哈，看来我有必要亲自出面调解一下了
2024/10/3 3:11,dy,0,0,0.0,0,这才是文明的发声
2024/10/3 3:11,dy,0,0,0.0,0,有需要我指挥百姓的话，我愿意当云南省省长[赞][赞]
2024/10/3 3:12,dy,0,0,0.0,0,这事情已经到了就算我出面都无法挽回的地步了[酷拽]
2024/10/3 3:12,dy,0,0,0.0,0,干就对了[赞][赞]
2024/10/3 3:14,dy,0,0,0.0,0,通知了美国都不通知我，哼
2024/10/3 3:14,dy,0,0,0.0,0,没办法了[绿帽子]看来我不出面调解是不行了[绿帽子]等我消息
2024/10/3 3:15,dy,0,1,0.0,-1,确实没出兵[捂脸][捂脸]
2024/10/3 3:16,xhs,0,0,0.0,0,核战之下没有赢家，只要不使用核武器中国全球第一。
2024/10/3 3:17,dy,1,0,1.0,1,先出手为强，既然都打了就往死里打
2024/10/3 3:19,dy,0,0,0.0,0,国家不出面调解 哪我也不必出面调解
2024/10/3 3:19,dy,0,0,0.0,0,我就在山里住了几天出来就惹这么大的事？看来又得我去出面调解了，2周内解决[比心]
2024/10/3 3:20,dy,0,0,0.0,0,导弹全部落在了空地上
2024/10/3 3:21,dy,0,0,0.0,0,我去，不灭他们，自己找苦吃，一次性搞定，不然麻烦在后面
2024/10/3 3:21,dy,0,0,0.0,0,[鼓掌][鼓掌][鼓掌][赞][赞][赞]
2024/10/3 3:22,dy,0,0,0.0,0,他们是啥时候开始打起的感觉好久了怎么还在打[发呆]谁先发起的[发呆]
2024/10/3 3:23,dy,0,0,0.0,0,200煤导弹无人伤亡[捂脸]
2024/10/3 3:23,dy,1,0,1.0,1,孙笑川发的导弹
2024/10/3 3:24,dy,0,0,0.0,0,要不让核弹多一个计量单位[看]
2024/10/3 3:24,dy,1,1,,1,只要动到了我们的家人，那它就遭老罪了[看]
2024/10/3 3:25,dy,1,0,0.0,1,事情发展到这一步，就算是我出面也没办法调解了。只能让朴国昌来，可能大家不知道朴国昌是谁，其实我也不知道，这人就我瞎编的
2024/10/3 3:25,dy,1,1,,1,内部奸细不彻底查查，筛子越来越大。
2024/10/3 3:26,dy,1,1,,1,老美要是敢打，以前被他们搞过的会疯狂报复所以说不用担心老美现在焦头烂额
2024/10/3 3:28,dy,0,0,0.0,0,我想个办法
2024/10/3 3:29,dy,0,0,0.0,0,[感谢][感谢][感谢]
2024/10/3 3:32,dy,0,0,0.0,0,今晚上才行动，伊朗现在就给它来一梭子
2024/10/3 3:34,dy,0,0,0.0,0,来咯来咯 世界三战前兆来咯 打着打着大国又开始打了
2024/10/3 3:37,dy,0,0,0.0,0,伊朗大哥！，霸气[赞][赞][赞]
2024/10/3 3:37,dy,1,0,0.0,1,好可怕啊 伊朗真厉害，到现在也不知道打到了什么重要设施
2024/10/3 3:39,dy,0,0,0.0,0,干就是了[赞]
2024/10/3 3:39,dy,0,0,0.0,0,S3各位[看]
2024/10/3 3:40,dy,0,0,0.0,0,真的吗？？？[震惊][震惊][震惊]
2024/10/3 3:40,dy,0,0,0.0,0,如有需要，我愿意立即接管南韩省[比心]
2024/10/3 3:43,dy,0,0,0.0,0,伊朗好样的[赞]
2024/10/3 3:43,dy,0,0,0.0,0,几百个导弹，都没一人死亡，打个寂寞
2024/10/3 3:44,dy,0,0,0.0,0,我等着
2024/10/3 3:45,dy,0,0,0.0,0,火力密集度够的话防空系统再厉害也不可能全部拦截的[看]
2024/10/3 3:45,dy,1,1,,1,我就说了打不准。炸的都空地多。还是有内鬼多
2024/10/3 3:46,wb,1,0,1.0,1,“提前通知了俄罗斯”，23年10月至今哈马斯、胡塞、真主党对以色列的恐袭和伊朗对以色列的报复，都是俄罗斯晋呆唆使的，打败晋呆中东就会归于平静。
2024/10/3 3:47,dy,0,1,1.0,-1,还指望欧美[捂脸][捂脸][捂脸]……等着吧……
2024/10/3 3:48,dy,0,1,1.0,-1,印度人有高兴的在骂人了[捂脸][捂脸]
2024/10/3 3:48,dy,0,1,1.0,-1,闷声赚大钱老坏了，不过我喜欢[九转大肠][快哭了]
2024/10/3 3:48,dy,0,0,0.0,0,伊朗可比伊拉克还难打
2024/10/3 3:49,dy,0,0,0.0,0,国家如有需要，我愿站出来当安徽省长
2024/10/3 3:51,dy,0,0,0.0,0,如果需要我的话 直言不讳。不用省长，黔西南州长就行，我当日就能上任就职[赞]
2024/10/3 3:52,dy,0,0,0.0,0,万弹齐发准备就绪[赞][赞][赞][赞][赞]
2024/10/3 3:53,dy,0,0,0.0,0,发生什么事了？
2024/10/3 3:54,dy,0,0,0.0,0,打个仗都提前官宣[捂脸]
2024/10/3 3:54,dy,0,1,1.0,-1,这个以色列怎么又惹一个国家了，再这样下去，第三次世界大战都要被他们搞出来[捂脸][捂脸][捂脸][捂脸]
2024/10/3 3:55,dy,1,1,,1,可惜小以没那实力
2024/10/3 3:56,dy,1,0,1.0,1,待敌动，而后发制人
2024/10/3 3:58,dy,0,0,0.0,0,打中战机的话，战机是没有油不燃烧吗？打中后没有任何的燃烧火光迹象？？？
2024/10/3 3:58,dy,0,0,0.0,0,管家，你去安排说明一下[抠鼻]
2024/10/3 3:59,dy,0,0,0.0,0,这次个人代表我自己愿意捐赠伊朗。
2024/10/3 4:00,dy,0,0,0.0,0,只要没有全部被拦截证明伊朗的导弹还能用，
2024/10/3 4:00,dy,0,0,0.0,0,大美国丽你以色列老子让人炸了，你么办了[呲牙][呲牙]
2024/10/3 4:00,dy,0,0,0.0,0,正义必胜、阿拉伯人民必胜
2024/10/3 4:02,dy,1,0,1.0,1,真猛
2024/10/3 4:03,dy,0,0,0.0,0,既然这样，那我就做岛主吧[流泪]
2024/10/3 4:03,dy,0,0,0.0,0,挺你[赞][赞][赞][赞]
2024/10/3 4:03,dy,0,0,0.0,0,东风41发射的是时候
2024/10/3 4:05,dy,1,1,,1,以中东小霸王那性格，光言语威胁是没用的
2024/10/3 4:05,dy,0,0,0.0,0,这种程度，现在我出面可能也不好搞啊[九转大肠]
2024/10/3 4:06,dy,0,0,0.0,0,硬！很硬！非常硬！
2024/10/3 4:07,dy,0,0,0.0,0,我做汕头市市长
2024/10/3 4:07,dy,0,0,0.0,0,不怕我们有吴京
2024/10/3 4:08,dy,0,0,0.0,0,直接斩首分分钟结束
2024/10/3 4:09,dy,0,0,0.0,0,事态升级到如此地步，那怕是我也无法让双方握手言和了[流泪]
2024/10/3 4:10,dy,0,1,1.0,-1,掐指一算，伊朗过两天就的变天了
2024/10/3 4:10,dy,0,0,0.0,0,支持，完全摧毁以色列，干掉内塔尼亚胡和加兰特。[一起加油]
2024/10/3 4:11,dy,0,0,0.0,0,小以虽说有钱，但伊朗也不穷，何况小胡在打援
2024/10/3 4:11,dy,0,0,0.0,0,这和加沙比较就是轻微损失，伊朗诸国应该努力把以色列变成加沙
2024/10/3 4:12,dy,1,1,,1,以色列那么牛，禁止联合国入境，[捂脸]
2024/10/3 4:13,dy,0,0,0.0,0,狭长地带，不拖泥带水[赞][666][抱抱你]！
2024/10/3 4:14,dy,0,1,1.0,-1,事情闹到这地步了 就算是我亲自出面也解决不了
2024/10/3 4:15,dy,0,0,0.0,0,若有战，我自愿担任云南省省长，自愿组建滇军重现以往日辉煌
2024/10/3 4:15,dy,1,0,1.0,1,如果以色列报复之后伊朗还敢还手，那就是全面战争了
2024/10/3 4:16,dy,0,0,0.0,0,屁股大个国家还真以为没人敢动它[赞][赞]
2024/10/3 4:16,dy,1,0,1.0,1,不懂就要问，伊朗到底有没有核弹
2024/10/3 4:16,dy,0,1,1.0,-1,让雨姐扔捆粉条就老实了
2024/10/3 4:17,dy,0,1,1.0,-1,事情发展到这一步，就算我亲自出门也不好调解了[害羞]
2024/10/3 4:18,dy,0,0,0.0,0,美国一旦下场，美国地位直接崩盘。太多小弟想看它落幕。
2024/10/3 4:19,dy,0,0,0.0,0,为什么以色列这么装啊，就那么相信美弟？
2024/10/3 4:19,dy,0,0,0.0,0,按照目前这个发展趋势，现在就算是我出手，恐怕也没办法阻止他们了
2024/10/3 4:19,dy,1,0,1.0,1,导火索
2024/10/3 4:19,dy,0,0,0.0,0,感觉以色列会被围殴
2024/10/3 4:20,dy,1,1,,1,快打，我房贷还有很多
2024/10/3 4:20,dy,0,0,0.0,0,[送心]
2024/10/3 4:21,dy,0,0,0.0,0,帝师要出手
2024/10/3 4:22,dy,0,0,0.0,0,还是我这里安全
2024/10/3 4:23,dy,0,0,0.0,0,伊朗是怎么做到每次都打空地的这么准[捂脸]
2024/10/3 4:23,dy,0,0,0.0,0,如果要发生战争请最后进场啊
2024/10/3 4:23,dy,0,0,0.0,0,战争太残酷了
2024/10/3 4:24,dy,1,0,1.0,1,那就先下手为强 先把以色列干趴下
2024/10/3 4:24,dy,0,0,0.0,0,但凡跟我打个电话  剧情也不会变成这样
2024/10/3 4:24,dy,1,0,1.0,1,直接打伊朗核设施，不过可能性很小
2024/10/3 4:25,dy,0,0,0.0,0,三只羊会出手把槽头肉做成罐头支援他们
2024/10/3 4:26,dy,0,0,0.0,0,砸都砸死一个了   [捂脸]
2024/10/3 4:26,dy,1,0,1.0,1,关键时刻将军会出手
2024/10/3 4:27,dy,1,0,1.0,1,伊朗后面两个大哥，小以子敢还击嘛，9.25的导弹他不知道威力？
2024/10/3 4:27,dy,0,0,0.0,0,看来让我出面协调也不好使了
2024/10/3 4:28,dy,0,0,0.0,0,我会出手[看]
2024/10/3 4:29,dy,0,0,0.0,0,若有战召必回，我愿担任中国石化董事长
2024/10/3 4:30,dy,0,0,0.0,0,别急，还没到我出手的地步
2024/10/3 4:31,dy,0,0,0.0,0,报复了没现在，这会不是深夜了那边
2024/10/3 4:31,dy,0,0,0.0,0,若有战，我自愿担任男同胞总司令一职，自愿带领男同胞重现男人辉煌！
2024/10/3 4:32,dy,0,0,0.0,0,这种情况 恐怕我出面都调节不了了
2024/10/3 4:32,dy,1,0,1.0,1,约旦哪头的
2024/10/3 4:33,dy,0,0,0.0,0,说真的，到这种地步了就算我出面也不一定好使
2024/10/3 4:34,dy,0,0,0.0,0,若有战，我自愿担任河南省省长
2024/10/3 4:35,dy,0,0,0.0,0,能不能坐下来聊聊
2024/10/3 4:35,dy,0,0,0.0,0,在抽了，都别急[酷拽]
2024/10/3 4:36,dy,1,0,1.0,1,以色列不敢用核武
2024/10/3 4:36,dy,0,0,0.0,0,到了这个局面，我去调解也没用了
2024/10/3 4:37,dy,0,0,0.0,0,好吧，只能我出手了
2024/10/3 4:37,dy,0,0,0.0,0,打吧，我也解决不了
2024/10/3 4:38,dy,0,0,0.0,0,没办法了，我劝不动了。
2024/10/3 4:39,dy,0,1,0.0,-1,事情发展到这个地步，就算我再出面调和也不好办了
2024/10/3 4:39,dy,0,1,0.0,-1,说实话，事情发展到现在，就算我亲自出面也调解不了
2024/10/3 4:40,dy,0,0,0.0,0,市局不放常成虎，我局不放郑西坡[发怒][发怒][发怒]
2024/10/3 4:41,dy,0,1,0.0,-1,你们再这样我真的生气了
2024/10/3 4:41,dy,0,0,0.0,0,明天看抖音吧
2024/10/3 4:42,dy,0,1,1.0,-1,让东北雨姐一个国家给他们送几捆木薯粉条这事不就解决了
2024/10/3 4:44,dy,0,0,0.0,0,去车保帅，它不敢下场
2024/10/3 4:45,dy,1,1,,1,伊朗绝对能爆揍以色列
2024/10/3 4:45,dy,0,0,0.0,0,若有战，我自愿当江浙直隶总督，节制四省[看]
2024/10/3 4:46,dy,0,0,0.0,0,事情都闹成这种局面的我很难调解啊
2024/10/3 4:46,dy,0,0,0.0,0,11年老兵，申请出战！
2024/10/3 4:47,dy,1,0,1.0,1,怎么哪打仗都有老美
2024/10/3 4:48,dy,0,1,0.0,-1,以色列目中无人，自己没想到防不住伊朗的攻击
2024/10/3 4:49,dy,0,0,0.0,0,[鼓掌][鼓掌][鼓掌][赞][赞][赞][赞][赞]
2024/10/3 4:49,dy,0,0,0.0,0,忙乎半天，三人受伤，还包括一个巴勒斯坦人[捂脸]
2024/10/3 4:50,dy,0,0,0.0,0,若有战，我自愿担任广东省深圳市长
2024/10/3 4:50,dy,0,0,0.0,0,不要担心，明天我出面看能不能调解一下
2024/10/3 4:51,dy,0,0,0.0,0,我想看德国怎么表态
2024/10/3 4:52,dy,0,0,0.0,0,干就完了[拳头][拳头]
2024/10/3 4:54,dy,0,0,0.0,0,我幻神200杀[听歌]
2024/10/3 4:56,dy,0,0,0.0,0,我信
2024/10/3 4:56,dy,0,0,0.0,0,咋啦，要干架了啊
2024/10/3 4:57,dy,0,0,0.0,0,国家有难，我愿意把我的房贷捐出去
2024/10/3 4:58,dy,0,0,0.0,0,联合国都不管那我也不管了
2024/10/3 4:58,dy,0,0,0.0,0,不怕 第三次世界大战爆发
2024/10/3 4:58,dy,1,0,0.0,1,以色列最多打击军事基地和发电站
2024/10/3 4:59,dy,0,0,0.0,0,那我委屈一点，做个苏州市市长，为国家做贡献[大金牙]
2024/10/3 4:59,dy,0,0,0.0,0,伤其十指不如断其一指 一次打怕
2024/10/3 5:00,dy,0,0,0.0,0,这下就算我亲自出面也不好调解了
2024/10/3 5:01,dy,0,0,0.0,0,事到如今，先吃饭吧
2024/10/3 5:02,dy,0,0,0.0,0,[赞][赞][赞][赞][赞][赞][赞][赞][赞][赞][赞][赞][赞][赞][赞][赞][赞]
2024/10/3 5:03,dy,1,0,1.0,1,帝师能调停
2024/10/3 5:03,dy,1,0,0.0,1,没有帝师，啥都白扯[酷拽]
2024/10/3 5:05,dy,0,0,0.0,0,我有一个朋友 能解决这场战争
2024/10/3 5:06,dy,0,0,0.0,0,"帝师会叫龙来
六：龙龙龙"
2024/10/3 5:07,dy,0,0,0.0,0,军人[赞]的使命有担当有血性[抱拳][抱拳][抱拳]
2024/10/3 5:08,dy,0,0,0.0,0,若有站守机场
2024/10/3 5:09,dy,0,0,0.0,0,事情到这个地步，就算我出面 也很难办了。
2024/10/3 5:10,dy,0,0,0.0,0,帝师有一个朋友在白宫
2024/10/3 5:11,dy,0,0,0.0,0,让我看看怎么个回事
2024/10/3 5:13,dy,1,1,,1,即将开始大规模人口洗牌程序
2024/10/3 5:15,dy,1,1,,1,美帝就此跌落神坛，还是续写荣光就看这一下了[抠鼻]
2024/10/3 5:16,dy,1,0,1.0,1,铁穹变铁穷
2024/10/3 5:16,dy,0,0,0.0,0,实在不行，我去说说[微笑]
2024/10/3 5:17,dy,0,0,0.0,0,消息以色列为世界人民出口气！[感谢]
2024/10/3 5:18,dy,0,0,0.0,0,五常入关 武装调停[看]
2024/10/3 5:18,dy,0,0,0.0,0,若有战，我愿担任广东省省长
2024/10/3 5:20,dy,0,0,0.0,0,不会要三战了吧[微笑][OK] 我刚开启幸福生活[微笑]
2024/10/3 5:20,dy,0,0,0.0,0,估计快被定点清楚了
2024/10/3 5:22,dy,1,0,0.0,1,帝师能拦截洲际弹道导弹
2024/10/3 5:24,dy,0,0,0.0,0,全体都有  起立  敬礼！！！
2024/10/3 5:26,dy,0,0,0.0,0,乱套了，忙完这两天我过去趟…[晕][晕]
2024/10/3 5:26,dy,1,0,0.0,1,不会
2024/10/3 5:28,dy,1,1,,1,就伊朗那点玩意还跟以色列掰手腕？
2024/10/3 5:31,dy,0,0,0.0,0,如果打起来我申请先投一颗核弹给小日子
2024/10/3 5:31,dy,0,0,0.0,0,我四川人在浙江打工，若有战争，我愿意担任浙江省长
2024/10/3 5:32,dy,0,1,1.0,-1,把于谦的衣服拿过去 能平事[看]
2024/10/3 5:34,dy,0,0,0.0,0,伊朗[鼓掌][鼓掌][鼓掌]
2024/10/3 5:35,dy,0,0,0.0,0,若有站 我愿担任江西省省长
2024/10/3 5:36,dy,1,0,1.0,1,如果伊朗和小以干起来，龙国应该怎么做可以利益最大化。
2024/10/3 5:36,dy,1,1,,1,那些信鬼神的，能不能让鬼去参与战争
2024/10/3 5:37,dy,0,0,0.0,0,伊朗：黑子说话！！！
2024/10/3 5:39,dy,0,0,0.0,0,支持伊朗[赞][赞][赞][赞][赞][赞]
2024/10/3 5:40,dy,0,0,0.0,0,快去请龙王下山[咒骂]
2024/10/3 5:41,dy,0,0,0.0,0,[赞][赞]
2024/10/3 5:43,dy,0,0,0.0,0,哦，看来s3赛季，有机会用上小罐罐
2024/10/3 5:43,dy,1,1,,1,美帝快咬钩了[捂脸]
2024/10/3 5:44,dy,1,0,1.0,1,帝师
2024/10/3 5:45,dy,0,0,0.0,0,[赞][鼓掌]
2024/10/3 5:45,dy,0,1,1.0,-1,事情发展到这种程度 就算是我亲自下场也调解不了
2024/10/3 5:46,dy,1,0,1.0,1,埃及吧打不打
2024/10/3 5:46,dy,0,0,0.0,0,近两百发导弹以色列毫发无损居然有人信，也是没谁了，除非伊朗全部发射失败，哪怕高空掉落几坨泥巴都能砸死活物。[泪奔][泪奔][泪奔]
2024/10/3 5:47,wb,0,0,0.0,0,转发微博
2024/10/3 5:48,dy,0,0,0.0,0,拦截了90%？[捂脸]光从视频看落下来的就不止十几个！那岂不是说发射了几千枚？
2024/10/3 5:50,dy,0,0,0.0,0,哦吼，如果有下一次，就打基础设施了[泪奔]
2024/10/3 5:50,dy,0,0,0.0,0,若有战我愿意免费出任浙江省省长[看]
2024/10/3 5:50,dy,0,0,0.0,0,再来个黄金年代？
2024/10/3 5:51,dy,0,0,0.0,0,[尬笑][尬笑]不给钱 美国不会帮他的 割地给款才是战争条件
2024/10/3 5:52,dy,0,0,0.0,0,你们闹的这么大，我也有点难办啊
2024/10/3 5:53,dy,0,0,0.0,0,伊朗不是有核弹吗
2024/10/3 5:54,dy,0,0,0.0,0,唉这种情况，看来得我出面调解了
2024/10/3 5:55,dy,0,0,0.0,0,圣经给足了以色列底气，虽然大概率是犹太人编的，但是大多数人信了
2024/10/3 5:55,dy,1,0,1.0,1,明年，停战协议就失效了，今年要是解决不了，明年怕不是真要闹狠啊[捂脸]
2024/10/3 5:56,dy,1,0,0.0,1,以色列实在是嚣张
2024/10/3 5:56,dy,1,0,0.0,1,以色列怎么谁都打啊[呆无辜] 打完巴勒斯坦打黎巴嫩又打伊朗
2024/10/3 5:57,dy,0,0,0.0,0,让帝师上[OK]当年他直播我就看他最牛逼[赞]
2024/10/3 5:58,dy,0,0,0.0,0,我得赶紧去广东一区 生化频道1  房间2练练手先
2024/10/3 5:59,dy,0,0,0.0,0,世界大战快快开启吧，快点发生战争[加鸡腿][加鸡腿][加鸡腿]
2024/10/3 5:59,dy,0,0,0.0,0,就半个月没看军事，居然来了个这么牛的猛料
2024/10/3 6:00,dy,0,1,1.0,-1,干，我喜欢看[呲牙]
2024/10/3 6:02,dy,1,0,1.0,1,出来混迟早要还得，
2024/10/3 6:04,dy,0,0,0.0,0,落后就要挨打
2024/10/3 6:05,dy,0,1,1.0,-1,事已至此，哪怕是我出面也没办法了
2024/10/3 6:53,wb,0,1,1.0,-1,敢战方能止战，面对凶残的敌人，投降只有死路一条
2024/10/3 7:27,wb,1,0,1.0,1,这唱的是神棍歌吧，
2024/10/3 8:21,wb,0,0,0.0,0,1450，大侄子们快来洗啊， 威武
2024/10/3 8:33,wb,1,1,,1,伊朗的攻击恐怕具有政治目的的军事手段报复
2024/10/3 8:50,wb,0,0,0.0,0,分析到位。
2024/10/3 9:40,wb,0,0,0.0,0,关注
2024/10/3 10:06,wb,1,0,1.0,1,吹的这么无敌的铁穹呢？救一下啊。
2024/10/3 10:21,wb,1,1,,1,这不掩耳盗铃？
2024/10/3 10:31,wb,0,0,0.0,0,央视有播“新闻”时的画面。只要稍微认真看的就能看出来，退场的是四五个官员和包着头巾的助理类人员。
2024/10/3 10:55,wb,1,0,1.0,1,已举反美反以的旗帜
2024/10/3 10:57,wb,1,0,1.0,1,我管不了我爹
2024/10/3 10:58,wb,0,0,0.0,0,稀宗：狗主的决定，就是最正确的决定。。
2024/10/3 11:18,wb,1,1,,1,那么俄罗斯在联大讲话的时候，捂着耳朵逃跑的大妈和泼妇们又是谁呢？
2024/10/3 11:21,wb,0,0,0.0,0,伊朗硬起来
2024/10/3 11:22,wb,0,0,0.0,0,躲什么，这么多流星还不赶紧合影
2024/10/3 11:28,wb,1,0,1.0,1,他们真的把自己当成了上帝的选民，认为是上帝有“契约”的特殊存在了。必须让他们狗啃泥认清现实，不然真的是成为人类之癌了。
2024/10/3 11:34,wb,0,0,0.0,0,是的
2024/10/3 11:38,wb,1,1,,1,猖狂了
2024/10/3 11:40,wb,1,1,,1,犹太国真是骗子强盗杀人犯，虚伪无耻色厉内荏
2024/10/3 11:43,wb,1,0,1.0,1,秘书长能不能禁止以色列人员进入联合国总部？
2024/10/3 11:49,wb,0,0,0.0,0,说实话，事情发展到这个地步，就算我亲自出面，也不太好调解了
2024/10/3 11:50,wb,1,0,1.0,1,假数字云？？？国际上免费民间卫星图像提供商只有谷歌吧
2024/10/3 11:51,wb,1,1,,1,以色列和霉国如果不受控地屠害中东生灵，那么全世界都完全可以更不受控地对霉以进行强烈报复
2024/10/3 11:57,wb,1,0,1.0,1,这群大鼠标
2024/10/3 11:59,wb,0,0,0.0,0,希望不要挟持平民
2024/10/3 12:01,wb,0,0,0.0,0,中国卫星拍一下呗
2024/10/3 12:03,wb,1,0,1.0,1,以色列是美国的老爹，美国都要听犹太人指挥
2024/10/3 12:05,wb,0,0,0.0,0,赞同
2024/10/3 12:06,wb,0,1,1.0,-1,市民一定要小心，小心摩萨德把你们统统炸掉啊
2024/10/3 12:07,wb,1,1,,1,你不知道就是美国花钱顾的水军嘛
2024/10/3 12:09,wb,0,0,0.0,0,学习
2024/10/3 12:10,wb,0,0,0.0,0,掩耳盗铃、自欺欺人，只要对手有心，搞到比较清晰的卫星照片并非难事。
2024/10/3 12:14,wb,0,0,0.0,0,袭击前为何通知美国？特么的啥操作啊？年轻时
2024/10/3 12:16,wb,1,0,1.0,1,一个成语非常贴切：欲盖弥彰
2024/10/3 12:23,wb,0,0,0.0,0,什么意思啊
2024/10/3 12:26,wb,1,0,0.0,1,开的是炸药库
2024/10/3 12:32,wb,0,0,0.0,0,甲辰冲甲戌、木为向上的粗大的、辰为化工、戌为枪支弹药、导弹升级了
2024/10/3 12:33,wb,0,0,0.0,0,你比以色列还着急哟！以色列还会讲道理吗？
2024/10/3 12:34,wb,0,0,0.0,0,越这样越说明被揍的很惨
2024/10/3 12:39,wb,1,1,,1,应该到了开除以色列恐怖主义组织地球球籍的时候了
2024/10/3 12:40,wb,1,0,1.0,1,把以色列赶出联合国不是秘书长权限，但用警察把以色列人赶出联合国办公机构是没问题的
2024/10/3 12:52,wb,0,0,0.0,0,小以捂着脸来了句:我不疼。
2024/10/3 12:53,wb,0,0,0.0,0,以色列真让人无语
2024/10/3 12:55,wb,1,1,,1,真是太猖狂了
2024/10/3 12:59,wb,1,1,,1,越想越气人
2024/10/3 13:03,wb,1,1,,1,真是大聪明啊……
2024/10/3 13:09,wb,0,0,0.0,0,为了威慑美国让美国不敢轻易下场帮以色列
2024/10/3 13:17,wb,0,0,0.0,0,不希望战争
2024/10/3 13:23,wb,0,0,0.0,0,美以不灭，世界不宁
2024/10/3 13:28,wb,1,0,1.0,1,中东必有大战
2024/10/3 13:41,wb,1,0,1.0,1,一千万人口，有一半整天念经不干活的哈瑞迪，除去老弱病残不知道多少，还要拨一部分年轻劳动力维持经济，哪里来的一百万军队？还要比老美装备精良？把它美儿子吸干了都凑不出来
2024/10/3 13:53,wb,1,1,,1,消灭以色列内塔尼亚胡犯罪集团！
2024/10/3 13:57,wb,1,1,,1,以眼中无人
2024/10/3 14:01,wb,1,1,,1,一个恐怖分子谴责另一个恐怖分子
