timestamp,platform,label1,label2,label3,diff,content
2024/10/3 16:05,dy,0,0,0.0,0,我嘞个豆我还粉了挺长时间的，怎么还家暴啊[恐惧]
2024/10/3 16:21,dy,0,0,0.0,0,真的假的
2024/10/3 17:00,dy,0,0,0.0,0,这是那个哟！不认识，零容忍任何家暴行为
2024/10/3 17:31,dy,0,0,0.0,0,私密账号了都[赞]
2024/10/3 17:44,dy,0,1,0.0,-1,一看面相就能看出来这人阴晴不定
2024/10/3 17:48,dy,0,1,1.0,-1,这种我能让他直接住院[酷拽][酷拽][酷拽]
2024/10/3 18:07,dy,0,0,0.0,0,[绝望的凝视]这谁呀，没结婚不算家暴吧
2024/10/3 18:34,dy,0,0,0.0,0,不认识，哪位啊？
2024/10/3 18:44,dy,0,0,0.0,0,首先 王硕是谁啊
2024/10/3 19:02,dy,0,1,0.0,-1,不是，他哪里好看了？不都是美颜加滤镜出来的吗？普到不能再普了
2024/10/3 19:35,dy,0,0,0.0,0,嘶～我们学校的网红[泪奔]之前还挺爱看他们的，结果塌了[捂脸]
2024/10/3 19:57,dy,0,0,0.0,0,不是，这是谁啊？
2024/10/3 20:14,dy,0,0,0.0,0,[玫瑰]
2024/10/3 20:45,dy,0,0,0.0,0,我以前挺喜欢刷他们视频的，特别是王健宇茶话会主题的，后来爆ws的事，我就不是很喜欢刷他们了，现在比较喜欢看邢洪明和她女朋友，其他三个刷不到了，偶尔还会刷到王建宇和其他主播合拍的视频……
2024/10/3 21:19,dy,0,0,0.0,0,完了好不容易期待的一个抖音综艺[尬笑]要塌掉了
2024/10/3 21:50,dy,0,0,0.0,0,不是因为四颗福星我都不认识这个人[OK]
2024/10/3 22:28,dy,0,1,0.0,-1,长的挺一般
2024/10/3 22:48,dy,0,1,0.0,-1,就我一直觉得他的面相不好嘛[捂脸]
2024/10/3 22:57,dy,0,0,0.0,0,这是谁啊，为啥现在主播没塌之前我都没听过，塌了之后发现根本不认识[捂脸]
2024/10/3 23:10,dy,0,0,0.0,0,[发怒][发怒][发怒]
2024/10/3 23:19,dy,0,0,0.0,0,四颗福星是啥我都不知道，还以为哪个男团，还好奇男团怎么这个名[呆无辜]
2024/10/3 23:22,wb,0,1,0.0,-1,没有的东西
2024/10/3 23:23,dy,0,0,0.0,0,这人谁啊
2024/10/3 23:24,dy,0,0,0.0,0,老天，他还怎么在学校待下去啊
2024/10/3 23:24,wb,0,0,0.0,0,默默吃瓜，坐等后续进展
2024/10/3 23:25,wb,0,0,0.0,0,这个也太炸裂了吧 我的天
2024/10/3 23:27,wb,0,1,1.0,-1,互联网成就了太多不该成就的人
2024/10/3 23:28,dy,0,0,0.0,0,OK呀，粉过王妈，王烁，小慧君，秦霄贤，渡月，小杨哥，猫一杯，无星悦，陈泽[宕机]
2024/10/3 23:31,dy,0,0,0.0,0,都是没刷到过的 [晕][晕]
2024/10/3 23:34,dy,0,0,0.0,0,这人是谁啊？吓一跳以为王栎鑫[流泪][流泪][流泪]
2024/10/3 23:37,wb,0,0,0.0,0,无语了
2024/10/3 23:41,wb,0,0,0.0,0,我靠四颗福星我的关注经常看 还有什么是真的 到底什么是真的 我请问
2024/10/3 23:47,wb,0,0,0.0,0,所以谁能告诉我这个男人是谁？
2024/10/3 23:52,wb,0,0,0.0,0,这人是谁啊？第一次听说，都上热搜第一了？
2024/10/3 23:55,dy,0,0,0.0,0,今年为什么这么多人塌房
2024/10/3 23:58,wb,0,1,1.0,-1,这特么又是谁？根本不认识
2024/10/3 23:59,dy,0,0,0.0,0,不懂你们怎么那么容易喜欢上可以被表演出来的表象
2024/10/4 0:00,wb,0,0,0.0,0,好像是因为出轨
2024/10/4 0:02,wb,0,0,0.0,0,咋回事啊
2024/10/4 0:03,wb,0,0,0.0,0,谁啊？就爆了？莫名其妙
2024/10/4 0:04,wb,0,0,0.0,0,博主每次发的都没有前后文，稍微说明一下呗，娱乐博主啊
2024/10/4 0:05,wb,0,0,0.0,0,我我
2024/10/4 0:08,wb,0,1,1.0,-1,表示不认识这个家暴男
2024/10/4 0:10,wb,1,1,1.0,0,对，女的都是祖宗根本不能动
2024/10/4 0:11,wb,1,1,1.0,0,我勒个骚缸啊情绪不稳定找女人发泄脾气暴躁控制不住行为家暴的男的能不能关到精神病医院去
2024/10/4 0:12,wb,0,0,0.0,0,哪个王烁啊
2024/10/4 0:14,wb,0,0,0.0,0,我的妈啊，吓死人
2024/10/4 0:15,wb,0,0,0.0,0,很有名吗
2024/10/4 0:16,dy,0,0,0.0,0,所以在和好什么[疑问][疑问][疑问][疑问][疑问]
2024/10/4 0:17,wb,0,0,0.0,0,无语，这人都是谁啊
2024/10/4 0:19,wb,0,1,1.0,-1,可能是超雄……
2024/10/4 0:20,wb,0,0,0.0,0,之前还挺喜欢看他们视频，咋是这样的人啊，可怕
2024/10/4 0:21,wb,1,1,1.0,0,爱男的世界..
2024/10/4 0:23,wb,0,1,0.0,-1,千言万语还是那一句，不要陪一个男人长大。。。
2024/10/4 0:24,wb,0,0,0.0,0,谁啊听都没听过
2024/10/4 0:25,wb,0,0,0.0,0,还有这个也是骗钱不还的
2024/10/4 0:27,wb,0,0,0.0,0,这男的又是谁啊
2024/10/4 0:30,dy,0,0,0.0,0,王硕谁啊[尬笑][尬笑]，真没刷过他视频啊[微笑]
2024/10/4 0:31,dy,1,1,1.0,0,长得就有点像家暴的[尬笑]
2024/10/4 0:32,wb,1,1,1.0,0,真的丑
2024/10/4 0:33,wb,1,1,1.0,0,面相就很稀烂的男的
2024/10/4 0:34,wb,1,1,1.0,0,这么丑呀，我的妈呀！
2024/10/4 0:36,wb,0,1,1.0,-1,不起眼的黄毛不认识
2024/10/4 0:39,wb,0,1,0.0,-1,看着就像要谋杀
2024/10/4 0:41,wb,0,1,0.0,-1,天呐，好筹
2024/10/4 0:42,wb,0,0,0.0,0,这人最火的时候不会就是今天吧
2024/10/4 0:43,dy,0,0,0.0,0,她女朋友特别好看[流泪]
2024/10/4 0:45,wb,0,1,0.0,-1,
2024/10/4 0:46,wb,0,1,1.0,-1,草，我同届的同学。。。。
2024/10/4 0:47,wb,0,1,1.0,-1,我操。
2024/10/4 0:50,wb,0,0,0.0,0,不是 先来个人告诉我他是谁好吗
2024/10/4 0:50,dy,0,0,0.0,0,不认识，爱塌不塌
2024/10/4 0:52,wb,0,1,0.0,-1,我靠是你
2024/10/4 0:53,dy,0,0,0.0,0,从来没刷到过
2024/10/4 0:56,dy,0,0,0.0,0,王烁变成私密账号了[泪奔]
2024/10/4 0:57,dy,0,0,0.0,0,不知全貌不予评价
2024/10/4 0:58,dy,0,0,0.0,0,她知道他以前女友的遭遇还要在一起[九转大肠]
2024/10/4 1:00,wb,0,0,0.0,0,首先，他们没结婚所以不算家暴，这个热搜词条是不是可以改一改？另外，就算女方先动手，男方也不应该下手这么狠吧，毕竟在力量上男女还是有很大差距的
2024/10/4 1:01,wb,1,1,1.0,0,不认识，但是这种行为就应该拉去诛九族。
2024/10/4 1:04,dy,0,0,0.0,0,吓死我了，我还以为是黄朔[躺平]
2024/10/4 1:06,wb,0,1,0.0,-1,家暴男？
2024/10/4 1:07,dy,0,1,0.0,-1,他很帅？[捂脸]
2024/10/4 1:08,wb,0,0,0.0,0,这谁……
2024/10/4 1:10,wb,1,1,1.0,0,我草他大巴。。
2024/10/4 1:13,dy,0,1,0.0,-1,之前就看他面相不好
2024/10/4 1:14,wb,0,1,1.0,-1,这难看
2024/10/4 1:17,dy,0,0,0.0,0,他之前不就是因为渣然后被网暴了 然后被骂的退网了 又是道歉又是私密账号 那段时间四颗福星只拍三个人 后面他又莫名其妙复网了 我还以为大家都记得这件事[听歌]
2024/10/4 1:20,dy,0,1,1.0,-1,一开始看面相就觉得他眉眼很阴暗
2024/10/4 1:23,wb,0,0,0.0,0,咦
2024/10/4 1:26,dy,0,0,0.0,0,笑死我不认识他
2024/10/4 1:27,dy,0,1,0.0,-1,说实话，我感觉他这不好看，别喷我
2024/10/4 1:28,dy,0,0,0.0,0,谁啊[绿帽子]？
2024/10/4 1:30,dy,0,0,0.0,0,宝宝们，吃瓜之前：四颗福星是啥？这个人是谁？给老阿姨科普一下
2024/10/4 1:33,wb,0,0,0.0,0,请问，这人是谁，为何没听过怎么什么人都能上热搜？
2024/10/4 1:37,wb,0,0,0.0,0,突然发现我好像看过他的视频，大学宿舍里跟舍友拍段子的？好像是。
2024/10/4 1:40,dy,0,0,0.0,0,不和好就不和好[偷笑]
2024/10/4 1:45,dy,0,0,0.0,0,是谁啊？
2024/10/4 1:47,dy,0,1,1.0,-1,第一次看到这个男的  果然长相就不讨喜
2024/10/4 1:52,wb,1,1,1.0,0,看来眼科医院开的不够多啊，这么多眼瞎的人喜欢这货
2024/10/4 1:54,dy,0,0,0.0,0,他之前直播冲粉丝发脾气我无语了，直接取关了[捂脸]
2024/10/4 1:58,dy,0,1,1.0,-1,为什么看着就像会家暴的样子啊...[发呆]
2024/10/4 1:59,dy,0,0,0.0,0,家暴零容忍[微笑]
2024/10/4 2:02,dy,0,0,0.0,0,我滴妈，现在是私密账户了
2024/10/4 2:03,dy,0,0,0.0,0,分了那么久我想知道一下为什么现在才发出来
2024/10/4 2:09,dy,0,0,0.0,0,谁啊不认识[黑脸]
2024/10/4 2:10,dy,0,0,0.0,0,四福星是啥
2024/10/4 2:12,dy,0,0,0.0,0,四颗福星是什么糊团吗？[发呆]
2024/10/4 2:13,dy,0,0,0.0,0,[发呆]竟然以这种方式认识王烁
2024/10/4 2:15,dy,0,0,0.0,0,第一次知道四颗福星，直接过去搜了一下，选择拉黑
2024/10/4 2:19,dy,0,0,0.0,0,很遗憾，这样的方式认识你[黑脸]
2024/10/4 2:21,dy,0,0,0.0,0,系谁
2024/10/4 2:25,dy,0,0,0.0,0,不认识[抠鼻][抠鼻][抠鼻]
2024/10/4 2:26,dy,0,1,1.0,-1,长得面相就带那家暴样[泪奔]
2024/10/4 2:28,dy,0,0,0.0,0,故意伤人！
2024/10/4 2:29,dy,0,1,0.0,-1,我就一句话，离hbx远点
2024/10/4 2:32,dy,0,0,0.0,0,好吓人哪，谈恋爱期间这不算家暴。这算故意伤害[酷拽]
2024/10/4 2:33,dy,0,0,0.0,0,啊！王烁[震惊]
2024/10/4 2:33,dy,0,0,0.0,0,不是咱就是说，这颜真的是吃不了一点，还家暴怕自己找到女朋友吗
2024/10/4 2:35,dy,0,0,0.0,0,王烁真的失望了[流泪][流泪]
2024/10/4 2:35,dy,0,0,0.0,0,这人谁啊，就没刷到过，四颗福星一个也没刷到过
2024/10/4 2:38,dy,0,0,0.0,0,怎么塌了啊，我好伤心，..不会说来个女大[黑脸]
2024/10/4 2:40,dy,0,0,0.0,0,不要啊[流泪]歪歪的朋友不能这样啊[流泪]
2024/10/4 2:41,dy,0,0,0.0,0,都不知道这个人[捂脸][捂脸]
2024/10/4 2:44,dy,0,0,0.0,0,领证了吗？就说这是家暴？[不失礼貌的微笑]明明就是故意伤害罪
2024/10/4 2:45,wb,0,1,0.0,-1,对比自己弱的女朋友重拳出击，这种人面对外面强壮的同性情绪得老稳定了
2024/10/4 2:46,wb,0,0,0.0,0,这就是家暴的王烁？？？？
2024/10/4 2:49,dy,0,0,0.0,0,这算什么家暴啊不是故意殴打吗？
2024/10/4 2:51,dy,0,0,0.0,0,反正我不认识，你们慢慢谈[尬笑]
2024/10/4 2:52,dy,0,1,0.0,-1,我靠，老喜欢看他们视频了，我说我最近咋没刷到了啊
2024/10/4 2:53,dy,0,0,0.0,0,都不认得这是谁[噢买尬]
2024/10/4 2:56,dy,0,0,0.0,0,王烁是谁啊，我只记得一个王硕鑫
2024/10/4 2:58,dy,0,0,0.0,0,持中立，等待事情发展与结果，不盲目站队
2024/10/4 3:01,dy,0,1,0.0,-1,p图怪
2024/10/4 3:02,dy,0,0,0.0,0,我就上了几天学，怎么发生这么多事啊？[发呆][发呆][发呆]
2024/10/4 3:04,dy,0,0,0.0,0,幸好我叫王硕[捂脸]
2024/10/4 3:06,dy,0,0,0.0,0,幸好我取关的早
2024/10/4 3:08,dy,0,0,0.0,0,他谁啊[黑脸]
2024/10/4 3:13,wb,0,0,0.0,0,这个男的是谁啊？？？？不认识
2024/10/4 3:17,dy,0,0,0.0,0,这又是谁……
2024/10/4 3:18,dy,0,1,0.0,-1,知道他是啥人又没领证，是他给你栓身上了走不了了？[尬笑][尬笑][尬笑]
2024/10/4 3:22,dy,0,0,0.0,0,现在明星门槛这么低？
2024/10/4 3:25,dy,0,0,0.0,0,不儿，我最喜欢的博主啊。。[流泪]
2024/10/4 3:30,dy,0,0,0.0,0,不 这谁呀？
2024/10/4 3:39,dy,0,0,0.0,0,看这脸我都觉得他怪怪的[晕]
2024/10/4 3:42,dy,0,0,0.0,0,什么家暴？在说什么？明明是故意伤害，报警抓他啊
2024/10/4 3:44,dy,0,0,0.0,0,我看过原视频，我还以为这个剧本[捂脸]
2024/10/4 3:47,dy,0,0,0.0,0,我一直都喜欢的是hbx，给他立超雄人设，但他也没有真的伤害过谁，但是王硕不是总故意抽别人巴掌吗？[捂脸]
2024/10/4 3:50,dy,0,1,1.0,-1,王硕这脸长得就让人不舒服
2024/10/4 3:54,dy,0,0,0.0,0,我也是醉了哈 这是第三个喜欢的博主塌房了[捂脸]
2024/10/4 3:56,dy,0,0,0.0,0,终于被骂了 我之前就记得他老早一个视频里就骂女生谈恋爱之前和谈恋爱之后吃得更多了 说女朋友甚至可以吃下一头牛[微笑][微笑][微笑]
2024/10/4 3:57,dy,0,0,0.0,0,都没结婚   算什么家暴
2024/10/4 4:02,dy,0,0,0.0,0,我去！王烁[泪奔]你...[鞠躬][鞠躬]
2024/10/4 4:04,wb,0,1,0.0,-1,有点像老尿
2024/10/4 4:08,dy,0,0,0.0,0,不是这是谁啊
2024/10/4 4:13,dy,0,0,0.0,0,王烁是那个戴眼镜的还是不戴眼镜的
2024/10/4 4:15,dy,0,0,0.0,0,自己选的
2024/10/4 4:24,dy,0,1,0.0,-1,现在看他感觉面相都变了
2024/10/4 4:33,wb,1,1,1.0,0,丑死了 滚远点
2024/10/4 4:36,dy,0,0,0.0,0,你知道吗我喜欢的主播已经塌了好几个了先有李闵轩猫一杯后有神奇海挪和王烁再塌都塌完了[流泪][捂脸]
2024/10/4 4:38,dy,0,1,0.0,-1,看过王烁直播打PK，戾气感觉有点大[动动脑子]
2024/10/4 4:42,wb,0,0,0.0,0,小包总躺枪了？
2024/10/4 4:46,dy,0,1,0.0,-1,果然，他们四个最讨厌他，比较喜欢邢洪铭和韩冰系
2024/10/4 4:50,dy,0,0,0.0,0,第一次听到这个人名，他就已经塌了[震惊]
2024/10/4 4:53,dy,0,0,0.0,0,王烁塌的太突然了，像我这种性格温柔体贴有耐心的小男孩对家暴零容忍，来个漂亮姐姐一起聊聊天，打游戏也行[不失礼貌的微笑]
2024/10/4 5:06,dy,0,0,0.0,0,都知道他怎么对前女友了还和他在一起？？？
2024/10/4 5:08,dy,0,1,0.0,-1,我之前以为他是gay？！
2024/10/4 5:12,wb,1,1,1.0,0,这么丑的东西
2024/10/4 5:19,dy,0,0,0.0,0,怎么感觉今年塌房的网红那么多
2024/10/4 5:23,dy,0,0,0.0,0,[抠鼻][抠鼻][抠鼻]
2024/10/4 5:27,dy,0,0,0.0,0,娱乐圈年年有塌房，今年特别多
2024/10/4 5:30,wb,0,1,0.0,-1,这谁啊 一口龅牙
2024/10/4 5:34,dy,0,0,0.0,0,我还磕过他和王建宇[尬笑]
2024/10/4 5:41,dy,0,0,0.0,0,原来我的眼光这么好[泣不成声]每次我刷到他们都会划走，我都不知道是为什么[泣不成声]
2024/10/4 5:43,dy,0,0,0.0,0,压根不知道这是谁 还以为王烁是王烁鑫
2024/10/4 5:48,dy,0,0,0.0,0,他俩没结婚那叫故意伤害不是家暴
2024/10/4 5:50,dy,0,0,0.0,0,王烁塌的太突然了，哭了一晚上，来个男生一起聊聊天，彻夜长谈[流泪]也可以一起玩游戏（最好能带飞[送心]）
2024/10/4 5:57,wb,1,1,1.0,0,在热搜了一脸懵逼，这谁啊，这么丑
2024/10/4 6:00,wb,0,0,0.0,0,这我就知道了…我之前看了一个视频觉得挺有趣就关注了，第二次看就被他们说的一些奇怪的话恶心到了……具体忘了，反正好像挺不尊重人，立刻取关了，后面刷到都觉得反胃……
2024/10/4 6:01,dy,0,0,0.0,0,王硕是谁啊[黑脸]
2024/10/4 6:04,dy,0,1,0.0,-1,怪不得面相这样[左上]
2024/10/4 6:11,dy,0,0,0.0,0,我之前谈过一次恋爱，有次闹矛盾，他说要掐死我[裂开]
2024/10/4 6:15,wb,1,1,1.0,0,不管怎么道歉，都没有什么，家暴就是可恶可恨之人，要让他牢底坐穿
2024/10/4 6:22,dy,0,0,0.0,0,摔啥啦打码都没看到[捂脸]
2024/10/4 6:27,dy,0,0,0.0,0,不塌都刷不到的程度
2024/10/4 6:29,wb,0,0,0.0,0,家暴不能容忍
2024/10/4 6:33,dy,0,0,0.0,0,什么家暴[微笑]这明明就是故意伤人，他们没结婚就是故意伤人
2024/10/4 6:38,dy,0,0,0.0,0,我真服了王烁[微笑]
2024/10/4 6:42,dy,0,0,0.0,0,网红吗[宕机]
2024/10/4 6:45,wb,0,0,0.0,0,路过吃瓜，什么情况
2024/10/4 6:47,wb,1,1,1.0,0,是这男的？丑这样？
2024/10/4 6:55,dy,0,0,0.0,0,他谁啊？我真不知道[尬笑]
2024/10/4 6:56,dy,0,0,0.0,0,幸好早就换圈子了，要不然我被叫小迷妹了
2024/10/4 6:59,dy,0,0,0.0,0,我小学同学叫王烁[流泪]
2024/10/4 7:04,dy,0,0,0.0,0,老一辈喜欢的一年比一年火，这一代喜欢的一年进去一个[泣不成声][泣不成声][泣不成声]
2024/10/4 7:05,dy,0,0,0.0,0,哎嘿还好没关注哈哈哈哈哈哈哈[赞][舔屏][赞][舔屏][赞][舔屏][赞][舔屏][赞][赞][舔屏][赞][舔屏][赞][舔屏][赞][舔屏][赞][舔屏][赞][赞][舔屏]
2024/10/4 7:11,dy,0,0,0.0,0,？啊，不是，他塌房了？他之前一直说不处，我还以为他没有女朋友呢
2024/10/4 7:13,wb,1,1,1.0,0,什么丑东西
2024/10/4 7:16,dy,0,1,1.0,-1,这男的现在看都有暴力相了
2024/10/4 7:18,dy,0,0,0.0,0,他不是21还是22年就塌过一次了吗？我还以为早退网了[发呆]
2024/10/4 7:23,wb,1,1,1.0,0,老鼠精
2024/10/4 7:27,dy,0,0,0.0,0,[咖啡][咖啡][咖啡]
2024/10/4 7:31,dy,0,0,0.0,0,故意伤害这是
2024/10/4 7:35,dy,0,1,1.0,-1,还是那句话，谈恋爱不是诗和远方，就是尸和警方[九转大肠]
2024/10/4 7:40,dy,0,0,0.0,0,预感成真[呆无辜]
2024/10/4 7:45,wb,0,0,0.0,0,该不会是他吧
2024/10/4 7:51,wb,1,0,1.0,1,什么乱七八糟的鬼
2024/10/4 7:53,dy,0,0,0.0,0,爱的时候天天在一块 不爱的时候青一块紫一块
2024/10/4 7:57,dy,0,0,0.0,0,不是，那个片段一放完我都感觉这哥们面相变了[捂脸]
2024/10/4 8:03,dy,0,1,1.0,-1,不认识 但是看这个面相就不舒服 会很不耐烦 冷暴力 PUA的那种[你不大行]
2024/10/4 8:06,dy,0,0,0.0,0,故意伤害就故意伤害，家什么爆？？？
2024/10/4 8:08,dy,0,0,0.0,0,什么家暴，不是故意伤害吗[调皮]
2024/10/4 8:11,dy,0,0,0.0,0,我天 真没看出来是这种人[尬笑]
2024/10/4 8:15,dy,0,0,0.0,0,我嘲笑10月5号刷到的人[看]
2024/10/4 8:20,wb,0,0,0.0,0,我一直以为他是gay
2024/10/4 8:25,wb,0,0,0.0,0,好可怕啊
2024/10/4 8:29,dy,0,0,0.0,0,没结婚为什么是家暴？
2024/10/4 8:31,dy,0,0,0.0,0,[微笑]最近这是咋了[微笑][微笑][微笑][微笑][微笑][微笑][微笑]
2024/10/4 8:37,dy,0,0,0.0,0,从来就没觉得他帅过[捂脸][OK]
2024/10/4 8:41,wb,1,0,1.0,1,这男的真丑，是谁喜欢这种男的啊
2024/10/4 8:46,wb,0,1,0.0,-1,是啊，王烁是谁？我知道王朔是作家。借家暴炒作？不会不会，丢人现眼包属于是，是犯罪了吧？
2024/10/4 8:49,dy,0,0,0.0,0,所以王烁是谁[泪奔]压根不认识
2024/10/4 8:55,dy,0,0,0.0,0,这不是家暴！！！没有结婚！！！这是故意伤害[捂脸][左边]
2024/10/4 8:58,dy,0,0,0.0,0,[憨笑][憨笑][憨笑]
2024/10/4 9:03,wb,0,0,0.0,0,以为王栎鑫呢
2024/10/4 9:06,dy,0,0,0.0,0,天塌了[流泪]当时还觉得他像高美丽老喜欢他了[流泪]结果
2024/10/4 9:08,dy,0,0,0.0,0,爱你时是诗和远方，不爱时是尸和警方[尬笑][比心]
2024/10/4 9:11,wb,0,0,0.0,0,踩踩（今日sx养铁我已回）
2024/10/4 9:14,dy,0,0,0.0,0,王烁你……你竟然塌房了[流泪]你知道我有多喜欢你吗[流泪]（来个玩王者荣耀有实力且不骂人的 我可玩法师辅助射手 谢谢[比心]）
2024/10/4 9:16,wb,1,1,1.0,0,斗鸡眼
2024/10/4 9:20,dy,0,0,0.0,0,王烁你……你竟然塌房了[流泪]你知道我有多喜欢你吗[流泪]（来个玩王者荣耀有实力且不骂人的 我可玩法师辅助 谢谢[比心]）
2024/10/4 9:22,wb,0,1,0.0,-1,我会给他一个大逼兜，不和好就不和好咯，还在太阳底下下跪，疯了吧……这些妹妹快擦亮眼睛吧
2024/10/4 9:24,dy,0,0,0.0,0,就算结婚了故意伤害就是故意伤害说什么家暴，太好听了点吧[尬笑]
2024/10/4 9:25,dy,0,0,0.0,0,之前是不是还被爆抄袭[捂脸]（不关注这几个
2024/10/4 9:32,dy,0,0,0.0,0,？我去
2024/10/4 9:36,dy,0,0,0.0,0,塌房年年有，今年特别多！[微笑]
2024/10/4 9:38,dy,0,0,0.0,0,不好意思，我一直被渣[鞠躬]
2024/10/4 9:43,dy,0,0,0.0,0,这个王烁是跟李歪歪玩的那个吗？[尬笑]
2024/10/4 9:50,dy,0,0,0.0,0,之前看他的视频就感觉他很暴力[流泪]刚开始他们唱歌的时候就关注了，越到后面他们拍那种游戏视频，就觉得他对xhm特别暴力[尬笑]
2024/10/4 9:53,dy,0,0,0.0,0,啥叫也塌了 还有谁啊
2024/10/4 9:57,dy,0,0,0.0,0,Cg?跟电干
2024/10/4 10:02,dy,0,0,0.0,0,[捂脸][OK]厌男了
2024/10/4 10:06,dy,0,0,0.0,0,这是家暴吗，女生这不是再拱火
2024/10/4 10:08,dy,0,0,0.0,0,感觉在带节奏
2024/10/4 10:11,dy,0,0,0.0,0,真没听说过
2024/10/4 10:15,wb,0,0,0.0,0,发生这种事情难道不应该上个热搜吗 结果评论区一直在问是谁是谁很重要吗 故意伤害才重要
2024/10/4 10:17,dy,0,0,0.0,0,我勒个去，知人知面不知心啊，我超爱看王烁的，我觉得他好搞笑 怎么变成这样了？[尬笑][尬笑]
2024/10/4 10:22,dy,0,0,0.0,0,我滴妈！我要取关了
2024/10/4 10:25,dy,0,0,0.0,0,太吓人了[微笑][微笑][微笑][微笑]
2024/10/4 10:29,wb,1,0,1.0,1,姓王的是不是都爱家暴
2024/10/4 10:31,dy,0,0,0.0,0,不敢想象国庆开学我和好朋友回学校该怎么办，我叫 王硕 我朋友叫 王烁
2024/10/4 10:34,wb,0,0,0.0,0,等一下 好丑 
2024/10/4 10:39,dy,0,0,0.0,0,姐妹们呐 拜托不要那么爱丁堡好吗 这是家暴呀 家暴
2024/10/4 10:44,dy,0,0,0.0,0,好好好[微笑]又塌一个[微笑][鼓掌]
2024/10/4 10:48,dy,0,0,0.0,0,长得帅，真可怕
2024/10/4 10:52,dy,0,0,0.0,0,刚起床天就塌了
2024/10/4 10:57,dy,0,0,0.0,0,没领证不算家暴，算故意伤害！家暴惩罚力度比故意伤害小[眼含热泪]
2024/10/4 11:03,dy,0,0,0.0,0,十月，超绝各大网红塌房[赞][赞][玫瑰][玫瑰]来姐妹们在我评论底下预测一下，下面谁会塌房？
2024/10/4 11:08,wb,0,0,0.0,0,家暴这个词？有点不理解，都没成家，没结婚哪来的家暴啊。明明就是殴打和故意伤害啊。他俩结婚了吗就家暴。
2024/10/4 11:12,wb,1,1,1.0,0,丑男多作怪
2024/10/4 11:18,wb,1,0,1.0,1,家暴男都去死
2024/10/4 11:18,wb,0,0,0.0,0,我也是
2024/10/4 11:20,wb,1,1,1.0,0,这种男的该4
2024/10/4 11:22,wb,0,0,0.0,0,brs呃呃
2024/10/4 11:27,dy,0,0,0.0,0,我高中同班同学，没想到现在这样了
2024/10/4 11:32,wb,0,0,0.0,0,不可理喻
2024/10/4 11:35,wb,0,0,0.0,0,可能是我的审美出现了问题
2024/10/4 11:39,dy,0,0,0.0,0,我需要王建宇来安慰我
2024/10/4 11:44,wb,0,0,0.0,0,男生应该不还手，把她送进监狱。
2024/10/4 11:48,dy,0,0,0.0,0,不说别的确实是这样 最严重的一次是拿刀要捅我
2024/10/4 11:52,dy,0,0,0.0,0,一直我也不喜欢他[捂脸][捂脸]
2024/10/4 11:54,dy,1,0,1.0,1,不是 我看他的面相都变了[微笑]ex男
2024/10/4 11:57,wb,0,1,1.0,-1,这个王烁 求你快死
2024/10/4 12:00,dy,0,0,0.0,0,没结婚也叫家暴了？[抠鼻]
2024/10/4 12:03,dy,0,0,0.0,0,不知道为啥我老看成王栎鑫[困]
2024/10/4 12:04,wb,0,0,0.0,0,我不相信王烁家暴，包括网友在内
2024/10/4 12:04,wb,0,0,0.0,0,王烁网红发文指责女方，永久退网【王烁退网事件】
2024/10/4 12:04,wb,0,0,0.0,0,真真假假难分辨，静等真相大白。
2024/10/4 12:04,wb,0,0,0.0,0,王烁宣布永久退网，那是他的自由选择，希望他一切顺利
2024/10/4 12:04,wb,0,0,0.0,0,王烁发文指责女方先动手，宣布退网，乐观者认为要客观看待此事
2024/10/4 12:04,wb,0,0,0.0,0,希望真相能水落石出，别妄下定论。
2024/10/4 12:04,wb,0,0,0.0,0,很难判断，关注后续发展。
2024/10/4 12:04,wb,0,0,0.0,0,首先，我们需要保持客观，不轻信谣言
2024/10/4 12:04,wb,0,0,0.0,0,王烁指责女方动手 女士对此表示怀疑
2024/10/4 12:06,dy,0,0,0.0,0,不是，[尬笑]这个女的都知道，这个男的让他前女友在太阳底下下跪，这还不分
2024/10/4 12:09,dy,0,0,0.0,0,其实之前就塌过一次 当时四颗福星不是很火 所以是冷处理 视频只有三个人处境 风头过了就照常拍摄 我个人就事论事哈 冷处理就能看出来是另外三人多多少少知情  另外 好心提醒 互联网反转再反转也不在少数 大家理性看待（无抹黑意向）
2024/10/4 12:11,dy,0,0,0.0,0,这是sei 啊
2024/10/4 12:13,wb,0,0,0.0,0,。。。太那个
2024/10/4 12:17,dy,0,0,0.0,0,他不是单身不处吗？
2024/10/4 12:22,dy,0,0,0.0,0,哇，这是谁[捂脸]
2024/10/4 12:25,dy,0,0,0.0,0,劳资以为是杨烁，王烁不认识。
2024/10/4 12:26,dy,0,0,0.0,0,多可趁，跪他？
2024/10/4 12:29,dy,0,0,0.0,0,姐妹，是方块脸那个，方块脸知道吧？[捂脸]
2024/10/4 12:31,dy,1,0,0.0,1,面相阴沉沉的
2024/10/4 12:32,dy,0,0,0.0,0,一次和无数次。骨子里的问题。改不了的
2024/10/4 12:34,dy,1,0,0.0,1,我的天哪。这男人看着就带个狠样。
2024/10/4 12:35,dy,1,0,0.0,1,面相就挺阴暗
2024/10/4 12:38,dy,0,0,0.0,0,不是谁拍视频谁就有理这个东西要拿出证据来照片不足以证明 因为现在互联网上假的东西太多了
2024/10/4 12:39,dy,0,0,0.0,0,[泪奔]
2024/10/4 12:41,dy,0,0,0.0,0,他是谁呀？
2024/10/4 12:41,dy,0,0,0.0,0,这种男人控制欲强
2024/10/4 12:43,dy,0,0,0.0,0,这哪冒出来的人啊 我们的抖音不一样，一次没刷到过[捂脸]
2024/10/4 12:45,dy,0,0,0.0,0,这不是现代安家和嘛！！
2024/10/4 12:46,dy,0,0,0.0,0,之前xhm和女朋友订婚他就开个直播骂xhm，虽然可以说是效果，但是当时能看到他明显红温了，而且其他两个人都挺祝福的，就他玩这种效果[躺平]
2024/10/4 12:49,dy,0,0,0.0,0,这不是家暴，他俩是情侣，这是故意伤害[微笑][微笑][微笑][微笑][微笑][微笑]
2024/10/4 12:50,dy,0,0,0.0,0,我上次刷到有人发原视频，以为是姐弟之间吵架，原来是这俩
2024/10/4 12:53,wb,0,0,0.0,0,哇靠
2024/10/4 12:56,wb,0,0,0.0,0,我的妈呀
2024/10/4 12:57,dy,0,0,0.0,0,吓我一跳，差点看成王栎鑫，差点是我的天塌了[泣不成声]赶紧又回来搜一下
2024/10/4 13:00,dy,0,0,0.0,0,人类
2024/10/4 13:01,dy,0,0,0.0,0,王烁是他们4个中我最喜欢的一个，结果他塌房了！啊啊啊受不了了，这个世界怎么那么残酷啊
2024/10/4 13:03,dy,0,0,0.0,0,他干嘛的啊？我断网了吗？
2024/10/4 13:04,dy,0,1,1.0,-1,打住哈，这都是什么对什么？这个是明星？代表作有啥？歌曲？电影？综艺也行？实在不行抖音段子也行？我日，我知道今年钱不好赚，但是长成这什么逼玩意都能出去捞快钱了？
2024/10/4 13:07,wb,1,0,0.0,1,糊得查无此人啊愁得吓我一二三四五六跳
2024/10/4 13:09,dy,0,0,0.0,0,谈的好就是诗和远方 谈不好就是尸和警方[捂脸][OK]
2024/10/4 13:14,dy,0,0,0.0,0,不要把家暴和故意伤人混为一谈这是故意伤人[捂脸][捂脸][OK][OK]
2024/10/4 13:15,dy,0,0,0.0,0,这谁啊[尬笑]
2024/10/4 13:17,dy,1,0,0.0,1,难怪被延毕[捂脸]
2024/10/4 13:19,dy,0,0,0.0,0,现在耍朋友被打了也算家暴了吗？？这算哪门子的家暴？
2024/10/4 13:21,dy,0,0,0.0,0,这人是干啥的
2024/10/4 13:22,dy,0,0,0.0,0,根本不知道他是谁。全靠家暴认识你。太恶心了
2024/10/4 13:24,dy,0,0,0.0,0,真给叫王烁的人丢脸
2024/10/4 13:28,dy,0,0,0.0,0,没结婚不是家暴，这是妥妥的故意伤害，必须报警处理！[看]
2024/10/4 13:30,dy,0,0,0.0,0,。。。。。这人是谁啊
2024/10/4 13:33,dy,0,0,0.0,0,同志们少成为别人的粉丝不好吗
2024/10/4 13:35,wb,0,0,0.0,0,这是谁啊咋还家暴只能说真的只有0次和无数次
2024/10/4 13:37,dy,0,0,0.0,0,这不是很正常的嘛，一个愿打一个愿挨
2024/10/4 13:39,dy,0,0,0.0,0,亏我以前的抖音注销了不然还关注了他们四个，还好我偏向于汉丙烯，感觉他比较阳光，微胖的男生性格都普遍好[舔屏]
2024/10/4 13:39,dy,0,0,0.0,0,颧骨高外扩腮边有肉的男的，控制欲都很强，大家以后找男朋友不要找这种[我想静静]
2024/10/4 13:41,dy,0,0,0.0,0,为啥双姐才发出来？已经分手很久了耶
2024/10/4 13:43,dy,0,0,0.0,0,哪里的素人？？？？？[捂脸]
2024/10/4 13:44,dy,0,0,0.0,0,谁呀？有什么作品吗？
2024/10/4 13:45,dy,0,0,0.0,0,这明明是故意伤害啊  啥家暴  都没结婚
2024/10/4 13:48,dy,0,0,0.0,0,什么叫家暴?没有合法结婚手续的共同居住中受到暴力殴打伤害叫故意伤害……不报警告他等着继续结婚再被揍?爹妈不管管?
2024/10/4 13:49,wb,0,0,0.0,0,这什么牙齿面相不行
2024/10/4 13:53,dy,0,0,0.0,0,这个是谁啊 都没听过…
2024/10/4 13:55,dy,0,0,0.0,0,从他面相，这个男孩性格就不好。
2024/10/4 13:56,dy,0,0,0.0,0,那个[发呆]王烁是哪位？（纯路人，不追星）
2024/10/4 13:59,dy,0,0,0.0,0,你都没结婚，那是家暴吗？那是暴行！！！！！
2024/10/4 14:02,dy,0,0,0.0,0,我以为他是同性恋
2024/10/4 14:06,dy,0,0,0.0,0,谁呀  年纪大了不认识
2024/10/4 14:06,dy,0,0,0.0,0,又没结婚本来就是故意伤害吧[尬笑][尬笑][尬笑][尬笑][尬笑][尬笑]
2024/10/4 14:09,dy,0,0,0.0,0,周董的《算什么男人》送给他[尬笑]
2024/10/4 14:10,dy,0,0,0.0,0,结婚是家暴，没结婚是故意伤害，该报警了[酷拽]
2024/10/4 14:11,dy,0,0,0.0,0,故意伤害！！！！！[发怒][发怒]
2024/10/4 14:13,dy,0,0,0.0,0,不是说他被家暴了吗[捂脸]怎么变成他家暴了[尬笑]
2024/10/4 14:13,dy,0,0,0.0,0,他和双姐不是早就分了？
2024/10/4 14:17,dy,0,0,0.0,0,我一个男生都有点害怕了[微笑]
2024/10/4 14:19,dy,0,0,0.0,0,他要是不塌我都不知道这个人[捂脸]
2024/10/4 14:21,dy,0,0,0.0,0,私密账号了[大笑]
2024/10/4 14:22,dy,0,0,0.0,0,我就想问一下这样的小男人能干嘛？能保家为国还是能保护你们这些美女。[捂脸][捂脸]
2024/10/4 14:24,wb,0,0,0.0,0,就是就是
2024/10/4 14:25,dy,0,0,0.0,0,可是还是很伤心，真的喜欢了很久[流泪]
2024/10/4 14:33,dy,0,0,0.0,0,不理解为什么这么多粉丝
2024/10/4 14:39,dy,0,0,0.0,0,既然你知道他前女友的事，你还敢迎难而上。你以为你是他的救世主？
2024/10/4 14:40,dy,0,0,0.0,0,这都是谁啊？
2024/10/4 14:42,dy,0,0,0.0,0,所以  女生一定要学会保护自己
2024/10/4 14:43,dy,0,0,0.0,0,遇到过的 一定要远离！ 我就是硬刚 刚不过 被打了，最后的办法 就是无视他的话 直接报警
2024/10/4 14:47,dy,0,0,0.0,0,视频太短了。不好战队啊[捂脸]
2024/10/4 14:49,dy,0,0,0.0,0,他是谁呀
2024/10/4 14:52,dy,0,0,0.0,0,我还以为是王栎鑫家暴
2024/10/4 14:53,wb,0,0,0.0,0,不能直接进监狱吗
2024/10/4 14:56,dy,0,0,0.0,0,幸好我喜欢汉炳熙[偷笑]
2024/10/4 14:59,dy,0,0,0.0,0,看面相，看直播相处方式，当时就不讨厌他，但是说不出来哪里很怪的感觉，第六感的作用吧
2024/10/4 15:01,dy,0,0,0.0,0,看着就像个家暴男
2024/10/4 15:04,dy,0,0,0.0,0,能不能不要叫家暴[捂脸]不是谈恋爱么又没结婚，改成故意伤害吧[酷拽][酷拽][酷拽][酷拽][酷拽]
2024/10/4 15:05,dy,0,0,0.0,0,女性安全
2024/10/4 15:09,dy,0,0,0.0,0,早就取关了。太尬了剧情
2024/10/4 15:11,dy,0,0,0.0,0,为什么你们都能认出这些人[泪奔][泪奔]（没有恶意，纯粹好奇）我就是看到“王烁家暴”几个词点进来看一下，这谁啊[泪奔][泪奔][泪奔]
2024/10/4 15:13,dy,0,0,0.0,0,看着眼睛都有一股狠劲  相由心生[看][看][看]
2024/10/4 15:14,dy,0,0,0.0,0,谁懂啊，我以为是糊糊，一打开搜索框就看见一个热，然后就以为是糊糊，还好还好
2024/10/4 15:18,dy,0,0,0.0,0,我曹谁懂啊，我看成王栎鑫家暴，还以为他塌房了
2024/10/4 15:18,dy,0,0,0.0,0,这种渣男咋来的那么好的资源
2024/10/4 15:20,dy,0,0,0.0,0,原来是图片看来不得不信了[比心]网上这种反转太多了 当个看客得了[捂脸]
2024/10/4 15:24,dy,0,0,0.0,0,理性吃瓜吧 四颗福星他们我都接触过，去年他们几个人武汉租的房子都是找我租的，都蛮非常有礼貌，而且年龄跟我们相仿，都是刚毕业的大学生，脾气都蛮好的
2024/10/4 15:26,wb,0,0,0.0,0,跟个瘦猴似的，还打人呐？这块头我一脚就可以踹倒
2024/10/4 15:29,dy,0,0,0.0,0,还好我喜欢汉炳熙[舔屏][舔屏]瘦的时候帅，胖的时候也可爱[舔屏][舔屏][舔屏][舔屏]
2024/10/4 15:35,dy,0,0,0.0,0,都没听过[黑脸]
2024/10/4 15:38,dy,0,0,0.0,0,他谁！谁能告诉我一下嘛[泣不成声]
2024/10/4 15:42,dy,0,0,0.0,0,这占有欲也太极端了
2024/10/4 15:44,dy,0,0,0.0,0,还好他们四个里更喜欢邢洪铭[流泪]感觉老老实实还可可爱爱的[流泪]嫂子也好漂亮[流泪]
2024/10/4 15:47,dy,0,0,0.0,0,不认识 这是谁啊 不过长得也不好看啊 谁在喜欢啊
2024/10/4 15:48,dy,0,0,0.0,0,吓我一跳[斜眼]阅读障碍看成了王栎鑫[捂脸][捂脸][捂脸][捂脸]
2024/10/4 15:52,dy,0,0,0.0,0,王烁好像是22年也塌过啊，就是和他前前女友分手的时候，那个时候还没那么火，估计好多人都不知道，他塌了以后我就只关注王健宇了...
2024/10/4 15:54,dy,0,0,0.0,0,还不跑？
2024/10/4 15:57,dy,0,0,0.0,0,双姐不是跟这男的早分了吗[宕机][宕机][宕机]
2024/10/4 15:59,dy,0,0,0.0,0,。为什么他不打别人，他要多气才会想打
2024/10/4 16:02,dy,0,0,0.0,0,不是 他一直和binbo玩啊 你们不知道吗 果然什么样的人和什么样的人交朋友[尬笑]
2024/10/4 16:06,dy,0,0,0.0,0,这个是谁，我真的不认识[捂脸]四颗福星是个团吗
2024/10/4 16:11,dy,0,0,0.0,0,我刷到这个视频了，原来是王朔[九转大肠]
2024/10/4 16:14,dy,0,0,0.0,0,不知道是第几次发这个图了[感谢][玫瑰]
2024/10/4 16:18,wb,0,0,0.0,0,抵制家暴
2024/10/4 16:20,wb,1,1,1.0,0,煞如碧
2024/10/4 16:22,dy,1,1,1.0,0,真恶心
2024/10/4 16:27,dy,0,0,0.0,0,不记打[黑脸]人与人之间朝夕相处的都可能有背后一面，更何况是真的网络上看到的人设，永远要对人抱有警惕之心，这种事只有零次和无数次
2024/10/4 16:32,dy,0,0,0.0,0,他不是早塌了？
2024/10/4 16:39,dy,0,0,0.0,0,家暴不就是故意伤害吗 哪有区别[真的会谢]
2024/10/4 16:42,dy,0,0,0.0,0,这个家伙是谁啊，塌不塌关我屁事啊。我还以为是糊糊吓死我
2024/10/4 16:46,dy,0,0,0.0,0,没结婚，不是家暴是故意伤人
2024/10/4 16:49,dy,0,0,0.0,0,想死了哥之前最低谷时就喜欢看他们最喜欢的就是王烁
2024/10/4 16:55,dy,0,0,0.0,0,不认识 第一次刷到他 还是热搜[呲牙]
2024/10/4 16:58,dy,0,0,0.0,0,之前他和李歪歪拍视频的时候就感觉可没素质 别人都是“我是小李”“我是小胡”他说“我是你爹”我和你很熟吗当我爹[尬笑]
2024/10/4 17:02,dy,0,0,0.0,0,什么？？？这么年轻还整这一出故意伤害？[尬笑]这男的真恶心
2024/10/4 17:07,wb,0,0,0.0,0,午安！周五快乐
2024/10/4 17:09,wb,0,0,0.0,0,果然美女说话就是好听
2024/10/4 17:11,wb,0,0,0.0,0,博主观点我认同
2024/10/4 17:15,dy,0,0,0.0,0,要不是这个 我都不知道他是谁[尬笑]
2024/10/4 17:19,dy,0,0,0.0,0,打开dy发现我天塌了[流泪]
2024/10/4 17:21,dy,1,0,1.0,1,砸东西和家暴有啥关系，在这蹭什么热度
2024/10/4 17:28,dy,0,0,0.0,0,冤有头债有主[666][666][666][666][666][666][666]
2024/10/4 17:37,dy,1,0,0.0,1,我感觉周瑜打黄盖
2024/10/4 17:41,dy,0,0,0.0,0,哦～不认识
2024/10/4 17:45,dy,0,1,0.0,-1,如果是女方先动手，那你怕什么被家暴者不分性别保卫自己。不是只有性别女的才能被定义家暴。心虚？怕什么?
2024/10/4 17:57,dy,0,0,0.0,0,还手不算家暴 最多算互殴[捂脸]
2024/10/4 18:05,dy,0,0,0.0,0,看着就害怕这人
2024/10/4 18:10,dy,1,1,1.0,0,小屁孩还家暴了，
2024/10/4 18:16,dy,0,0,0.0,0,这个是谁[捂脸]不认识[捂脸]
2024/10/4 18:21,dy,0,1,0.0,-1,之前就不咋喜欢他看面相就不得劲[黑脸]
2024/10/4 18:37,dy,0,0,0.0,0,会无缘无故打人？肯定是有原因的
2024/10/4 18:44,dy,1,1,1.0,0,男的都是这样借口吗跟我那个家暴前任一摸一样也是说互相动手 难道不还手要被打死吗
2024/10/4 18:49,wb,0,0,0.0,0,妈呀我之前可喜欢看他们四个视频了 
2024/10/4 18:56,wb,1,1,1.0,0,家暴男去四
2024/10/4 19:00,dy,0,0,0.0,0,汉炳熙别塌[流泪]
2024/10/4 19:08,wb,0,0,0.0,0,晚上好呀亲爱滴
2024/10/4 19:21,dy,0,0,0.0,0,啊？我之前老爱看他了[九转大肠]
2024/10/4 19:25,dy,0,0,0.0,0,谁啊 第一次知道这个人
2024/10/4 19:41,wb,0,0,0.0,0,姐姐不打算告他故意伤害吗，我的天，情绪好不稳定
2024/10/4 19:55,dy,0,0,0.0,0,王烁我是真不知道是谁 但真的抵制家暴行为哈[黑脸]
2024/10/4 20:16,dy,1,1,1.0,0,看他脸相，就是一狠人，
2024/10/4 20:24,wb,0,1,0.0,-1,殴打他人吧
2024/10/4 20:31,dy,0,1,0.0,-1,都没结婚哪来的“家”？故意伤害吧？
2024/10/4 20:52,wb,0,1,0.0,-1,伪如人哈
2024/10/4 21:23,wb,0,0,0.0,0,之前经常看
2024/10/4 21:39,wb,0,1,0.0,-1,这是故意伤害，可以报警立案了
2024/10/4 22:09,dy,1,1,1.0,0,啊这，一定要看面相啊，典型渣男
2024/10/4 22:30,dy,1,1,1.0,0,这种面无二两肉的人，都是狠角色。
2024/10/4 22:42,wb,0,0,0.0,0,我滴妈呀
2024/10/4 22:50,dy,0,0,0.0,0,报警这件事，很难吗？故意伤害，最起码先来个刑事拘留
2024/10/4 22:58,dy,0,1,0.0,-1,没有结果啊！怎么是家爆？[衰][衰][衰]是互殴
2024/10/4 23:12,dy,1,1,1.0,0,玩霸总玩脱了？
2024/10/4 23:23,dy,0,0,0.0,0,我就问这样的人多不多
2024/10/4 23:28,dy,1,1,1.0,0,[捂脸]周瑜打黄盖，一个愿打，一个愿挨
2024/10/4 23:37,wb,0,1,0.0,-1,这样也能有粉丝你们是找个顺眼的就追后面跑啊？就非得做别人粉丝么，做自己不好吗
2024/10/4 23:48,dy,0,1,0.0,-1,是谁发明家暴这个词[发怒]，不管是谁都是故意伤害
2024/10/4 23:53,dy,0,1,0.0,-1,王烁很早很早 没出名之前 就被他的前女友爆料过….这是第二次塌房了..那段时间四颗福星一直没让他出镜…
2024/10/5 0:03,dy,0,0,0.0,0,真的不认识[尬笑][尬笑]
2024/10/5 0:08,wb,0,1,0.0,-1,甚至不算家暴哈就是故意伤害
2024/10/5 0:13,dy,0,0,0.0,0,有房嘛就塌
2024/10/5 0:21,dy,1,1,1.0,0,这种极端男真的早看清早跑
2024/10/5 0:24,dy,1,1,1.0,0,一脸家暴相
2024/10/5 0:29,dy,0,1,0.0,-1,这是故意伤害啊啊啊啊啊！！！
2024/10/5 0:38,dy,0,1,0.0,-1,女朋友那就是故意伤害好吗？没结婚也算家暴了吗
2024/10/5 0:45,dy,0,0,0.0,0,谁是王硕？
2024/10/5 0:51,dy,0,1,1.0,-1,希望家暴入刑[微笑]
2024/10/5 0:55,dy,0,0,0.0,0,可是我记得他女朋友之前还发过一段话说，我们分手是因为什么什么，但是他值得你们喜欢，他是一个很好的人啥的
2024/10/5 1:04,dy,0,0,0.0,0,快离开吧
2024/10/5 1:08,dy,0,0,0.0,0,干什么要挑衅，我不懂，这人就喜欢用有本事你就怎么怎么样，故意去激怒一个人，然后一边录视频[裂开][裂开][裂开][裂开]
2024/10/5 1:15,dy,0,0,0.0,0,吓死了。我以为王栎鑫被家暴[捂脸][捂脸][捂脸][捂脸][捂脸]
2024/10/5 1:21,dy,0,1,0.0,-1,这不是家暴[微笑]这是故意伤害
2024/10/5 1:29,dy,0,0,0.0,0,谁啊……干嘛推给我
2024/10/5 1:35,dy,0,0,0.0,0,我以为是王栎鑫哈哈哈笑了
2024/10/5 1:38,dy,0,0,0.0,0,什么鬼[捂脸]
2024/10/5 1:42,dy,0,1,0.0,-1,之前看他视频就觉得他怪怪的
2024/10/5 1:45,dy,0,0,0.0,0,还以为是明星，没想到是一个博主
2024/10/5 1:49,dy,1,1,1.0,0,刚开始看他面相就感觉不舒服 [黑脸]
2024/10/5 1:51,dy,0,0,0.0,0,想着人家帅有钱就忍忍呗[看]
2024/10/5 1:56,dy,1,0,0.0,1,[尬笑]凭啥让我刷到这个，这人谁啊？
2024/10/5 1:58,dy,1,1,1.0,0,之前朋友关注他 问我觉得他怎么样 我就觉得他面相凶 眼睛和嘴巴长的很犀利[你不大行]
2024/10/5 2:02,dy,0,0,0.0,0,是那个躲猫猫比赛的那个王烁吗，天呐，幸好我喜欢wjy
2024/10/5 2:03,dy,0,0,0.0,0,说明他女朋友不是川渝的[呲牙]
2024/10/5 2:08,dy,0,0,0.0,0,不认识阿
2024/10/5 2:10,dy,0,0,0.0,0,第一眼以为是王栎鑫：他能家暴谁[尬笑]
2024/10/5 2:15,dy,0,1,0.0,-1,啊，我一直都觉得他长得很普，不明白他怎么会有颜粉[尬笑][尬笑][尬笑][尬笑][尬笑]
2024/10/5 2:17,dy,0,1,0.0,-1,不是不会分手吗。爆出来有什么用。直接分手离开啊
2024/10/5 2:23,dy,0,1,0.0,-1,我之前就看过他们四个人的视频，第一眼看他就不是很舒服，也没关注，没想到
2024/10/5 2:25,dy,0,1,1.0,-1,什么牛马？没听过
2024/10/5 2:28,dy,0,0,0.0,0,他是啥星座的这对我很重要[流泪]
2024/10/5 2:31,dy,1,0,0.0,1,天，这种人，人设崩塌了
2024/10/5 2:34,dy,1,1,1.0,0,每次他们拍视频就他化的死白，我就有点看不惯[尬笑][尬笑][尬笑][尬笑][尬笑]
2024/10/5 2:41,dy,1,1,1.0,0,现在最乱不是娱乐圈，是网红圈[看]
2024/10/5 2:45,dy,1,1,1.0,0,长得就是家暴样
2024/10/5 2:50,dy,1,1,1.0,0,这种男人真的嫁不了，所有女孩子擦亮双眼，不要嫁这样的男人。真的有一次就有无数次。
2024/10/5 2:53,dy,1,1,1.0,0,还没结婚呢，就打，也算是让女孩看清了，要是他俩结婚，那就惨了，被打了，说是家庭纠纷，都没人管，打死你就是死了，离婚冷静期没过呢，头七都过了[流泪]
2024/10/5 2:56,dy,0,1,0.0,-1,现在长成这样也能当偶像明星？？审美真的在倒退了
2024/10/5 3:03,dy,0,1,1.0,-1,大惊小怪的，不行就赶紧跑赶紧分呗，打都都不跑，怨谁
2024/10/5 3:12,dy,0,0,0.0,0,我同学偶像塌了我也塌了
2024/10/5 3:20,dy,0,0,0.0,0,还好没谈过。
2024/10/5 3:26,dy,0,1,0.0,-1,结婚了才叫家暴，未婚的叫故意伤害[微笑]
2024/10/5 3:30,dy,0,0,0.0,0,我想问王烁是谁
2024/10/5 3:35,dy,0,0,0.0,0,分手啊
2024/10/5 3:39,dy,1,0,0.0,1,过瘾
2024/10/5 3:42,dy,0,0,0.0,0,吓我一跳，王栎鑫？？？？哦哦哦哦！不是他，还好不是！那王烁是谁？现在是什么人都可以上热搜？？？？
2024/10/5 3:49,dy,0,0,0.0,0,我爸家暴也从来不承认，说都是我们的错，他为了教育我和我妈，我们是被打的太少缺管教。
2024/10/5 3:52,dy,1,1,1.0,0,半夜在他床头磨刀[微笑]
2024/10/5 3:54,dy,0,0,0.0,0,被……家暴？[石化]
2024/10/5 3:57,dy,1,1,1.0,0,并不帅啊，到底谁在喜欢
2024/10/5 3:59,dy,1,1,1.0,0,我连他都不知都不认识，还退网，我真无语了
2024/10/5 4:02,dy,1,0,0.0,1,这都什么乱七八糟的热搜，四颗福星？？这是什么？干什么的？
2024/10/5 4:03,dy,0,0,0.0,0,着是谁
2024/10/5 4:05,dy,0,0,0.0,0,他是谁啊
2024/10/5 4:06,dy,0,0,0.0,0,都不认识  不用宣布
2024/10/5 4:07,dy,0,0,0.0,0,谁?不认识[微笑]
2024/10/5 4:08,dy,0,0,0.0,0,我以为杨烁
2024/10/5 4:10,dy,1,1,1.0,0,长这么娘还学人家暴啊[捂脸][捂脸][捂脸]
2024/10/5 4:13,dy,1,0,0.0,1,不认识，还以为是低音炮呢
2024/10/5 4:15,dy,0,0,0.0,0,这谁我用的是2g吗 怎么听都没听过
2024/10/5 4:16,dy,1,0,0.0,1,真是谁都能当个星啊
2024/10/5 4:18,dy,1,0,0.0,1,还有好男人嘛[尬笑]
2024/10/5 4:20,dy,0,0,0.0,0,不认得
2024/10/5 4:21,dy,0,0,0.0,0,这是谁？？？没听过呀？不出事不认识系列[捂脸][捂脸][捂脸]
2024/10/5 4:23,dy,1,0,1.0,1,长得好奇怪
2024/10/5 4:26,dy,0,0,0.0,0,不是家人，算家暴么
2024/10/5 4:29,dy,0,1,1.0,-1,女友不算家暴哦，算故意伤害，故意杀人
2024/10/5 4:31,dy,0,1,0.0,-1,长得这么帅，干嘛要做出这种事呢？[吐][吐][吐]
2024/10/5 4:33,dy,0,1,0.0,-1,什么人？
2024/10/5 4:37,dy,0,0,0.0,0,天天这都是谁？都不认识就莫名其妙上了热搜
2024/10/5 4:37,dy,0,0,0.0,0,不认识，别炒作了
2024/10/5 4:40,dy,1,0,1.0,1,小 P 孩出了点名内心的优越感油然而生
2024/10/5 4:42,dy,0,0,0.0,0,王烁是谁。[捂脸][捂脸]
2024/10/5 4:43,dy,0,1,0.0,-1,这不叫家暴，这是故意伤害
2024/10/5 4:45,dy,0,0,0.0,0,果然人不可貌相
2024/10/5 4:46,dy,0,0,0.0,0,王烁是谁啊？
2024/10/5 4:48,dy,0,0,0.0,0,这女的要是好好的他打她干嘛[你不大行]
2024/10/5 4:50,dy,1,1,1.0,0,这不是个娘们吗？不上热点都不知道是干啥的
2024/10/5 4:52,dy,0,0,0.0,0,不要结婚了
2024/10/5 4:57,dy,0,0,0.0,0,无人在意
2024/10/5 5:03,dy,0,0,0.0,0,你永远不知道你所追的星现实中是什么样
2024/10/5 5:10,dy,1,0,1.0,1,那你分手啊[尬笑]看上人家的钱了
2024/10/5 5:16,dy,0,0,0.0,0,这人是谁？
2024/10/5 5:20,dy,0,1,0.0,-1,虽然但是，淤青真的很容易形成，我跟男朋友也经常玩闹互掐然后双方第二天都会留下一堆淤青，不过我们是真的玩闹双方都不会生气[捂脸]
2024/10/5 5:25,dy,0,0,0.0,0,这人出名了[捂脸]
2024/10/5 5:26,dy,0,1,0.0,-1,这人啊，都是当面一套背后一套[发怒]
2024/10/5 5:30,dy,0,0,0.0,0,我前两个月才因为他们躲猫猫好玩关注的，这就告诉我塌一个？还是最有好感的
2024/10/5 5:35,dy,0,0,0.0,0,我也迷糊了，以为王栎鑫塌了...吓死我了..[流泪][捂脸]话说，这个王烁是谁啊....[耶]
2024/10/5 5:36,dy,0,1,0.0,-1,打那么多次都不离开，你是喜欢被他打的，所以男的只是成全女方，没毛病[捂脸][捂脸][捂脸]
2024/10/5 5:40,dy,0,0,0.0,0,这谁[抠鼻]
2024/10/5 5:42,dy,0,0,0.0,0,[尬笑]真喜欢自己对象的怎么舍得打，我就摔过东西但是从来没想过动手
2024/10/5 5:44,dy,0,1,0.0,-1,一看，就不是好人啊[捂脸]
2024/10/5 5:46,dy,1,1,1.0,0,娘们唧唧的 还会打人[憨笑]
2024/10/5 5:48,dy,1,1,1.0,0,不退网挣的钱要吐出来[尬笑]
2024/10/5 5:50,dy,0,1,0.0,-1,我靠 之前粉过他一段时间 我都不知道他有女朋友 怎么就突然家暴了 妈呀
2024/10/5 5:52,dy,0,0,0.0,0,幸好我喜欢王健宇
2024/10/5 5:53,dy,0,1,0.0,-1,这人谁啊？听都没听过，就退网了？[捂脸][捂脸][捂脸]
2024/10/5 5:55,dy,0,0,0.0,0,这也不是京城四少呀
2024/10/5 5:58,dy,0,0,0.0,0,要不是他退网，我不知道有这个组合up[捂脸]
2024/10/5 5:59,dy,1,0,0.0,1,这么c
2024/10/5 6:01,dy,0,0,0.0,0,谁[九转大肠]?
2024/10/5 6:02,dy,0,1,1.0,-1,七十二行行行都有渣
2024/10/5 6:06,dy,0,0,0.0,0,这个男的是谁
2024/10/5 6:09,dy,0,1,0.0,-1,女孩去艺考？艺考的女生是几岁呀？未成年吧？他有没有XX未成年的嫌疑呢？
2024/10/5 6:11,dy,0,0,0.0,0,我还不认识呢，怎么就塌房了[捂脸]
2024/10/5 6:14,dy,0,0,0.0,0,微博刚买完热搜，又来抖音。这谁啊[泪奔]
2024/10/5 6:15,dy,0,0,0.0,0,不认识.但是伤害人就得办他
2024/10/5 6:16,dy,0,1,0.0,-1,并不是家暴，而是故意伤人的行为！
2024/10/5 6:18,dy,0,0,0.0,0,还好我一直都喜欢王建宇
2024/10/5 6:19,dy,1,0,1.0,1,赶紧退网吧，你是谁啊
2024/10/5 6:21,dy,0,0,0.0,0,这谁[捂脸]
2024/10/5 6:22,dy,0,0,0.0,0,呜呜呜呜呜
2024/10/5 6:26,dy,0,0,0.0,0,给我吓一跳，我男朋友真叫王烁[微笑]
2024/10/5 6:27,dy,0,0,0.0,0,不认识[微笑]
2024/10/5 6:29,dy,0,0,0.0,0,我们技校的学生 很多比他帅 什么时候能当明星啊？他们脾气还不错哈哈哈
2024/10/5 6:30,dy,1,1,1.0,0,嘴唇是黑黑紫紫的人都会家暴。而且在外人面前还很会装好男人
2024/10/5 6:32,dy,1,1,1.0,0,长着就家暴样
2024/10/5 6:34,dy,0,0,0.0,0,这男的谁啊
2024/10/5 6:38,dy,0,1,0.0,-1,没结婚怎么算家暴啊 是故意伤害好吗[捂脸]
2024/10/5 6:39,dy,0,1,0.0,-1,都没有结婚，甚至都算不上家暴吧！！就是故意伤害[微笑][微笑]
2024/10/5 6:41,dy,0,1,1.0,-1,退呗，管我啥事，打女孩整的自己像受害者
2024/10/5 6:43,dy,0,0,0.0,0,那川渝暴龙和东北虎打男的怎么算[泪奔]
2024/10/5 6:46,dy,0,1,1.0,-1,家暴，我敢说十个男人9个会家暴..
2024/10/5 6:48,dy,0,0,0.0,0,王硕又是谁
2024/10/5 6:51,dy,1,0,0.0,1,天呐，以前快乐男声时候还挺喜欢他的，没想到是这种人，粉转黑了
2024/10/5 6:53,dy,0,0,0.0,0,谁????? 不认识
2024/10/5 6:56,dy,0,0,0.0,0,家暴只有一次和无数次
2024/10/5 6:57,dy,0,0,0.0,0,所以这个人是谁啊[捂脸]
2024/10/5 6:58,dy,0,0,0.0,0,我以为杨烁[流泪][流泪][流泪]
2024/10/5 7:00,dy,0,0,0.0,0,有一次就会有第二次，还会有无数次的
2024/10/5 7:02,dy,0,0,0.0,0,我第一反应是王栎鑫，第二反应杨烁[捂脸][捂脸][捂脸]
2024/10/5 7:04,dy,0,1,0.0,-1,我这身板真不知道谁摔谁
2024/10/5 7:07,dy,0,1,1.0,-1,这男人还是女人 [疑问][疑问]
2024/10/5 7:08,dy,1,0,0.0,1,退网是能逃避法律吗？退网就是可以既往不咎吗？退网就是惩罚吗？
2024/10/5 7:11,dy,0,0,0.0,0,不知道干嘛的[尬笑]
2024/10/5 7:14,dy,0,0,0.0,0,王烁塌的太突然了 哭了一晚上 我挺喜欢他的 来个纯情小女生讨论一下[流泪]
2024/10/5 7:17,dy,1,0,0.0,1,这么娘这么爷[赞]
2024/10/5 7:18,dy,0,0,0.0,0,我甚至不认识这个人[捂脸]
2024/10/5 7:20,dy,1,0,0.0,1,谁啊卧槽(д。)
2024/10/5 7:22,dy,1,1,1.0,0,家暴虽然不对，但是看了抖音之后，发现好多女人该打[泪奔][泪奔]
2024/10/5 7:26,dy,0,0,0.0,0,都不知道他是谁，还退网[打脸]
2024/10/5 7:28,dy,0,0,0.0,0,不是，谁是王烁啊[泪奔]
2024/10/5 7:30,dy,0,0,0.0,0,谁啊…[疑问]
2024/10/5 7:31,dy,0,0,0.0,0,为什么热搜说的是王栎鑫，吓我一跳。[发怒]
2024/10/5 7:33,dy,0,0,0.0,0,我还以为是王灿[流泪]
2024/10/5 7:35,dy,0,0,0.0,0,啊？四颗福星是什么？我断网了
2024/10/5 7:37,dy,0,0,0.0,0,啊 如果真的是互相动手 为啥要退网
2024/10/5 7:39,dy,0,0,0.0,0,他是干嘛的呀，这几天老刷到
2024/10/5 7:41,dy,0,0,0.0,0,好害怕[流泪] 需要一个185有腹肌的男大抱着我[流泪]
2024/10/5 7:44,dy,0,0,0.0,0,我还以为王栎鑫呢
2024/10/5 7:47,dy,1,1,1.0,0,说骚话气你，你没忍住就是家暴[不失礼貌的微笑]  集帅们改改自己的急脾气吧[比心]
2024/10/5 7:48,dy,0,0,0.0,0,没新闻就放天气预报吧
2024/10/5 7:49,dy,0,0,0.0,0,我都不知道他谁
2024/10/5 7:51,dy,1,0,0.0,1,砸人饭碗，如同杀人父母
2024/10/5 7:52,dy,0,0,0.0,0,谁啊？
2024/10/5 7:54,dy,1,1,1.0,0,垃圾
2024/10/5 7:54,dy,0,0,0.0,0,女性安全[玫瑰][玫瑰][玫瑰]
2024/10/5 7:57,dy,0,0,0.0,0,无人在意哈
2024/10/5 7:59,dy,1,1,1.0,0,男的打女的就是家暴，那这女的也打了男的，怎么没人说她家暴？
2024/10/5 8:02,dy,0,0,0.0,0,这又是哪个？[捂脸]无人在意哈。
2024/10/5 8:06,dy,0,0,0.0,0,这些年塌房的都是谁啊，一个都不认识[宕机]
2024/10/5 8:10,dy,0,0,0.0,0,[看][看][看]
2024/10/5 8:14,dy,0,1,0.0,-1,一个人的好永远不是一个好皮囊
2024/10/5 8:16,dy,0,0,0.0,0,什么视频[泪奔]
2024/10/5 8:18,dy,1,1,1.0,0,这是哪根葱
2024/10/5 8:19,dy,1,1,1.0,0,[微笑][微笑][微笑][微笑]家暴不分男女。女的都拿刀了，还想怎么滴。男的记得跑快点。
2024/10/5 8:23,dy,0,0,0.0,0,汉炳熙的含金量依旧在上升
2024/10/5 8:24,dy,1,0,0.0,1,他是明星吗就塌
2024/10/5 8:26,dy,0,0,0.0,0,四颗福星是什么[泪奔]
2024/10/5 8:28,dy,0,0,0.0,0,根本就不是家暴，是故意伤害！！
2024/10/5 8:33,dy,0,0,0.0,0,我还以为说的是欢乐颂的小包总
2024/10/5 8:36,dy,0,0,0.0,0,这又是谁啊[白眼]
2024/10/5 8:38,dy,1,0,1.0,1,啥人都能占用公共资源呀[尬笑]
2024/10/5 8:40,dy,0,0,0.0,0,为啥知道他对前女友也这样还在一起
2024/10/5 8:42,dy,0,0,0.0,0,现在的小奶狗质量也就这样吗[尬笑]
2024/10/5 8:44,dy,0,0,0.0,0,听着好累啊
2024/10/5 8:46,dy,0,0,0.0,0,画着大白脸。女人就爱这样的是吗？
2024/10/5 8:47,dy,0,0,0.0,0,不是 ，你既然都知道人家对前女友不好了，就该掂量出这男的啥人品了，还跟他在一起?该不会觉得男的让前女友下跪是因为这男的魅力大吧？[尬笑]
2024/10/5 8:49,dy,0,0,0.0,0,王烁我不管，四颗福星怎么办
2024/10/5 8:51,dy,0,0,0.0,0,笑死，粗粗看了一下热搜还以为是王栎鑫…吓死si我了……
2024/10/5 8:54,dy,0,0,0.0,0,谁认识浪费流量
2024/10/5 8:56,dy,0,0,0.0,0,结婚没？家暴的定义是？
2024/10/5 8:58,dy,0,0,0.0,0,又是什么糊咖
2024/10/5 8:58,dy,0,0,0.0,0,打人没事吗
2024/10/5 9:02,dy,0,0,0.0,0,[捂脸]
2024/10/5 9:04,dy,0,0,0.0,0,没办法长的帅 女人就喜欢这种[比心][比心]
2024/10/5 9:06,dy,0,0,0.0,0,不粉
2024/10/5 9:08,dy,0,0,0.0,0,就是开始挺喜欢他的 但是后面看了四颗福星有一期他拿着工作人员的照片说很喜欢人家啥的那时候就感觉怪怪的 虽说可能是为了节目效果但是听着也挺让人不舒服的[宕机]
2024/10/5 9:11,dy,0,0,0.0,0,边痈霭
2024/10/5 9:12,dy,0,0,0.0,0,谁啊？和我宣布退网有什么区别[呲牙]
2024/10/5 9:12,dy,0,0,0.0,0,就是女生经常对男生干的事情男生干了，成家暴了，女生干的时候就是正常的[捂脸]
2024/10/5 9:13,dy,1,0,1.0,1,超雄综合症的小孩长大了
2024/10/5 9:15,dy,0,1,0.0,-1,赚够了吗[暗中观察]
2024/10/5 9:19,dy,0,0,0.0,0,经典操作
2024/10/5 9:22,dy,0,0,0.0,0,听都没听过[捂脸]
2024/10/5 9:24,dy,0,0,0.0,0,[九转大肠]谁啊 不认识感觉不出名
2024/10/5 9:26,dy,0,0,0.0,0,不是我明天买个热搜我也要宣布退网
2024/10/5 9:29,dy,0,0,0.0,0,这人是谁，
2024/10/5 9:32,dy,0,0,0.0,0,支持王烁
2024/10/5 9:35,dy,0,0,0.0,0,什么叫家暴，结婚了叫家暴，没结婚还叫家暴[微笑]
2024/10/5 9:38,dy,0,0,0.0,0,退呗，谁管你
2024/10/5 9:42,dy,0,0,0.0,0,王烁是谁  我以为是杨烁呢  点进去看不是[看]
2024/10/5 9:44,dy,0,0,0.0,0,对蛮，这才是实锤
2024/10/5 9:45,dy,0,0,0.0,0,赶紧退哈哈哈哈
2024/10/5 9:47,dy,1,1,1.0,0,这个长相还有什么好塌房的…
2024/10/5 9:49,dy,0,0,0.0,0,幸亏我喜欢汉炳熙[捂脸]
2024/10/5 9:52,dy,1,0,1.0,1,什么家暴 明明就是故意杀人
2024/10/5 9:54,dy,1,0,0.0,1,你还宣布退网？谁在乎呢[抠鼻]
2024/10/5 9:57,dy,0,0,0.0,0,毕竟长得好看，没关系的
2024/10/5 10:01,dy,0,0,0.0,0,全网震惊了，王硕是谁？
2024/10/5 10:06,dy,0,0,0.0,0,四颗福星是谁？听都没听过。。。
2024/10/5 10:11,dy,0,0,0.0,0,他们不是很早分手了嘛，怎么现在才爆啊
2024/10/5 10:14,dy,0,0,0.0,0,这谁。
2024/10/5 10:18,dy,0,0,0.0,0,唉  任性深处的东西是预知不了的[捂脸]
2024/10/5 10:23,dy,0,0,0.0,0,妈呀，我说看着这么眼熟，我勒个天双姐啊！！！！
2024/10/5 10:26,dy,0,0,0.0,0,没听过这人
2024/10/5 10:27,dy,0,0,0.0,0,不好意思第一眼：王栎鑫被家暴[捂脸]
2024/10/5 10:30,wb,0,0,0.0,0,眼神都不善 还控诉女友，支持他女友报警
2024/10/5 10:31,dy,0,0,0.0,0,问个问题，家暴只是男性专用词吗？女朋友打人算什么？无解
2024/10/5 10:35,dy,0,0,0.0,0,两个人的私事让他们自己解决
2024/10/5 10:37,dy,0,0,0.0,0,到底是谁先动手啊，被打还手错不？
2024/10/5 10:41,dy,0,0,0.0,0,王烁塌的太突然了 哭了一晚上 我挺喜欢他的 来个男孩子一起边打王者娱乐边讨论一下
2024/10/5 10:44,dy,0,0,0.0,0,那就更喜欢了呀[舔屏]
2024/10/5 10:47,dy,0,0,0.0,0,四颗福星是啥啊[捂脸]都没听过
2024/10/5 10:49,dy,0,0,0.0,0,这人干嘛的，第一次听说就退网了
2024/10/5 10:52,dy,0,0,0.0,0,如果她们没有结婚这就不是家暴了，而是故意伤害
2024/10/5 10:54,dy,0,0,0.0,0,这是谁啊[捂脸]没听说过
2024/10/5 10:57,dy,0,0,0.0,0,他是谁  不认识[尬笑]
2024/10/5 10:59,dy,0,0,0.0,0,王烁是谁？[微笑]
2024/10/5 11:02,dy,0,0,0.0,0,[尬笑]这是谁啊 干啥的 不认识
2024/10/5 11:03,dy,0,0,0.0,0,不认识[泪奔][泪奔][泪奔]
2024/10/5 11:06,dy,0,0,0.0,0,王烁是谁[抠鼻]没听过
2024/10/5 11:08,dy,0,0,0.0,0,他又是谁
2024/10/5 11:14,dy,0,0,0.0,0,那王烁最近的朋友都不清楚吗？[流泪]而且为什么这个时候爆出来？[泣不成声]
2024/10/5 11:17,dy,0,0,0.0,0,真是人不可貌相
2024/10/5 11:20,dy,0,0,0.0,0,没结婚不是家暴
2024/10/5 11:21,dy,1,0,0.0,1,还有很多人觉得可惜，恬不知耻
2024/10/5 11:23,dy,0,0,0.0,0,嗯…谁啊[黑脸]
2024/10/5 11:26,dy,0,0,0.0,0,不喜欢还要这样在一起？
2024/10/5 11:28,dy,0,0,0.0,0,我都不认识他[捂脸]
2024/10/5 11:32,dy,0,0,0.0,0,没结婚 故意伤人
2024/10/5 11:34,dy,0,0,0.0,0,吓死了还好不是王栎鑫[泣不成声][泣不成声][泣不成声]
2024/10/5 11:35,dy,0,0,0.0,0,第一次听说 竟然是听说家暴
2024/10/5 11:39,dy,0,0,0.0,0,不认识[捂脸][捂脸][捂脸]退就退呗！
2024/10/5 11:41,dy,0,0,0.0,0,素瓜豆
2024/10/5 11:44,dy,0,0,0.0,0,？他们又没结婚，怎么就是家暴了，这不就是故意伤害罪吗，哪门子的家暴
2024/10/5 11:46,wb,0,0,0.0,0,我一猛看成王栎鑫
2024/10/5 11:47,dy,0,0,0.0,0,我都不知道他是谁[看]
2024/10/5 11:49,dy,0,0,0.0,0,我也叫王烁，但是是石页硕
2024/10/5 11:51,dy,0,0,0.0,0,现在的社会就是以貌取人你觉得他好看，那你就会觉得他人品好
2024/10/5 11:54,dy,0,0,0.0,0,谁懂啊家人们 婚姻给了男人女人什么
2024/10/5 11:58,dy,0,0,0.0,0,不管你女生打不打男生，你男生都不能打女生[发怒]
2024/10/5 12:00,dy,1,0,0.0,1,他不退网我都不知道他是谁[泣不成声]
2024/10/5 12:03,dy,0,0,0.0,0,未知全貌还是别评价了[你不大行][尬笑]
2024/10/5 12:06,dy,0,0,0.0,0,这不是家暴，这是故意伤人[尬笑][尬笑][尬笑]
2024/10/5 12:09,dy,0,0,0.0,0,啊啊
2024/10/5 12:11,dy,0,0,0.0,0,娱乐圈看个乐子就好了，别认真[九转大肠]
2024/10/5 12:13,dy,0,0,0.0,0,是王烁被家暴还是他的女朋友被家暴？
2024/10/5 12:15,dy,0,0,0.0,0,呐咦～王烁谁啊[微笑]
2024/10/5 12:17,dy,0,0,0.0,0,这谁啊[裂开]
2024/10/5 12:20,dy,0,0,0.0,0,谁？
2024/10/5 12:22,dy,1,0,0.0,1,塌的有点快啊，听都没听过这名字就塌了
2024/10/5 12:24,dy,1,0,0.0,1,现在回答我，如果世界上只有我和他两个男人，你愿意嫁给谁！！（其实还是有很多人愿意嫁给他的[流泪][流泪]）
2024/10/5 12:25,dy,0,0,0.0,0,我也是[偷笑]
2024/10/5 12:28,dy,0,0,0.0,0,你退是初一不退是十五
2024/10/5 12:30,dy,0,0,0.0,0,我不管王硕但四颗福星怎么办啊[流泪]
2024/10/5 12:31,dy,1,0,0.0,1,谈恋爱期间两个人就互相动手，这两个人都挺危险
2024/10/5 12:33,dy,0,0,0.0,0,王烁宣布是谁啊[捂脸]
2024/10/5 12:35,dy,0,0,0.0,0,是我岁数大了吗，王烁是谁？
2024/10/5 12:39,dy,1,0,1.0,1,家暴男真的很恶心[微笑]
2024/10/5 12:43,dy,0,0,0.0,0,我以为是我们家糊糊[流泪]
2024/10/5 12:44,dy,0,0,0.0,0,懒得编了（找个御姐）
2024/10/5 12:46,dy,0,0,0.0,0,又是个谁[宕机]
2024/10/5 12:48,dy,0,0,0.0,0,啊？抱歉，第一次听说这人，火了才认识[尬笑]
2024/10/5 12:51,dy,0,0,0.0,0,这人到底是谁啊、第一次听说
2024/10/5 12:54,dy,0,0,0.0,0,在这我竟然一次都没刷过这个人  果然我的抖音质量高[泪奔]
2024/10/5 12:58,dy,0,0,0.0,0,王烁塌的太突然了 哭了一晚上 我挺喜欢他的 来个男孩子一起边打炉石一边讨论一下[流泪][比心]
2024/10/5 13:00,dy,0,0,0.0,0,我焯[微笑][微笑]
2024/10/5 13:01,dy,0,0,0.0,0,我还想糊糊又咋地了，啪的一下就点进来了[捂脸][捂脸][捂脸][捂脸]
2024/10/5 13:02,dy,1,0,1.0,1,这个男的面相就是看起来很凶，颧骨高，嘴唇薄，眼尾锋利，眼角尖
2024/10/5 13:03,dy,0,0,0.0,0,"你看，男人就是这样无论高的矮的胖瘦的穷的富得都会让你难受，这就是基本盘，别说什么我们这没有这没有那没有，那是因为你呆在家里不知道人家家里面的事，越是否认越
此地无银三百两[看]就是有"
2024/10/5 13:06,dy,1,1,1.0,0,直接封杀，毫无疑问
2024/10/5 13:09,dy,0,0,0.0,0,别扯家暴，他俩没结婚[捂脸][捂脸][捂脸]
2024/10/5 13:12,dy,0,0,0.0,0,我看成王栎鑫家暴呢，我还寻思他不是离婚之后跟前妻相处的挺好吗
2024/10/5 13:15,dy,1,0,1.0,1,退屁 是网友给你赶走的
2024/10/5 13:16,dy,0,0,0.0,0,这个女的一点都俊
2024/10/5 13:20,dy,0,0,0.0,0,一个十全十美的人本身就有问题，
2024/10/5 13:21,dy,0,0,0.0,0,所以没人报警吗？[微笑]
2024/10/5 13:24,dy,0,0,0.0,0,说个想法 四颗福星关系这么好 ws家暴其他三个人能不知道吗
2024/10/5 13:27,dy,0,0,0.0,0,家暴？哪来的家 故意伤人了
2024/10/5 13:28,dy,0,0,0.0,0,谁[泣不成声]
2024/10/5 13:35,dy,0,0,0.0,0,这是谁？？[捂脸]看完这新闻我都不知道是谁[捂脸]是我被娱乐圈淘汰了吗？
2024/10/5 13:36,dy,0,0,0.0,0,我记得很久以前不是爆过他家暴还退了一段时间，后面风波过了又逐渐出镜了
2024/10/5 13:38,dy,0,0,0.0,0,咱们喜欢的都是人设[捂脸]
2024/10/5 13:40,dy,0,0,0.0,0,看这打的一下我肾上腺素就要飙起来了，自白书都不需要看我就知道什么货色，希望下次是看到进去的消息。[看]
2024/10/5 13:41,dy,0,0,0.0,0,说一句对不起退网了就这样子了那女孩受到的伤害算什么[衰][衰][衰]
2024/10/5 13:45,dy,0,0,0.0,0,他是谁，感觉不认识[泣不成声]
2024/10/5 13:48,dy,0,0,0.0,0,你不说鬼知道他是谁
2024/10/5 13:50,dy,0,0,0.0,0,什么叫永久退网？
2024/10/5 13:53,dy,1,1,1.0,0,应该永远消失，退网是怕被曝光
2024/10/5 13:54,dy,1,1,1.0,0,病的不轻
2024/10/5 13:56,dy,0,0,0.0,0,。。。这些都是谁啊？真的一点不认识，看见抖音推搜索两天了
2024/10/5 13:57,dy,0,0,0.0,0,这谁啊，我同事叫王烁，吓我一跳
2024/10/5 13:59,dy,0,0,0.0,0,[赞][赞][赞][赞][赞][赞]
2024/10/5 14:01,dy,0,1,1.0,-1,都不是善茬
2024/10/5 14:04,dy,0,0,0.0,0,没结婚哪来的家暴？这是故意伤害罪
2024/10/5 14:07,dy,0,0,0.0,0,但是王烁之前不还立深情人设了吗
2024/10/5 14:09,dy,0,0,0.0,0,王烁眼里的自己[捂脸]
2024/10/5 14:11,dy,0,0,0.0,0,无人在意，无人理会
2024/10/5 14:14,dy,0,0,0.0,0,不认识但是东北雨姐塌的太突然了，哭了一整夜完全不敢相信，有小萝莉跟我一起聊聊吗，最好能看看腿[流泪]
2024/10/5 14:16,dy,0,0,0.0,0,还是我宗主好
2024/10/5 14:18,dy,0,0,0.0,0,王烁塌的太突然了，哭了一整夜根本不敢相信，有180男大跟我打王者吗？带我走出阴霾[流泪]谢谢[流泪]
2024/10/5 14:20,dy,0,0,0.0,0,都是都不知道谁
2024/10/5 14:22,dy,0,0,0.0,0,不整这一下我都不认识他
2024/10/5 14:24,dy,0,0,0.0,0,能不能把四颗福星改成三颗福星啊 我是真爱看。
2024/10/5 14:25,dy,0,0,0.0,0,他帅吗？图他有机会成为大明星？？
2024/10/5 14:26,dy,0,0,0.0,0,不是这个为什么也会冲上热搜呀？这人我都不认识。之前看了其他的我一开始看快了还以为王栎鑫呢
2024/10/5 14:29,dy,0,0,0.0,0,你们真的不会打回去吗？我前男友用玩笑掩饰来打我巴掌，我直接把他打了一顿，问他喜欢这个玩笑吗？后面他再也不敢动手了
2024/10/5 14:34,dy,0,0,0.0,0,这两天咋都是他的名字[捂脸]然后发现自己真是头一次知道这个人[皱眉]
2024/10/5 14:36,dy,0,0,0.0,0,谁啊？没刷到过[吐血]
2024/10/5 14:40,dy,0,0,0.0,0,此王烁非此王硕
2024/10/5 14:43,dy,0,0,0.0,0,不好看
2024/10/5 14:44,dy,0,0,0.0,0,对不起，以这样的方式认识你[捂脸]
2024/10/5 14:46,dy,0,0,0.0,0,这不是家暴，这是故意伤害！！！直接报警啊
2024/10/5 14:47,dy,0,0,0.0,0,我能弱弱的问一句他是干啥的吗
2024/10/5 14:50,dy,0,0,0.0,0,哈哈
2024/10/5 14:50,dy,1,0,0.0,1,这人长的，怎么满嘴都是牙[看][看]
2024/10/5 14:52,dy,0,0,0.0,0,不是自己的选择嘛  趁早结束吧
2024/10/5 14:54,dy,0,0,0.0,0,我靠 我之前还看他拍一个家暴视频 当时觉得可真实
2024/10/5 14:56,dy,0,0,0.0,0,王烁塌的太突然了 哭了一晚上 实在太喜欢他了 （有没有王者打的厉害的 能带我飞的）
2024/10/5 14:58,dy,0,0,0.0,0,我老婆就是每次先动手。
2024/10/5 14:59,dy,0,0,0.0,0,王烁是谁啊[尬笑]
2024/10/5 15:01,dy,0,0,0.0,0,本来籍籍无名，这下出名了，可也臭了
2024/10/5 15:02,dy,0,0,0.0,0,认都不认识[捂脸]
2024/10/5 15:05,dy,0,0,0.0,0,这有什么好争执的，他打人是不对，但是这种事有什么好争执的，看了就看了呗，非要闹这么大吗？
2024/10/5 15:06,dy,1,0,0.0,1,放这么伤感的音乐干什么啊？应该放个喜羊羊呀
2024/10/5 15:10,dy,0,0,0.0,0,王烁账号私密了
2024/10/5 15:11,dy,1,0,0.0,1,这属于那一颗葱[泪奔][泪奔][泪奔]
2024/10/5 15:15,dy,0,0,0.0,0,断网了！虽然...但是...这小孩也不帅啊[尬笑]
2024/10/5 15:16,dy,0,0,0.0,0,好家活……又来个塌房即出道的，这谁啊到底[捂脸][捂脸]
2024/10/5 15:19,dy,0,0,0.0,0,四颗福星怎么办...
2024/10/5 15:22,dy,0,0,0.0,0,这不纯互殴吗[捂脸]
2024/10/5 15:27,dy,0,0,0.0,0,王烁塌的太突然了，哭了一整夜完全不敢相信，有180+的男大帅哥一起铲吗[流泪]
2024/10/5 15:29,dy,0,0,0.0,0,[尬笑][震惊][泣不成声][泣不成声][可怜]
2024/10/5 15:35,dy,1,0,0.0,1,啊？[九转大肠]什么人都能被上热搜了吗[九转大肠]
2024/10/5 15:39,dy,0,0,0.0,0,什么  你说他塌了[泣不成声][泣不成声][泣不成声][泣不成声][泣不成声]
2024/10/5 15:40,dy,0,0,0.0,0,突然，哭，一米八面容姣好性格开朗声音好听男大，阴阳师，懂？
2024/10/5 15:41,dy,0,0,0.0,0,给你脸了
2024/10/5 15:44,dy,0,0,0.0,0,王烁塌的太突然了我甚至有点心痛了 有175薄肌大帅哥陪我打金铲铲吗[眼含热泪]
2024/10/5 15:48,dy,0,0,0.0,0,Who cares
2024/10/5 15:51,dy,0,0,0.0,0,王烁是哪位啊？
2024/10/5 15:53,dy,0,0,0.0,0,谁是王烁，他是干嘛的
2024/10/5 15:54,dy,1,0,0.0,1,你俩最好不是剧本都是一个公司[捂脸]
2024/10/5 15:56,dy,0,0,0.0,0,这都是谁呀？我都来不及认识就爆了。
2024/10/5 15:59,dy,1,1,1.0,0,看着就感觉长得好奇怪
2024/10/5 16:01,dy,0,0,0.0,0,上班上迷糊了，以为王栎鑫塌了...吓死我了..[流泪]然后，这个王烁是谁啊....[九转大肠][九转大肠][九转大肠][九转大肠]
2024/10/5 16:03,dy,0,0,0.0,0,虽然、但是、好像我不认识，就问问有人玩火影吗，帮我上超谢谢[呲牙]
2024/10/5 16:05,dy,0,0,0.0,0,不是，这是家暴？他们结婚了？这不是故意伤害吗，现在恋爱也叫家暴？
2024/10/5 16:12,dy,0,0,0.0,0,谁懂啊[流泪]作为一个男的我觉得俊凯演的很好，749局也是真的好看，身边没有一个人懂我，我自己哭了一整天，谁懂我俊凯演的真的很好[流泪][流泪][流泪]
2024/10/5 16:15,dy,0,0,0.0,0,糊是他最好的保护色[捂脸][OK]
2024/10/5 16:16,dy,0,0,0.0,0,[看]不是首次，次次有女朋友？那说明跟他在一起，那些女的不是可以接受吗？
2024/10/5 16:19,dy,0,0,0.0,0,难怪我感觉他们玩游戏的时候对王烁下手都不是很重[发呆]
2024/10/5 16:23,dy,0,0,0.0,0,是故意伤人[黑脸]
2024/10/5 16:25,dy,0,0,0.0,0,王烁塌的太突然了，哭了一整夜完全不敢相信，有185+的男大帅哥和我探讨一下吗？[捂脸][OK]
2024/10/5 16:27,dy,0,0,0.0,0,弹幕竟然有个人说你要毁了他吗[尬笑]
2024/10/5 16:33,dy,0,0,0.0,0,搞笑
2024/10/5 16:35,dy,0,0,0.0,0,这谁啊[衰]
2024/10/5 16:40,dy,0,0,0.0,0,人以群分
2024/10/5 16:41,dy,0,0,0.0,0,没结婚算什么家暴啊？报警啊，这是故意伤害啊
2024/10/5 16:46,dy,0,0,0.0,0,我都不认识他是谁[呆无辜][呆无辜][呆无辜]
2024/10/5 16:50,dy,0,0,0.0,0,听到家暴这个词，就心惊肉跳
2024/10/5 16:54,dy,0,0,0.0,0,王烁塌的太突然了，哭了一整夜完全不敢相信，有180+的男大帅哥和我打王者吗
2024/10/5 16:58,dy,1,1,1.0,0,他谁啊。退个网络而已还要报到？闲的没事干吧[尬笑]
2024/10/5 17:02,dy,0,1,0.0,-1,这是谁呀咋没听过撒
2024/10/5 17:09,dy,1,1,1.0,0,为什么女的都喜欢家暴男[捂脸]
2024/10/5 17:12,dy,0,0,0.0,0,他是谁？[宕机]
2024/10/5 17:16,dy,1,1,1.0,0,家暴？成家了吗？这直接伤害好吗 ，我的天
2024/10/5 17:24,dy,0,1,0.0,-1,才能与人品不冲突，没什么好可惜的[呆无辜]
2024/10/5 17:31,dy,0,1,0.0,-1,摔手机算家暴？
2024/10/5 17:40,dy,0,0,0.0,0,这又是谁
2024/10/5 17:47,dy,0,0,0.0,0,不是，王烁是谁呀？[微笑]
2024/10/5 17:52,dy,0,0,0.0,0,有多人不知道他是谁的
2024/10/5 17:55,dy,0,0,0.0,0,太突然了 有点一下子不太能接受 哭了一下午完全不敢相信 有180男大跟我一起聊聊吗[流泪]
2024/10/5 17:57,dy,0,0,0.0,0,拿个布背包摔一下也算家暴啊[捂脸]
2024/10/5 17:59,dy,1,0,1.0,1,妈呀，这男的细胳膊细腿的还挺威风啊，看得我一个男的都想和他谈了，让他暴我一个试试[色][色][色]
2024/10/5 18:06,dy,0,0,0.0,0,第一次听说，结果是他宣布他要退网[捂脸][捂脸][捂脸]
2024/10/5 18:09,dy,0,0,0.0,0,"王烁塌房了我心里好难受
有没有170的，最好声音好听的小姐姐，我们来聊聊王烁[流泪][流泪]"
2024/10/5 18:18,dy,0,0,0.0,0,这谁啊[噢买尬]
2024/10/5 18:23,dy,1,0,0.0,1,起猛了，第一眼以为是王栎鑫：他能家暴谁[捂脸]
2024/10/5 18:26,dy,0,0,0.0,0,王烁塌的太突然了 哭了一晚上 我挺喜欢他的 来个女孩子一起边打永劫一边讨论一下[流泪]
2024/10/5 18:32,dy,0,0,0.0,0,王烁塌的太突然了 哭了一晚上 我挺喜欢他的 来个188帅哥聊聊天
2024/10/5 18:46,dy,0,0,0.0,0,啊，他哪个，我真不认识[捂脸]
2024/10/5 18:52,dy,1,0,0.0,1,我听都没听过，就说退网了，你这。。这。
2024/10/5 19:00,dy,0,0,0.0,0,[尬笑]没别的意思  他是谁纯好奇
2024/10/5 19:12,dy,0,0,0.0,0,所以他是谁啊，明星吗？还是网红[捂脸]
2024/10/5 19:21,dy,0,0,0.0,0,4颗福星是啥意思[发呆]王烁是谁[石化]跟不上时代了[流泪]
2024/10/5 19:29,dy,0,0,0.0,0,都没听过这人
2024/10/5 19:37,dy,0,0,0.0,0,我甚至不知道这个人是谁[捂脸]
2024/10/5 19:46,dy,0,0,0.0,0,谁啊？[泪奔]
2024/10/5 20:01,dy,1,0,0.0,1,哦吼，王烁小号还涨粉啦[捂脸][捂脸][捂脸]
2024/10/5 20:08,wb,1,0,0.0,1,不是 王烁是谁啊？是没什么新闻可报了吗？这么无聊
2024/10/5 20:13,dy,1,1,1.0,0,本来以为家暴是婚后两个人住在一起才有的[宕机]
2024/10/5 20:25,dy,1,0,0.0,1,看见好些人说帅，也没很帅吧，身材比例好、五官不丑的男生化妆包装一下不就这样嘛[疑问]
2024/10/5 20:39,dy,0,0,0.0,0,这谁啊，dy怎么现在啥都往我这推[发呆]
2024/10/5 20:52,dy,0,0,0.0,0,王烁塌的太突然了，虽然完全不认识，但是完全不敢相信，有180+会玩曜的男大帅哥和我打王者吗，最好是会玩曜的，教教我吧[流泪]自己玩了局人机局气的睡不着觉
2024/10/5 21:04,dy,0,0,0.0,0,都不认识就退了[泪奔]
2024/10/5 21:15,dy,0,1,0.0,-1,为什么一出事了只会有视频录音照片呢   是哪些人跟男女朋友一起会留这些东西呢  准备这些东西 是什么目的呢    喜欢就在一起不喜欢就分开   只个人见解
2024/10/5 21:31,dy,0,0,0.0,0,这谁[疑问]不认识
2024/10/5 21:54,dy,0,1,0.0,-1,[宕机]旱的旱死，涝的涝死
2024/10/5 22:01,dy,0,0,0.0,0,感谢王烁
2024/10/5 22:24,dy,1,0,1.0,1,有一说一，这喜欢这男人的都什么审美啊
2024/10/5 22:43,dy,0,0,0.0,0,动手的时候就该走
2024/10/5 22:52,dy,0,1,0.0,-1,真的是厉害了
2024/10/5 23:00,dy,1,1,1.0,0,说复出就复出，说退就退，跟放屁一样[看]
2024/10/5 23:13,dy,0,0,0.0,0,还不认识这人，就塌了[泪奔][泪奔]
2024/10/5 23:22,dy,1,1,1.0,0,他以为他是谁，以为自己是陈冠希吗，还宣布
2024/10/5 23:35,dy,0,0,0.0,0,[看]
2024/10/5 23:45,dy,1,1,1.0,0,陈冠希也开新闻发布会永远退出娱乐圈[呲牙]
2024/10/5 23:56,dy,0,0,0.0,0,小号说退出？
2024/10/6 0:13,dy,1,1,1.0,0,"谁懂[宕机]知道他家暴那刻,我看他面相都变了[微笑]"
2024/10/6 0:19,dy,0,0,0.0,0,[吐血]还好不认识
2024/10/6 0:23,dy,1,0,0.0,1,为什么要看人家手机？自己找虐？
2024/10/6 0:33,dy,0,0,0.0,0,王烁塌的太突然了 哭了一晚上 我挺喜欢他的 来个女孩子一起边打劫打go打瓦一边讨论一下[流泪]
2024/10/6 0:47,dy,0,0,0.0,0,我都是和我老公一起看，是不是我有问题啊[流泪][流泪][流泪]
2024/10/6 0:51,dy,0,0,0.0,0,意思是换个平台[看]
2024/10/6 0:57,dy,0,0,0.0,0,王烁塌的太突然了 哭了一晚上 我挺喜欢他的 来个男孩子一起边打永劫无间一边讨论一下[流泪]
2024/10/6 1:03,dy,1,0,0.0,1,认识一个明星既然是他塌方的时候[捂脸]
2024/10/6 1:06,dy,1,0,0.0,1,这谁啊，啥都是明星了
2024/10/6 1:08,dy,0,0,0.0,0,谁啊，他是干嘛的？[宕机][宕机][宕机]
2024/10/6 1:14,dy,1,1,1.0,0,长得也不帅啊[宕机]
2024/10/6 1:21,dy,0,0,0.0,0,谁？？？
2024/10/6 1:27,dy,0,0,0.0,0,为什么我不认识的人也会被推过来了解一下[捂脸]
2024/10/6 1:33,dy,0,0,0.0,0,王烁是谁……
2024/10/6 1:41,dy,0,0,0.0,0,我要不是看双姐，我都不认识他[微笑]
2024/10/6 1:44,dy,0,1,0.0,-1,[流泪]我塌了 我塌了
2024/10/6 1:49,dy,1,1,1.0,0,面相都变了[黑脸]
2024/10/6 1:57,dy,0,0,0.0,0,武汉传媒学院的，我学校斜对面，都没听见风言风语还是网上传的快昂[捂脸]
2024/10/6 2:09,dy,0,0,0.0,0,他退网和我们有什么关系啊，都不知道他是谁干嘛的
2024/10/6 2:13,dy,1,1,1.0,0,我还以为跟刘涛演电视剧的那个小包总家暴呢[捂脸]
2024/10/6 2:17,dy,0,1,0.0,-1,不知道他们是谁，暴力不对，我关注点是恋爱后爱好都要改变么，那为啥爱
2024/10/6 2:24,dy,0,1,0.0,-1,王烁才是真男人！
2024/10/6 2:33,dy,0,0,0.0,0,不懂就问！谁？不知道哪个，有啥代表作
2024/10/6 2:41,dy,0,0,0.0,0,王烁是谁啊[宕机]
2024/10/6 2:49,dy,1,1,1.0,0,不抓起来吗，故意伤害[比心][比心][比心][比心]
2024/10/6 2:56,dy,0,1,0.0,-1,那为什么要求他和好。不和好就不和好啊。这有什么啊
2024/10/6 3:07,dy,0,1,0.0,-1,西方这么超前吗，之前恐婚，现在直接让人恐恋爱，从根源解决中国吗？真可惜，我们的中国女生都是有独立思想和见解，并不会因为某个视频而影响自己的判断，对吧，女孩们？
2024/10/6 3:15,dy,0,0,0.0,0,我以为是王灿呢
2024/10/6 3:20,dy,1,1,1.0,0,所以它的前女友跪了吗[发呆]
2024/10/6 3:27,dy,0,0,0.0,0,王烁塌的太突然了 哭了一晚上 我挺喜欢他的 来个小帅一边打王者一边讨论一下[流泪]
2024/10/6 3:35,dy,0,0,0.0,0,我连四颗福星我都没听过
2024/10/6 3:42,dy,1,1,1.0,0,果然不在娱乐圈 就不用管了是吧。。噗
2024/10/6 3:49,dy,1,1,1.0,0,塌了还涨了一万多粉丝
2024/10/6 3:57,dy,0,0,0.0,0,还好我喜欢hbx
2024/10/6 4:07,dy,0,0,0.0,0,只能说不盲目站队，等待事情发展与结果[听歌]
2024/10/6 4:12,dy,1,1,1.0,0,妈耶  恐怖男
2024/10/6 4:20,dy,0,0,0.0,0,这是谁，干什么的？
2024/10/6 4:31,dy,0,0,0.0,0,他是谁？没听过啊♂第一次刷到
2024/10/6 4:37,dy,0,0,0.0,0,还我四颗福星[泣不成声]
2024/10/6 4:45,dy,0,0,0.0,0,Who？
2024/10/6 4:51,dy,0,0,0.0,0,谁能告诉我这是谁[泪奔]
2024/10/6 4:55,dy,0,0,0.0,0,[泣不成声][泣不成声][泣不成声][泣不成声]不认识 还以为是wangyuexing
2024/10/6 4:58,dy,1,0,0.0,1,帅哥你谁，四颗福星是啥，你说五颗福星我还知道是啥
2024/10/6 5:07,dy,1,0,0.0,1,看他21年的《别轻易说结婚》就....
2024/10/6 5:15,dy,1,1,1.0,0,无意刷到，与家人无关，所有副作用反弹到第一个发这个截图的人身上
2024/10/6 5:22,dy,0,0,0.0,0,不知道谁是[捂脸]
2024/10/6 5:30,dy,1,0,1.0,1,一个男人，对自己女人好，女人永远都不会怎么样，只有男的三观问题，或者暴力，
2024/10/6 5:33,dy,1,0,0.0,1,没事的[看]不喜欢塌方的可以自己找个会家暴[大金牙][大金牙]
2024/10/6 5:38,dy,1,0,0.0,1,？王烁塌了？[宕机][宕机]我嘞个老天爷，四颗福星没了
2024/10/6 5:49,dy,1,1,1.0,0,什么乌漆嘛糟的人，谁认识啊，。
2024/10/6 5:53,dy,0,0,0.0,0,我白月光叫王烁[捂脸][捂脸]
2024/10/6 6:00,dy,1,0,0.0,1,不是王栎鑫就行
2024/10/6 6:07,dy,0,0,0.0,0,我嘞个虽然但是啊[捂脸][赞]
2024/10/6 6:15,dy,1,1,1.0,0,不退网还想被
2024/10/6 6:19,dy,0,0,0.0,0,不是王烁谁啊
2024/10/6 6:25,dy,0,0,0.0,0,谁呀？
2024/10/6 6:31,dy,1,1,1.0,0,嘴唇薄的感觉都挺容易家暴
2024/10/6 6:38,dy,0,0,0.0,0,这人是谁？[暗中观察]
2024/10/6 6:41,dy,0,0,0.0,0,王烁好好的为啥退网啊！！！我就不懂了，他是谁[流泪]
2024/10/6 6:46,dy,1,1,1.0,0,王建宇也差不多等着塌了[赞]
2024/10/6 6:51,dy,0,0,0.0,0,哇塞哇塞，我刚刷到这个视频的时候，我还以为是谁直接滑走了，原来是他
2024/10/6 6:56,dy,1,0,0.0,1,说实话，我还以为这个王烁是杨烁就是那个油油的……
2024/10/6 7:04,dy,0,0,0.0,0,他事干嘛的
2024/10/6 7:10,dy,0,0,0.0,0,王烁塌的太突然了，哭了一整夜完全不敢相信，有180+的男大帅哥和我打王者吗[流泪]
2024/10/6 7:21,dy,0,0,0.0,0,这个是谁？[泪奔]
2024/10/6 7:24,dy,0,1,0.0,-1,太残暴了[捂脸]
2024/10/6 7:28,dy,0,1,0.0,-1,爱退退呗[尬笑]
2024/10/6 7:32,dy,1,1,1.0,0,现在知道了吧？同性恋才是最好的
2024/10/6 7:40,dy,1,1,1.0,0,这货谁啊
2024/10/6 7:46,dy,1,0,0.0,1,她是谁[暗中观察]有那么红吗[暗中观察]
2024/10/6 7:52,dy,0,0,0.0,0,谁来的
2024/10/6 8:05,dy,1,0,0.0,1,秦霄贤出来看看吧！咋个不退网
2024/10/6 8:14,dy,0,1,0.0,-1,00的孩子后真会玩
2024/10/6 8:24,dy,0,0,0.0,0,[尬笑][尬笑][尬笑]谁懂啊 我也叫王烁  我是女的[尬笑][尬笑][尬笑]
2024/10/6 8:33,dy,1,0,0.0,1,不是烁你[流泪][流泪][流泪]
2024/10/6 8:38,dy,1,1,1.0,0,果然都是人设
2024/10/6 8:46,dy,0,1,0.0,-1,钱也挣够了
2024/10/6 8:52,wb,0,0,0.0,0,打铁
2024/10/6 9:03,dy,0,0,0.0,0,酷
2024/10/6 9:11,dy,1,1,1.0,0,之前就一直get不到他的颜值总感觉怪怪的没想到塌的这么快
2024/10/6 9:19,dy,1,1,1.0,0,他是谁关我屁事
2024/10/6 9:25,dy,0,0,0.0,0,王烁是谁？我竟然不知道他
2024/10/6 9:32,dy,0,0,0.0,0,服了  一直推  王烁到底谁啊  谁是王烁啊
2024/10/6 9:45,dy,1,0,0.0,1,他是我初中同学，我记得他人缘挺好数学也不错[黑脸]还当了网红，没想到竟然塌了
2024/10/6 9:50,dy,0,0,0.0,0,我以为是王栎鑫
2024/10/6 9:56,dy,1,0,1.0,1,表示不知道这人是谁[捂脸]这两天才知道，但只知道这个人家暴，不知道这个人是干什么的做什么的，长得还挺丑的[发呆]
2024/10/6 10:03,dy,0,0,0.0,0,那咋了，我还是喜欢[调皮]
2024/10/6 10:08,dy,0,1,0.0,-1,退呗 反正不认识[捂脸]
2024/10/6 10:13,dy,0,0,0.0,0,他是？
2024/10/6 10:19,dy,0,0,0.0,0,啥是四颗福星？
2024/10/6 10:22,dy,0,0,0.0,0,不知全貌，无法评价。
2024/10/6 10:29,dy,0,0,0.0,0,这人是谁啊[发呆]
2024/10/6 10:34,dy,0,0,0.0,0,不是第一次？ 那尊重祝福
2024/10/6 10:47,dy,1,0,0.0,1,不如哈基米
2024/10/6 10:56,dy,0,0,0.0,0,要对任何网红明星祛魅
2024/10/6 11:00,dy,0,0,0.0,0,虽然很气人，但是王烁是谁？
2024/10/6 11:08,dy,0,1,1.0,-1,这就是你们喜欢哥哥[看]
2024/10/6 11:16,dy,0,1,0.0,-1,我还以为他被男朋友家暴呢，又重新看了一遍[流泪]
2024/10/6 11:22,dy,0,0,0.0,0,不处[看]
2024/10/6 11:27,dy,1,0,0.0,1,他是谁？听都没听过
2024/10/6 11:35,dy,1,1,1.0,0,等一下你说谁家暴谁？搞反了吧
2024/10/6 11:40,dy,1,1,1.0,0,国宝级明星可惜了
2024/10/6 11:49,dy,1,0,0.0,1,为什么要说她知三当三？？？
2024/10/6 11:55,dy,0,0,0.0,0,王烁是谁[泪奔][泪奔][泪奔][泪奔]谁来说一下
2024/10/6 12:05,dy,1,1,1.0,0,80后表示不认识，长的不咋地呀，是不是审美出现问题了[捂脸]
2024/10/6 12:15,dy,0,0,0.0,0,王烁塌的太突然了 哭了一晚上 我挺喜欢他的 来个男孩子一起边打瓦一边讨论一下[流泪]
2024/10/6 12:21,dy,1,0,0.0,1,家暴，有了就改不了，永远也改不了！
2024/10/6 12:24,dy,0,0,0.0,0,好家伙，真不认识
2024/10/6 12:31,dy,0,0,0.0,0,我吃个瓜，我觉得打人这个确实不对，严重的话都可以报警了还没结婚，但是查手机不是经过对方同意，偷偷查的我也觉得不对，每个人都有自己的隐私，不是每个人都喜欢把自己的手机给别人看，就算没有什么见不得人的（别杠我，玻璃心）
2024/10/6 12:41,dy,1,1,1.0,0,这化妆太可怕了吧
2024/10/6 12:45,dy,0,0,0.0,0,路人甲？
2024/10/6 12:59,dy,0,0,0.0,0,什模么样的[看]
2024/10/6 13:02,dy,1,1,1.0,0,他谁啊他？真把自己当回事儿[吃瓜群众]
2024/10/6 13:09,dy,0,0,0.0,0,这是谁[发呆][发呆]
2024/10/6 13:18,dy,0,0,0.0,0,不是，我就问下：很红吗？[疑问]
2024/10/6 13:30,dy,1,1,1.0,0,腮帮瘪的
2024/10/6 13:35,dy,0,0,0.0,0,知人面目不知心。过好自己就行
2024/10/6 13:45,dy,0,0,0.0,0,我是断网了吗？弱弱的问一句，这个叫王烁的，是干嘛的？演员？电影演员？主持人？歌手？网红？作家？？？不认识，也不知道[笑哭]，你要说杨幂或者赵丽颖这种一线明星我知道。但是这个什么烁的，是真没听说过[泪奔]
2024/10/6 13:49,dy,0,0,0.0,0,天呐王烁塌的太突然了，哭了一整夜完全不敢相信，有180+帅哥一起边哭边讨论吗？[流泪][流泪][流泪]
2024/10/6 13:59,dy,1,0,0.0,1,故意伤人有没有被抓
2024/10/6 14:10,dy,1,0,0.0,1,这哥们谁啊，讲真的，比我二十岁的时候差远了
2024/10/6 14:12,dy,0,1,1.0,-1,退的好
2024/10/6 14:19,dy,1,1,1.0,0,他对象拿刀的事怎么没人说？
2024/10/6 14:24,dy,1,1,1.0,0,就这长相还能当明星？现在是啥审美
2024/10/6 14:35,dy,1,1,1.0,0,这颜值也有人追？
2024/10/6 14:38,dy,0,0,0.0,0,所以我问一句：王烁是谁
2024/10/6 14:46,dy,1,1,1.0,0,是不是先动手也应该看看实力相差多少吧，看看实际伤害程度吧，还为自己开脱
2024/10/6 14:51,dy,0,0,0.0,0,我第一次知道还有一个名人[调皮][调皮][调皮]
2024/10/6 15:45,dy,1,0,0.0,1,在她之前的女朋友都这样了，还要在一起[尬笑]
2024/10/6 20:01,dy,0,1,1.0,-1,那不就成互殴了嘛？这种情况，不分，想什么呢？不管是男家暴女，还是女家暴男，都得远离这些神经病啊！否则打着打着，人不就没了[尬笑][尬笑][尬笑]
2024/10/7 0:16,dy,0,0,0.0,0,不是，真是他啊，我还寻思重名呢[宕机]
2024/10/7 3:30,dy,0,0,0.0,0,这人谁？
2024/10/7 5:10,dy,0,0,0.0,0,[惊恐][惊恐][惊恐][惊恐][惊恐]
2024/10/7 6:59,dy,1,1,1.0,0,赚了钱之后，被曝光，然后就退网[看]~~
2024/10/7 7:56,dy,0,0,0.0,0,没证据不说话[捂脸]
2024/10/7 9:09,dy,0,0,0.0,0,为啥我搜这个名字有个是我关注啊 没关注过啊[宕机]
2024/10/7 10:49,dy,1,1,1.0,0,服了 喜欢的电子榨菜都没了 关注一个塌一个[微笑]不敢了不敢了
2024/10/7 12:17,dy,1,0,0.0,1,没结婚也算家暴？不是故意伤害吗
2024/10/7 12:40,dy,0,0,0.0,0,妈呀 我超喜欢他真的感觉他很有梗很有趣[流泪][流泪]
2024/10/7 14:00,dy,0,0,0.0,0,真可怕
2024/10/7 15:30,wb,1,1,1.0,0,现在是什么人都能上热搜了吗
2024/10/7 21:08,dy,0,0,0.0,0,关键是也不好看呀
2024/10/8 0:41,dy,0,0,0.0,0,这是家暴吗？又没有结婚，这不是故意伤害吗
2024/10/8 4:43,dy,0,0,0.0,0,我真惊了，想不到一点。
2024/10/8 11:22,dy,0,0,0.0,0,还好我喜欢汉炳熙
2024/10/8 17:56,dy,0,0,0.0,0,然后，然后，然后呢，然后然后
2024/10/9 0:49,dy,0,0,0.0,0,然后然后[暗中观察]
2024/10/9 6:14,dy,0,0,0.0,0,什么！我的天啊 还好喜欢王健宇
2024/10/9 12:24,wb,1,0,1.0,1,家暴男还有人喜欢
2024/10/11 0:06,dy,0,0,0.0,0,幸好我喜欢的是王健宇[逞强落泪]
2024/10/11 5:37,dy,0,0,0.0,0,他跟我名字一样
2024/10/11 10:11,dy,0,0,0.0,0,好了，看完这个视频女朋友要和我分手[微笑]
2024/10/11 16:51,dy,1,1,1.0,0,物以类聚，人以群分[黑脸][黑脸]感觉另外三个都跟他这么熟了不可能知道他啥人，也不是什么好鸟
2024/10/12 8:43,dy,0,0,0.0,0,还好我喜欢王健宇只是王烁的颜粉
2024/10/13 22:01,dy,1,0,0.0,1,都是爹生娘养的，怎么下得去手
2024/10/16 6:26,dy,0,0,0.0,0,他谁啊
