timestamp,platform,label1,label2,label3,diff,content,Unnamed: 7
2024/9/26 2:26,dy,0,0.0,0.0,0,借我家70000都8年，要不给，叫你能要吗？,
2024/9/26 4:57,dy,0,0.0,0.0,0,这事是真的假的是不是拍视频我看郑两个视频都是要帐,
2024/9/26 6:04,dy,0,0.0,0.0,0,[赞][赞][赞][玫瑰][玫瑰][玫瑰],
2024/9/26 11:34,dy,0,0.0,0.0,0,十一万五转到帐了吗？,
2024/9/27 4:34,dy,0,0.0,0.0,0,为郑老师点[赞][赞][赞][赞][赞],
2024/9/27 5:00,dy,0,0.0,0.0,0,[感谢][感谢][感谢][赞][赞][赞][赞][赞][赞][鼓掌][鼓掌][鼓掌][鼓掌][鼓掌][鼓掌],
2024/9/27 7:56,dy,0,0.0,0.0,0,[赞][比心][爱心][玫瑰][比心][赞][赞][赞],
2024/9/27 8:05,dy,0,0.0,0.0,0,[赞][赞][比心][比心][爱心][爱心][爱心][爱心],
2024/9/27 11:00,dy,0,0.0,0.0,0,[赞][赞][赞][赞][赞][赞][赞],
2024/9/27 14:39,dy,0,0.0,0.0,0,为正义的帅哥律师点赞，社会太需要你了。弱势群体的人太需要你了为你点赞[赞][赞][赞][赞][赞][赞],
2024/9/27 17:13,wb,0,0.0,0.0,0,要是拘留还是不还呢,
2024/9/27 17:59,dy,0,0.0,0.0,0,借钱不还，还打人,
2024/9/27 18:17,wb,0,0.0,0.0,0,谢谢看看，上海千万不能叫豪宅,
2024/9/27 18:30,dy,0,0.0,0.0,0,一辈接一辈。,
2024/9/27 20:34,wb,0,0.0,0.0,0,为啥要打码,
2024/9/27 21:04,wb,0,0.0,0.0,0,上海内环价值千万也就100平左右吧！,
2024/9/27 21:17,wb,0,0.0,0.0,0,看到希望了,
2024/9/27 21:23,wb,0,0.0,0.0,0,张兰也是啊 住着北京豪宅还欠孟辰80万呢恭喜孟辰官/司打赢了,
2024/9/27 21:45,wb,0,0.0,0.0,0,我舅借我两万块，我买车给他要，他都忘了这回事了，我好说歹说，给我一万亲舅,
2024/9/27 21:45,wb,0,0.0,0.0,0,一点用也没有,
2024/9/27 21:46,wb,0,0.0,0.0,0,嗯,
2024/9/27 21:47,wb,0,0.0,0.0,0,夺少？？？,
2024/9/27 21:50,wb,0,0.0,0.0,0,15天后就出来了,
2024/9/27 21:50,wb,0,1.0,0.0,-1,正月十五去剪头,
2024/9/27 21:51,wb,0,0.0,0.0,0,我妈借给我表舅二十万，二十年，去年忍不住告了，说没钱，最后协商给了一套我们十八线没房产证的三层老破小不知道有没有70平，根本不值二十万，可是能怎么办，总比没有强,
2024/9/27 21:53,wb,0,0.0,0.0,0,那为什么不直接法拍豪宅呢？那如果不是他的也没什么好说,
2024/9/27 21:54,wb,1,1.0,1.0,0,不懂就问，老赖为什么不用去坐牢,
2024/9/27 21:54,wb,0,0.0,0.0,0,欠我们钱的坐私人飞机,
2024/9/27 21:55,wb,0,1.0,0.0,-1,假如警察可以管的话 那不就简单太多了吗,
2024/9/27 21:56,wb,0,0.0,0.0,0,哇哦900万，我能借一万吗,
2024/9/27 21:57,wb,0,0.0,0.0,0,巧姐的舅舅可是把她给卖了的，亲戚有时候不得不防,
2024/9/27 21:57,wb,1,1.0,1.0,0,外甥女？ 为什么不叫外女，非要加个甥,
2024/9/27 21:59,wb,1,1.0,1.0,0,为啥没人来海南找我前老板那个老赖啊,
2024/9/27 21:59,wb,0,0.0,0.0,0,900万，外甥女就这么相信自己的舅舅,
2024/9/27 22:00,wb,0,0.0,0.0,0,起的标题有歧义,
2024/9/27 22:00,wb,0,0.0,0.0,0,我这就跟我外甥女说去，让她好好攒钱以后借我900万，希望她这个小学生能有这种觉悟,
2024/9/27 22:00,wb,1,0.0,1.0,1,哇塞，法律好公正，好正义哦,
2024/9/27 22:01,wb,0,0.0,0.0,0,啥时候欠钱不还能入刑，还得根据金额和时间加重刑，结果应该会好很多吧,
2024/9/27 22:05,wb,0,0.0,0.0,0,所以不要轻易借钱，你看中的是亲情，他可是要你本金！,
2024/9/27 22:05,wb,0,0.0,0.0,0,真有钱啊 随便900w,
2024/9/27 22:05,wb,0,0.0,0.0,0,点赞！！！,
2024/9/27 22:06,wb,0,0.0,0.0,0,外甥女是姜十七吧,
2024/9/27 22:06,wb,0,0.0,0.0,0,任何人都不借，管他是谁,
2024/9/27 22:06,wb,0,0.0,0.0,0,就这个标题起的没水平,
2024/9/27 22:08,wb,0,0.0,0.0,0,我以为是外甥女不肯还,
2024/9/27 22:10,wb,0,0.0,0.0,0,到底是做什么有900万借给舅舅世上有钱人那么多,
2024/9/27 22:13,wb,0,0.0,0.0,0,借还是欠,
2024/9/27 22:14,wb,0,0.0,0.0,0,没点开之前我以为是900块，没想到是900万，好陌生的字眼,
2024/9/27 22:14,wb,0,0.0,0.0,0,能借出去900万，家里应该也不差钱,
2024/9/27 22:14,wb,0,0.0,0.0,0,他要是我舅该多好,
2024/9/27 22:15,wb,0,0.0,0.0,0,赶紧还！,
2024/9/27 22:16,wb,0,0.0,0.0,0,夺少？！,
2024/9/27 22:16,wb,0,0.0,0.0,0,看了几遍的确带单位了。万。我以为是元,
2024/9/27 22:16,wb,0,0.0,0.0,0,亲戚借钱十个有九个是不打算还的,
2024/9/27 22:16,wb,0,1.0,0.0,-1,欠钱的是大爷,
2024/9/27 22:18,wb,0,0.0,0.0,0,所以不要轻易借钱！,
2024/9/27 22:19,wb,0,0.0,0.0,0,n年前我舅说投资拉着我妈我姨她们入股，我妈把家里的钱都拿出来了，现在一毛钱都拿不回来，我舅自己功成身退,
2024/9/27 22:19,wb,0,0.0,0.0,0,南昌老板欠工资不发法院为啥不督促，叫我们自己去找警察,
2024/9/27 22:19,wb,0,0.0,0.0,0,拘留完了呢？,
2024/9/27 22:19,wb,0,0.0,0.0,0,应该是舅舅找外甥女借900万不肯还,
2024/9/27 22:19,wb,0,0.0,0.0,0,有一说一确实不能，比较好的公寓，100平米以上，都是7位数,
2024/9/27 22:20,wb,0,0.0,0.0,0,多少？九百万！,
2024/9/27 22:20,wb,0,0.0,0.0,0,拖欠孕期工资两年未还，跑路强制执行没财产,
2024/9/27 22:21,wb,0,0.0,0.0,0,不借钱，谁都不借，这是我的原则,
2024/9/27 22:22,wb,0,0.0,0.0,0,嘿嘿嘿,
2024/9/27 22:23,wb,0,0.0,0.0,0,不要借钱，更不要给所谓的那些亲戚借钱,
2024/9/27 22:23,wb,0,1.0,0.0,-1,摊上这亲戚真倒霉,
2024/9/27 22:24,wb,0,0.0,0.0,0,本来想着900也不至于上头条吧，900万超出俺的认知了,
2024/9/27 22:24,wb,0,0.0,0.0,0,是的,
2024/9/27 22:24,wb,0,0.0,0.0,0,这舅舅当的,
2024/9/27 22:24,wb,0,0.0,0.0,0,是这样的,
2024/9/27 22:25,wb,0,0.0,0.0,0,是真的，我都住20年楼龄的老破电梯房，按上个月的成交价也得1400万,
2024/9/27 22:25,wb,0,0.0,0.0,0,干的不错就得这样,
2024/9/27 22:25,wb,0,0.0,0.0,0,就是,
2024/9/27 22:25,wb,0,0.0,0.0,0,900万我还是太穷了,
2024/9/27 22:25,wb,0,0.0,0.0,0,干得漂亮,
2024/9/27 22:25,wb,0,0.0,0.0,0,干得好 支持！,
2024/9/27 22:25,wb,0,0.0,0.0,0,真有钱，，有钱人那么多，怎么就不能多我一个？,
2024/9/27 22:25,wb,1,1.0,1.0,0,这舅舅真的是老赖，估计想打着晚辈脸皮薄主意,
2024/9/27 22:26,wb,0,0.0,0.0,0,说的好对啊，真的是干的漂亮,
2024/9/27 22:26,wb,0,0.0,0.0,0,对啊,
2024/9/27 22:26,wb,0,0.0,0.0,0,就是就是,
2024/9/27 22:26,wb,0,0.0,0.0,0,干得漂亮就应该这样,
2024/9/27 22:26,wb,0,0.0,0.0,0,好有钱啊,
2024/9/27 22:26,wb,0,0.0,0.0,0,漂亮啊,
2024/9/27 22:26,wb,0,0.0,0.0,0,最坑的有时候是qknq,
2024/9/27 22:26,wb,0,0.0,0.0,0,900w？我嘞个豆,
2024/9/27 22:26,wb,0,1.0,0.0,-1,有一些亲戚真的不是亲戚,
2024/9/27 22:26,wb,1,0.0,0.0,1,对啊，人家当你亲人，你当人家冤大头，这外甥女做的好,
2024/9/27 22:27,wb,0,0.0,0.0,0,好离谱啊,
2024/9/27 22:27,wb,0,0.0,0.0,0,#老赖住千万豪宅却拖欠80万工资# 外甥女借钱给舅舅，照旧不还。#舅舅借外甥女900万不肯还#,
2024/9/27 22:28,wb,0,0.0,0.0,0,虽然但是真的好多,
2024/9/27 22:29,wb,0,0.0,0.0,0,有什么用，财产都转移了,
2024/9/27 22:29,wb,0,0.0,0.0,0,是的 干的漂亮！,
2024/9/27 22:29,wb,0,0.0,0.0,0,不错,
2024/9/27 22:29,wb,0,0.0,0.0,0,我向我舅借了三万，第一个月开始每个月还五千六个月还完,
2024/9/27 22:29,wb,0,0.0,0.0,0,好有钱！贫穷限制了我的想象,
2024/9/27 22:30,wb,0,0.0,0.0,0,拘留完以后呢,
2024/9/27 22:30,wb,0,0.0,0.0,0,15天太少了,
2024/9/27 22:30,wb,0,0.0,0.0,0,我也以为是900块 乍一看 哦哟900万呀,
2024/9/27 22:31,wb,0,0.0,0.0,0,我以为是舅舅借给外甥女900万外甥女不还,
2024/9/27 22:31,wb,1,0.0,0.0,1,可能宁愿坐牢也不愿意还钱了,
2024/9/27 22:32,wb,0,0.0,0.0,0,就是啊就是,
2024/9/27 22:32,wb,0,0.0,0.0,0,好过分了,
2024/9/27 22:32,wb,0,1.0,0.0,-1,欠钱的都是大爷,
2024/9/27 22:33,wb,0,0.0,0.0,0,哎，欠还天经地义,
2024/9/27 22:33,wb,0,0.0,0.0,0,长沙有这么好吗？我还有3万元工资没有要回来,
2024/9/27 22:34,wb,0,0.0,0.0,0,我借我外甥女900块  我也不想还了,
2024/9/27 22:34,wb,0,0.0,0.0,0,中文博大精深,
2024/9/27 22:34,wb,1,0.0,0.0,1,看来情愿坐牢也不还外甥女这500个了,
2024/9/27 22:35,wb,0,0.0,0.0,0,#舅舅借外甥女900万不肯还#借钱的合法方式,
2024/9/27 22:35,wb,0,0.0,0.0,0,拘留也就一次，拘留完了不还，还是没辙。,
2024/9/27 22:35,wb,0,0.0,0.0,0,只能说还是有钱,
2024/9/27 22:36,wb,0,0.0,0.0,0,舅舅也是弟弟啊，怎么会还,
2024/9/27 22:36,wb,0,0.0,0.0,0,#舅舅借外甥女900万不肯还#借条,
2024/9/27 22:37,wb,0,0.0,0.0,0,#舅舅借外甥女900万不肯还#欠债还钱,
2024/9/27 22:37,wb,0,0.0,0.0,0,凯哥大赚，我还在等解套,
2024/9/27 22:39,wb,0,0.0,0.0,0,太无语了,
2024/9/27 22:39,wb,0,0.0,0.0,0,啥舅舅啊,
2024/9/27 22:40,wb,0,0.0,0.0,0,在亲的关系，最好别有金钱纠纷，不借是最好的做法。,
2024/9/27 22:40,wb,0,0.0,0.0,0,咋这样,
2024/9/27 22:40,wb,0,0.0,0.0,0,事实证明，借钱永远都不要相信任何人，哪怕亲人,
2024/9/27 22:40,wb,0,0.0,0.0,0,醉了,
2024/9/27 22:40,wb,0,0.0,0.0,0,就是啊,
2024/9/27 22:41,wb,0,0.0,0.0,0,上海千万的房子是刚需房，豪宅都是大几千万或者几亿得,
2024/9/27 22:42,wb,1,1.0,1.0,0,什么时候把我老板执行一遍，跟这些老赖差不多,
2024/9/27 22:43,wb,0,0.0,0.0,0,外甥女也很富有啊！不过这舅舅太不厚道了！,
2024/9/27 22:43,wb,0,0.0,0.0,0,借钱要打借条不管谁。坏人做前面,
2024/9/27 22:44,wb,0,0.0,0.0,0,现在这世道，不要轻易借钱,
2024/9/27 22:44,wb,0,0.0,0.0,0,我需要一个这样的外甥女,
2024/9/27 22:44,wb,0,0.0,0.0,0,还在就行,
2024/9/27 22:44,wb,0,0.0,0.0,0,所以拘留就能还钱了嘛,
2024/9/27 22:45,wb,0,0.0,0.0,0,好牛的外甥女。。,
2024/9/27 22:45,wb,0,0.0,0.0,0,哈哈哈,
2024/9/27 22:46,wb,0,0.0,0.0,0,大快人心,
2024/9/27 22:46,wb,0,0.0,0.0,0,上海成交量最多的是2-300w的房子，家庭资产前几年上海平均是7，800w(包括房地产等等)。只能说很多人何不食肉糜。,
2024/9/27 22:47,wb,0,0.0,0.0,0,我老公三万多的工资也没发 他们员工加起来也有大几十万 一直拖 公司都倒闭了 已经仲裁了 但是还在排队受理中 也不知道能不能要回来,
2024/9/27 22:48,wb,0,0.0,0.0,0,对呀,
2024/9/27 22:48,wb,0,0.0,0.0,0,我个人基本上不借钱给别人因为初中借过到现在没换，自此，拒绝借钱,
2024/9/27 22:48,wb,0,0.0,0.0,0,放出来后还是不还钱,
2024/9/27 22:48,wb,0,0.0,0.0,0,老师课堂上怎么说的，多读读句子,
2024/9/27 22:49,wb,0,0.0,0.0,0,关注,
2024/9/27 22:49,wb,0,0.0,0.0,0,会写新闻吗？谁管谁借？,
2024/9/27 22:50,wb,0,0.0,0.0,0,建议加速执行，加大力度执行,
2024/9/27 22:50,wb,0,0.0,0.0,0,拘留十五天，然后呢，没有别的措施了吗,
2024/9/27 22:50,wb,0,0.0,0.0,0,挺大个财经博主了这两句话读不懂？,
2024/9/27 22:50,wb,0,0.0,0.0,0,炒股输了吧？,
2024/9/27 22:53,wb,1,1.0,1.0,0,以前觉得没有老赖 现在看真的太多了 被执行了也不还 欠钱欠的理直气壮,
2024/9/27 22:53,wb,0,0.0,0.0,0,二舅爸爸吗,
2024/9/27 22:53,wb,0,0.0,0.0,0,是舅舅找外甥女借了900万,
2024/9/27 22:53,wb,0,0.0,0.0,0,我就想问强制执行有什么用？如果对方就是没有钱他还是还不了啊,
2024/9/27 22:54,wb,0,0.0,0.0,0,我在微博涨知识,
2024/9/27 22:55,wb,0,0.0,0.0,0,转发微博,
2024/9/27 22:56,wb,0,0.0,0.0,0,900万，我一辈子都挣不来,
2024/9/27 22:56,wb,0,0.0,0.0,0,我外面还有几万的账没去清,
2024/9/27 22:57,wb,0,1.0,0.0,-1,好亲戚！,
2024/9/27 22:58,wb,0,0.0,0.0,0,我舅也借走我3000，希望他能还我，实在不还我也只能算了。,
2024/9/27 22:59,wb,0,0.0,0.0,0,你这咋看的，谁借谁钱都看不利索,
2024/9/27 22:59,wb,0,0.0,0.0,0,标题有歧义,
2024/9/27 22:59,wb,0,1.0,0.0,-1,等钱还了，以后每年正月理发,
2024/9/27 23:00,wb,0,0.0,0.0,0,虽说是至亲，但这不是小数目啊……#舅舅借外甥女900万不肯还#,
2024/9/27 23:00,wb,0,0.0,0.0,0,不要走金钱来往,
2024/9/27 23:01,wb,0,0.0,0.0,0,唉……有同事，亲戚借我的钱，也不说还，我也不好意思要，真是一言难尽啊,
2024/9/27 23:03,wb,0,0.0,0.0,0,要坐牢多久,
2024/9/27 23:03,wb,0,0.0,0.0,0,舅舅借外甥女  不是借给,
2024/9/27 23:03,wb,0,0.0,0.0,0,还是有钱人啊,
2024/9/27 23:03,wb,0,0.0,0.0,0,不是，什么叫自己人赖了也是肥水不流外人田亲兄弟明算账明白吗？这是900万又不是9块,
2024/9/27 23:03,wb,1,1.0,1.0,0,900变成了500，对老赖的惩戒力度是不是可以再严格些,
2024/9/27 23:03,wb,0,0.0,0.0,0,我去，900万我若是有这个钱，我低调，谁都不借,
2024/9/27 23:03,wb,0,0.0,0.0,0,？我也能参与有钱人的事了,
2024/9/27 23:04,wb,0,0.0,0.0,0,车和钱概不外借,
2024/9/27 23:04,wb,0,0.0,0.0,0,只能自认倒霉了,
2024/9/27 23:05,wb,0,0.0,0.0,0,少向外借米,
2024/9/27 23:05,wb,0,0.0,0.0,0,你读乜嗨书啊,
2024/9/27 23:05,wb,0,0.0,0.0,0,借了的钱就别想着要了，除非那个人人品很好，而且有能力，我觉得还有希望要回来。,
2024/9/27 23:07,dy,1,1.0,1.0,0,希望全网都认识这女人，不娶，不录用,
2024/9/27 23:07,wb,0,0.0,0.0,0,什么编辑，不仔细看都不知道谁向谁借钱。就不能把向打上？,
2024/9/27 23:07,wb,0,0.0,0.0,0,农村老多放高利贷 不还的  金额不多  但是一两万三五万也是农民一年收入  一直拖着 就给了  走法律不值当 拘留不起来,
2024/9/27 23:07,wb,0,1.0,0.0,-1,标题是男的写的？,
2024/9/27 23:08,wb,0,0.0,0.0,0,钱不再借呀,
2024/9/27 23:08,wb,0,0.0,0.0,0,钉钉,
2024/9/27 23:09,wb,0,0.0,0.0,0,同样的年龄让我借钱我都是一句 没有我最近手头也紧,
2024/9/27 23:09,wb,0,0.0,0.0,0,不会,
2024/9/27 23:10,wb,0,0.0,0.0,0,今天我舅找我借两万，我没借，立马翻脸了,
2024/9/27 23:11,wb,0,0.0,0.0,0,这个外甥好有钱啊,
2024/9/27 23:11,wb,0,0.0,0.0,0,不借,
2024/9/27 23:12,wb,0,0.0,0.0,0,还是得分清究竟是真没钱，还是真赖账，对于那些真没钱的，最好能宽容一些，让他们以时间换空间。,
2024/9/27 23:12,wb,0,0.0,0.0,0,感谢博主的精彩分享！,
2024/9/27 23:14,wb,0,0.0,0.0,0,朋友亲戚之间还是不要借钱,
2024/9/27 23:14,wb,0,0.0,0.0,0,借钱找银行,
2024/9/27 23:14,wb,0,0.0,0.0,0,还不如贷款呢去银行贷点儿款。借了钱了最后连朋友亲戚都没得 做,
2024/9/27 23:15,wb,0,0.0,0.0,0,最好是不要，吃过亏,
2024/9/27 23:15,wb,0,0.0,0.0,0,真是一言难尽,
2024/9/27 23:15,wb,0,0.0,0.0,0,感谢分享,
2024/9/27 23:17,wb,0,0.0,0.0,0,大学能借出去2000，也算很有钱的了,
2024/9/27 23:18,wb,0,0.0,0.0,0,外甥女很念旧情啊，900万一般很少会借出,
2024/9/27 23:19,wb,0,0.0,0.0,0,我连900块都没有，你居然借给你舅舅900万,
2024/9/27 23:19,wb,0,0.0,0.0,0,这种亲戚真的不交都行了,
2024/9/27 23:20,wb,0,0.0,0.0,0,要是我，不借，比他们还穷,
2024/9/27 23:20,wb,0,0.0,0.0,0,这标题起的，乍一看还以为是外甥女借钱不还呢,
2024/9/27 23:21,wb,0,0.0,0.0,0,格局小了900万算啥,
2024/9/27 23:22,wb,0,0.0,0.0,0,现在标题党这么多模糊,
2024/9/27 23:22,wb,0,0.0,0.0,0,真的吗，亲戚之间这么相信吗，这么大的数额,
2024/9/27 23:23,wb,0,0.0,0.0,0,好想要有一个这样的舅舅,
2024/9/27 23:23,wb,0,0.0,0.0,0,我觉得是老大,
2024/9/27 23:24,wb,0,0.0,0.0,0,遇到这种亲戚真的无语,
2024/9/27 23:24,wb,0,0.0,0.0,0,“舅舅”一个神奇的亲戚,
2024/9/27 23:25,wb,0,0.0,0.0,0,900万，好小众的外甥女,
2024/9/27 23:25,wb,0,0.0,0.0,0,这运气没谁了,
2024/9/27 23:26,wb,0,0.0,0.0,0,她说的是对的还是错的？,
2024/9/27 23:27,wb,0,0.0,0.0,0,找我借钱的也从不主动还钱给我  甚至一个消息都不回,
2024/9/27 23:27,wb,0,0.0,0.0,0,很少借钱给人,
2024/9/27 23:27,wb,0,0.0,0.0,0,我也是,
2024/9/27 23:28,wb,0,0.0,0.0,0,一般都是自己人好骗！,
2024/9/27 23:28,wb,0,0.0,0.0,0,有什么途径解决老赖欠钱不还问题,
2024/9/27 23:28,wb,0,0.0,0.0,0,#舅舅借外甥女900万不肯还#借钱的知识,
2024/9/27 23:29,wb,0,0.0,0.0,0,借这么多不还，摊上这亲戚真倒霉啊,
2024/9/27 23:29,wb,1,0.0,1.0,1,#舅舅借外甥女900万不肯还#老赖,
2024/9/27 23:31,wb,1,1.0,1.0,0,无耻的人现在太多，你用道理讲不通，遇到这种人没法整，最好一点关系都不要有，亲属关系那就不如断了,
2024/9/27 23:32,wb,0,0.0,0.0,0,我学生不找别人借就好了,
2024/9/27 23:33,wb,0,0.0,0.0,0,怎么敢借这么多钱出去的,
2024/9/27 23:36,wb,0,0.0,0.0,0,贫穷限制了我的想象力,
2024/9/27 23:36,wb,0,0.0,0.0,0,有点看不懂了,
2024/9/27 23:37,wb,0,0.0,0.0,0,其实说得没错要是普通人都能买得起那就不叫豪宅了。,
2024/9/27 23:40,wb,0,0.0,0.0,0,来微博涨知识,
2024/9/27 23:42,wb,0,0.0,0.0,0,2003年那会，我舅问我妈借了30万，到现在没还。你说他没钱吧，买四五十万的车，七八套房，就是不想还而已。,
2024/9/27 23:42,wb,0,0.0,0.0,0,这年头儿 能不借就不借 欠债的都是大爷,
2024/9/27 23:42,wb,0,0.0,0.0,0,100块钱我都不借,
2024/9/27 23:48,wb,0,0.0,0.0,0,九百万,
2024/9/27 23:48,wb,0,0.0,0.0,0,这个舅舅。。。。,
2024/9/27 23:51,wb,0,0.0,0.0,0,这年头真的是不能随便借钱给别人，亲戚都不行，我堂哥欠我5w几年了都不还,
2024/9/27 23:51,wb,0,0.0,0.0,0,鹅,
2024/9/27 23:52,wb,0,0.0,0.0,0,啊好有钱,
2024/9/27 23:52,wb,0,0.0,0.0,0,我就是想知道外甥女怎么赚钱[I]带带我[I] [紊砉],
2024/9/27 23:52,wb,0,0.0,0.0,0,来微博学知识,
2024/9/27 23:53,wb,0,0.0,0.0,0,900万我这辈子九万都难有,
2024/9/27 23:53,wb,0,0.0,0.0,0,我妈借给一个亲戚5w，那个亲戚厂子拆迁赔了两千万，都没还我们家钱,
2024/9/27 23:55,wb,0,0.0,0.0,0,拘留了还需要还吗,
2024/9/27 23:57,wb,0,0.0,0.0,0,这两年生意不好，老赖会越来越多,
2024/9/27 23:57,wb,0,0.0,0.0,0,真的是好离谱呀,
2024/9/27 23:59,wb,0,0.0,0.0,0,第一反应，舅舅好有钱啊,
2024/9/27 23:59,wb,0,0.0,0.0,0,拿命还,
2024/9/27 23:59,wb,0,0.0,0.0,0,借钱给任何人最好立个借条,
2024/9/28 0:00,wb,0,0.0,0.0,0,#每日一善# 步步退让，你以为是善良，但更可能是软弱。 守住边界，意味着力量。守住边界的同时，又能对别人报以善意，才是真正的善良。,
2024/9/28 0:00,wb,1,0.0,0.0,1,遇到这种亲戚也是倒霉,
2024/9/28 0:01,wb,0,0.0,0.0,0,拘留也要冻结所有资产,
2024/9/28 0:03,wb,0,0.0,0.0,0,我大姑借我家钱买房，好几年都不还，我生病住院人家还说放弃治疗算了,
2024/9/28 0:04,wb,0,0.0,0.0,0,借别人钱了以后要钱跟孙子一样，千万别借钱给别人,
2024/9/28 0:06,wb,0,0.0,0.0,0,900万我也不还，你能抓我几次,
2024/9/28 0:07,wb,0,0.0,0.0,0,别人借了我2000跑路了，还能要回来吗,
2024/9/28 0:12,wb,0,0.0,0.0,0,所以别借亲戚钱是对的，在有钱都说没钱,
2024/9/28 0:13,wb,0,0.0,0.0,0,借钱的可都是大爷，惹不起以后别借钱给别人，牢记,
2024/9/28 0:13,wb,0,0.0,0.0,0,我不借,
2024/9/28 0:15,wb,0,0.0,0.0,0,我的关注点是竟然能有900万借给别人,
2024/9/28 0:16,wb,0,0.0,0.0,0,有钱人,
2024/9/28 0:21,wb,0,0.0,0.0,0,哇哦，有钱人的话题我无法参与,
2024/9/28 0:24,wb,0,0.0,0.0,0,900万,
2024/9/28 0:26,wb,0,0.0,0.0,0,我妈妈瞒着家里，把钱借给我舅舅，借走1万五，我妈妈前年生病进了ICU，我爸爸找我舅舅还钱，我舅舅至今没还。,
2024/9/28 0:28,wb,0,0.0,0.0,0,哇撒 这真的是老赖行为了,
2024/9/28 0:30,wb,0,0.0,0.0,0,我以为是舅舅借给外甥女。。。。谁知,
2024/9/28 0:31,wb,0,0.0,0.0,0,啧,
2024/9/28 0:33,wb,0,0.0,0.0,0,所以最好还是别借钱出去,
2024/9/28 0:37,wb,0,0.0,0.0,0,关国际形势什么事，人家是借你又不是投资你,
2024/9/28 0:37,wb,0,0.0,0.0,0,哈哈哈是的,
2024/9/28 0:39,wb,0,0.0,0.0,0,这个外甥女也太有钱了吧。,
2024/9/28 0:39,wb,0,0.0,0.0,0,不管是亲戚还是什么，千万不要相信。,
2024/9/28 0:40,wb,1,1.0,1.0,0,这种真的是厚颜无耻,
2024/9/28 0:41,wb,0,0.0,0.0,0,语文老师狂喜。这种新闻标题，不得拿来给学生改错啊,
2024/9/28 0:42,wb,0,0.0,0.0,0,在钱面前，什么亲情都不是,
2024/9/28 0:48,wb,0,0.0,0.0,0,我姐夫拿走我8万多，法院调解员说应该的，亲情第一！可我也需要钱，我的钱也是需要自己赚的啊,
2024/9/28 0:55,wb,0,0.0,0.0,0,强制措施是什么？我们家亲戚还有快200w没还，要不出来,
2024/9/28 0:57,wb,0,0.0,0.0,0,在上海的千万是基数吧？,
2024/9/28 0:58,wb,0,0.0,0.0,0,多…多少？！你说多少………………,
2024/9/28 1:04,wb,0,0.0,0.0,0,多少？,
2024/9/28 1:09,wb,0,0.0,0.0,0,标题都不会取了吗。究竟是谁借谁说清楚了,
2024/9/28 1:10,wb,0,0.0,0.0,0,我舅借我一万 八九年了 也没说要还的意思,
2024/9/28 1:19,wb,0,0.0,0.0,0,这个真的是有点炸裂了,
2024/9/28 1:22,wb,1,0.0,0.0,1,这种亲戚真的是够离谱的,
2024/9/28 1:23,wb,0,0.0,0.0,0,我哥现在借出去的钱六万多，我两万多，我弟一万多，估计都拿不回来了，我们都是普通工薪阶层，都还没钱结婚，朋友们，钱别乱借啊，问你借钱就给他推借钱App,
2024/9/28 1:23,wb,1,0.0,1.0,1,借钱的都是大爷，要钱比要命都难,
2024/9/28 1:24,wb,0,0.0,0.0,0,自古都是外甥吃母舅，这个好嘛，反过来了….,
2024/9/28 1:34,wb,0,0.0,0.0,0,有些人真的是这样，总是拖着。,
2024/9/28 1:45,wb,0,0.0,0.0,0,财不露眼，问就是没钱,
2024/9/28 1:46,wb,0,0.0,0.0,0,我以为是900块,
2024/9/28 1:55,wb,0,0.0,0.0,0,这种行为基本上也就是定性为内幕交易案,
2024/9/28 2:12,wb,0,0.0,0.0,0,在钱的面前，没有亲兄弟，亲兄弟都明算账，谈钱伤感情,
2024/9/28 2:15,wb,0,0.0,0.0,0,怎么敢借这么多的，他老婆肯定得气死,
2024/9/28 2:16,wb,0,0.0,0.0,0,外甥女太有钱了吧 900万都舍得借,
2024/9/28 2:21,wb,0,0.0,0.0,0,标题党举报了,
2024/9/28 2:37,wb,0,0.0,0.0,0,去看看法院里有多少打赢官司执行不了的吧,
2024/9/28 2:40,wb,1,0.0,1.0,1,让他们牢底坐穿吧 反正也不还钱,
2024/9/28 2:46,wb,0,0.0,0.0,0,现在很多我的不敢去借的,
2024/9/28 3:27,wb,0,0.0,0.0,0,我舅借我钱 直接回复我一句 没有 我都不知道怎么办,
2024/9/28 3:28,wb,0,0.0,0.0,0,只需要看钱用在具体什么事上面，谁的事？自己的否？亲兄弟都是明算账过日子，才有好来往的关系长久；除了自己都是外人，亲戚也生产不出来钱，人过自己的生活，都是口袋里面自己的钱花费开销！,
2024/9/28 3:31,dy,0,0.0,0.0,0,我舅舅也借我妈妈的钱不还[酷拽][酷拽][酷拽]。,
2024/9/28 3:35,wb,0,0.0,0.0,0,经验和教训,
2024/9/28 3:43,dy,0,0.0,0.0,0,没有钱不还咋整，强制执行，没钱咋办[流泪],
2024/9/28 3:46,wb,0,0.0,0.0,0,我是远房表外甥，可以借我50万吗，我肯定还哈哈,
2024/9/28 3:47,wb,0,0.0,0.0,0,外甥女真好,
2024/9/28 3:57,dy,0,0.0,0.0,0,能借到900万算不错了，我们10万都借不到,
2024/9/28 4:08,dy,0,0.0,0.0,0,[捂脸][捂脸]我从小到大爸爸就没管过我，我前面两个月骨折做手术，跟我爸借了2万，大家说说[捂脸]我要不要还,
2024/9/28 4:09,dy,0,0.0,0.0,0,900万不敢想这个数字。我们900元都没有。,
2024/9/28 4:12,wb,0,0.0,0.0,0,正月剪头发,
2024/9/28 4:15,dy,0,0.0,0.0,0,900万。外甥女。[赞],
2024/9/28 4:18,wb,0,0.0,0.0,0,才15天,
2024/9/28 4:55,wb,0,0.0,0.0,0,这家人是做啥生意的！,
2024/9/28 4:58,wb,0,0.0,0.0,0,真豪啊，有这么多,
2024/9/28 5:13,dy,0,0.0,0.0,0,可以大义灭亲，我请吃饭喝酒花1万我愿意，欠我100都要还给我,
2024/9/28 5:13,wb,0,0.0,0.0,0,这种没办法。。。人家没钱还,
2024/9/28 5:17,wb,0,0.0,0.0,0,小钱就不管呗，借了七千判了 还是不还就不管了,
2024/9/28 5:18,dy,0,0.0,0.0,0,[赞][赞][赞],
2024/9/28 5:18,wb,0,0.0,0.0,0,他那怕一个月还1千，外甥女都不至于起诉他,
2024/9/28 5:23,dy,0,0.0,0.0,0,弱弱问一句他们的钱咋这么好挣随便一个人都这么有钱吗[捂脸],
2024/9/28 5:33,wb,0,0.0,0.0,0,老赖舅舅借了外甥女的900万。很难理解吗,
2024/9/28 5:40,wb,0,0.0,0.0,0,上海人,
2024/9/28 5:40,wb,0,0.0,0.0,0,为什么不能法院判决直接冻结他的账户或者取款赔付？,
2024/9/28 5:57,wb,0,0.0,0.0,0,换了我，揍丝他,
2024/9/28 5:59,wb,0,0.0,0.0,0,我爸的舅舅借钱不还，我爸十多年前没了，他舅舅说，没借过，谁借的，谁要，可是我爸没有了呀,
2024/9/28 6:03,wb,0,0.0,0.0,0,借钱容易，要回来难,
2024/9/28 6:05,wb,0,0.0,0.0,0,的确谈不上豪宅,
2024/9/28 6:06,wb,1,1.0,1.0,0,二比小编,
2024/9/28 6:29,wb,0,0.0,0.0,0,真是无语了,
2024/9/28 6:31,wb,0,0.0,0.0,0,”舅舅借外甥女”――到底是谁借谁？,
2024/9/28 6:41,wb,0,0.0,0.0,0,转发,
2024/9/28 6:41,xhs,0,0.0,0.0,0,居然有900万可以借，厉害了,
2024/9/28 6:41,wb,0,0.0,0.0,0,你还真别说我同学找我聚餐，聚餐的钱他出，结果那天正好是个教师节，她突然要去学校看望老师，没钱，然后，我借了他55用于，救急！结果嘛，说好了27号月底还至今未还问就是没钱,
2024/9/28 6:47,wb,0,0.0,0.0,0,900万，我9块都不借,
2024/9/28 6:49,wb,0,0.0,0.0,0,早,
2024/9/28 6:53,wb,0,0.0,0.0,0,以后别说几百万了，几百块也不能借，前段时间借朋友500块钱，结果还了400，剩下那一百说了明天还，结果就没音了,
2024/9/28 6:54,wb,0,0.0,0.0,0,哈哈哈我公司被拖欠的30多万工程款终于在前几天开庭了，坐等我们的法院执行,
2024/9/28 6:54,wb,0,0.0,0.0,0,有钱不还和还不上是两回事,
2024/9/28 6:55,wb,0,0.0,0.0,0,最起码一次还不上，隔断时间慢慢还吧,
2024/9/28 7:01,wb,0,0.0,0.0,0,支持博主的说法老赖都这样,
2024/9/28 7:03,wb,0,0.0,0.0,0,我爸借了5万给他亲侄子，10年了还没还，感觉是送给他的,
2024/9/28 7:04,dy,0,0.0,0.0,0,亲属变成仇家了 [尬笑],
2024/9/28 7:05,wb,0,0.0,0.0,0,有些人宁愿在里面待着   也不愿意还钱,
2024/9/28 7:06,wb,0,0.0,0.0,0,很多人就是借别人的钱做生意，自己赚的留着潇洒。生意失败，还钱没有，自己的富裕生活是不能打折扣的,
2024/9/28 7:08,wb,0,0.0,0.0,0,我看成900块,
2024/9/28 7:10,wb,0,0.0,0.0,0,这一定是外甥女她妈让她借出去的,
2024/9/28 7:12,dy,0,0.0,0.0,0,支持，郑律师，[赞][赞][赞][赞][赞][赞][赞],
2024/9/28 7:12,wb,0,0.0,0.0,0,金额不小啊,
2024/9/28 7:16,dy,0,0.0,0.0,0,[赞][赞][赞]舅舅为大[捂脸][尬笑]你为啥不好借好还了[捂脸]外甥女相信你才肯借给你的[呲牙]伤了外甥女心了，这么大的数字900万[呲牙],
2024/9/28 7:18,wb,0,0.0,0.0,0,说没钱真的一点办法没有，就算拘留也没钱还，你说怎么办,
2024/9/28 7:19,wb,0,0.0,0.0,0,我的错看了900元,
2024/9/28 7:20,wb,0,0.0,0.0,0,希望骗我们钱的老赖能把钱还给我们,
2024/9/28 7:28,wb,0,0.0,0.0,0,谁借谁？,
2024/9/28 7:31,wb,0,0.0,0.0,0,天呐，我啥时候能有900万,
2024/9/28 7:31,wb,0,0.0,0.0,0,有这样的舅舅真是倒大霉,
2024/9/28 7:33,wb,0,0.0,0.0,0,这年头睡也不敢相信,
2024/9/28 7:38,wb,0,0.0,0.0,0,这种的只能通过法律途径了吧,
2024/9/28 7:39,wb,0,0.0,0.0,0,走法律程序呗,
2024/9/28 7:41,wb,0,0.0,0.0,0,乍一看标题，不知谁借给谁？,
2024/9/28 7:41,wb,0,0.0,0.0,0,财产转移啊，老赖就名下没钱了,
2024/9/28 7:42,dy,0,0.0,0.0,0,900万[抠鼻],
2024/9/28 7:42,wb,0,0.0,0.0,0,不要轻易借钱给任何人，你看中的是亲情，他看中的是你的本金！,
2024/9/28 7:44,wb,0,0.0,0.0,0,不还是吧？年年正月十五去剪头,
2024/9/28 7:45,wb,0,0.0,0.0,0,好的，富婆本家，借我一千万吧！北京买套房！,
2024/9/28 7:45,wb,1,0.0,1.0,1,赶紧回娘胎重造吧,
2024/9/28 7:46,wb,1,0.0,1.0,1,老赖太可恶了,
2024/9/28 7:47,wb,0,0.0,0.0,0,外甥女真有钱，我900块借出去都费劲,
2024/9/28 7:48,wb,0,0.0,0.0,0,可以,
2024/9/28 7:48,dy,0,0.0,0.0,0,哎！,
2024/9/28 7:52,wb,0,0.0,0.0,0,当代人的欲望大于能力，结果就这样,
2024/9/28 7:54,wb,0,0.0,0.0,0,子午卯酉透出天干是水火木金？,
2024/9/28 7:58,wb,0,0.0,0.0,0,这事儿妈妈咋说,
2024/9/28 8:01,wb,0,0.0,0.0,0,姐姐早,
2024/9/28 8:01,wb,0,0.0,0.0,0,借给妹妹2万，还了一万，剩下一万估计她忘了，我也不好意思提,
2024/9/28 8:01,wb,0,0.0,0.0,0,这金额这么强大的吗,
2024/9/28 8:02,wb,0,0.0,0.0,0,确实是这样的,
2024/9/28 8:02,wb,0,0.0,0.0,0,有时候真不是钱多少的问题，大家平等的对待，才能长久,
2024/9/28 8:02,wb,0,0.0,0.0,0,花花，早,
2024/9/28 8:02,wb,1,0.0,0.0,1,这人没有边界感还抠门，关系这么好，她为什么不请你吃饭,
2024/9/28 8:08,wb,0,0.0,0.0,0,看来AA最靠谱，懂感恩的人少,
2024/9/28 8:09,wb,0,0.0,0.0,0,一样，我表哥借了我60万，说只借一年用于投资，现在投资失败，10年了也不还。他的妈妈我的姑姑在生前对我最好了。我爸爸他这个舅舅， 让我看在我去世的姑姑份上再等等。哎！,
2024/9/28 8:10,wb,0,0.0,0.0,0,这种人觉得别人帮她都是理所当然，占人家便宜就是稀疏平常，最后终将孤家寡人,
2024/9/28 8:13,wb,1,1.0,1.0,0,拜金男,
2024/9/28 8:13,wb,0,0.0,0.0,0,太有钱了,
2024/9/28 8:16,wb,0,0.0,0.0,0,严重同意花花观点！吃喝不计较，买卖论丝毫，这种事情虽然不是买卖，但是道理一样。,
2024/9/28 8:16,wb,0,0.0,0.0,0,温州算入股,
2024/9/28 8:16,wb,0,0.0,0.0,0,正月去剃头,
2024/9/28 8:16,dy,0,0.0,0.0,0,[捂脸],
2024/9/28 8:16,wb,0,0.0,0.0,0,豪宅还不止80万吗？申请强制执行啊,
2024/9/28 8:17,wb,0,0.0,0.0,0,不要轻易借钱,
2024/9/28 8:19,wb,0,0.0,0.0,0,学习,
2024/9/28 8:20,wb,0,0.0,0.0,0,早上好！爱花花，都说在我喜欢的点上,
2024/9/28 8:21,wb,0,0.0,0.0,0,车最好不要借呢,
2024/9/28 8:21,wb,0,0.0,0.0,0,900万？好有钱,
2024/9/28 8:21,wb,0,0.0,0.0,0,我也帮朋友付过住院费，伙食费，没好意思开口说,
2024/9/28 8:22,wb,1,1.0,1.0,0,这个世界就是烂人堆，你平时的大方在他眼里看来就是好欺负。因为我家就一个孩子，平常带孩子出门旅游有点孤独，就经常把小姑子家的孩子一块带上，但没给小姑子要过钱，后来一大家子20多口人出去玩，几个小姑子轮流几次三番，要求我买票。我后来想了，带他们孩子出去玩若给他们要钱，就没后面这些事了。,
2024/9/28 8:23,wb,0,0.0,0.0,0,有一次我替大领导写的署名文章发表了，得稿费400,我说请大家吃饭，结果经手稿费发放的同事直接把稿费打她个人账户去了，从此我再也不请她吃喝了
2024/9/28 8:23,wb,0,0.0,0.0,0,做人还是要有原则性，规矩不能乱,
2024/9/28 8:26,wb,0,0.0,0.0,0,什么标题 看不懂谁借谁,
2024/9/28 8:27,wb,0,0.0,0.0,0,看看我金了没,
2024/9/28 8:29,wb,0,0.0,0.0,0,我舅舅三月份管我借一万，当时我们自己要买车但碍于亲情借了他5千，说两个月还现在都没影，7月我突然住院，让他帮忙去火车站接一下我妈妈都说没空，说什么他的车子管制没法到高铁站，我妈妈只是农村人不识路，有个人领着来就行了，又不是要坐他的车,
2024/9/28 8:30,wb,0,0.0,0.0,0,现在都存不到钱哦,
2024/9/28 8:32,wb,0,0.0,0.0,0,花花说的好,
2024/9/28 8:32,wb,0,0.0,0.0,0,这不是小金额呀,
2024/9/28 8:32,wb,0,0.0,0.0,0,借出去容易，要回很难,
2024/9/28 8:33,wb,1,1.0,1.0,0,那些老赖真的无法无天了,
2024/9/28 8:34,wb,0,0.0,0.0,0,人不能没情没意,
2024/9/28 8:34,wb,0,0.0,0.0,0,，关系好也要有原则，有原则是为了更好地相处。让生活更加有序，人际关系更加健康。,
2024/9/28 8:38,wb,0,0.0,0.0,0,去年过年我同事跟我借了1000，年假过后才知道公司的人都借了，老板知道后督促他还，然后还了我500，现在还有500没还呢,
2024/9/28 8:38,wb,1,0.0,0.0,1,也就拘留了，还能咋,
2024/9/28 8:39,wb,0,0.0,0.0,0,我对你好那是我很好，亲兄弟明算账。,
2024/9/28 8:43,wb,0,0.0,0.0,0,认同花花这个标准,
2024/9/28 8:45,wb,0,0.0,0.0,0,亲戚借钱很难还,
2024/9/28 8:46,wb,0,0.0,0.0,0,有来有往，关系才能长久,
2024/9/28 8:48,wb,0,0.0,0.0,0,好搞笑,
2024/9/28 8:48,wb,0,0.0,0.0,0,这标题，我先想到就是，我舅舅连一万都没借给过我,
2024/9/28 8:49,wb,0,0.0,0.0,0,谁借给谁了？？,
2024/9/28 8:49,wb,1,0.0,0.0,1,强制拍卖家产,
2024/9/28 8:51,wb,0,0.0,0.0,0,一码归一码，这位朋友分不清界线，不结交也罢，亏了花花的真心，抱抱,
2024/9/28 8:54,wb,0,0.0,0.0,0,现在我是不敢借钱给别人。,
2024/9/28 8:55,wb,0,0.0,0.0,0,嗯！不同频早离开,
2024/9/28 8:55,wb,0,0.0,0.0,0,借的时候就没想还,
2024/9/28 8:56,wb,0,0.0,0.0,0,所以不要借钱给别人，说的好听是借，实际就是送。另外，博主说的也不对，借出去的时候，有可能她很有钱不在乎收不回来，现在说不定她自己真缺钱，破产了也不一定。反正无论自己有没有钱，都不要借钱给别人，万一自己急需要钱，人家也不会还你,
2024/9/28 8:57,wb,0,0.0,0.0,0,支持博主,
2024/9/28 8:57,wb,0,0.0,0.0,0,这外甥女900w居然都敢借  所以说绝对不要轻易借钱给别人  亲兄弟还要明算账呢,
2024/9/28 8:57,wb,0,0.0,0.0,0,分不清界限的就各行各路吧,
2024/9/28 8:57,wb,0,0.0,0.0,0,思聪挠挠头，二千万也能算钱？,
2024/9/28 8:58,wb,0,0.0,0.0,0,会不会起标题……#舅舅找外甥女借900万不肯还#,
2024/9/28 8:58,wb,1,0.0,0.0,1,我就是身体不好干点活就累死，不知道,
2024/9/28 9:00,wb,0,0.0,0.0,0,我不借别人，别人也别借我的,
2024/9/28 9:00,wb,0,0.0,0.0,0,我现在谁都不愿意借,
2024/9/28 9:02,wb,0,0.0,0.0,0,重点难道不是外甥女居然有900万吗,
2024/9/28 9:05,wb,0,0.0,0.0,0,一定要看好自己的钱包呀。,
2024/9/28 9:05,wb,1,0.0,0.0,1,这种只能自认倒霉了，要不回来。,
2024/9/28 9:08,wb,0,0.0,0.0,0,我们老板前年跑路，欠几百名员工几百万，欠我四万工资没发，几个月社保没买，申请强制执行一点用也没用，他还过的好好的,
2024/9/28 9:08,wb,0,0.0,0.0,0,贫富差距太大了！千万资产也只能算普通人,
2024/9/28 9:11,wb,0,0.0,0.0,0,早安,
2024/9/28 9:11,wb,0,0.0,0.0,0,哇塞,
2024/9/28 9:12,wb,1,0.0,0.0,1,我舅借我家钱十多年没还过一毛  大有赖账的架势,
2024/9/28 9:13,wb,0,0.0,0.0,0,花姐姐,
2024/9/28 9:15,wb,0,0.0,0.0,0,花花仗义,
2024/9/28 9:17,wb,0,0.0,0.0,0,评论区能看出扶弟魔多,
2024/9/28 9:20,dy,0,0.0,0.0,0,我爸借给外甥不还了，打官司赢了也没钱给,
2024/9/28 9:20,wb,0,0.0,0.0,0,借车后加满油，洗车。但是，不要借也不要借出去。除非是自己的兄弟姐妹且靠谱，朋友就算了,
2024/9/28 9:21,wb,1,1.0,1.0,0,向别人借钱的是践B，把钱借给别人的是煞B。无论是亲戚、朋友、同事，只要涉及到了借钱，就做好以后断交的心理准备吧!,
2024/9/28 9:23,wb,0,0.0,0.0,0,直接后台改一下产权名字不就行,
2024/9/28 9:23,wb,0,0.0,0.0,0,标题应该写舅舅向外甥女借，而不是舅舅借外甥女，不知道还以外甥女欠钱，,
2024/9/28 9:23,wb,0,0.0,0.0,0,有借无还，太难了,
2024/9/28 9:24,wb,0,0.0,0.0,0,亲情无价啊,
2024/9/28 9:25,wb,0,0.0,0.0,0,我正分手的对象家2009年借给他姨夫一百多万，2024年开始还钱，只还本金而且分期还款 每月还一万。估计到二零三几年才能还完……,
2024/9/28 9:26,wb,0,0.0,0.0,0,求助：张雨绮前夫袁巴元欠薪，我微博里有完整视频。#眩隐职工，揭露袁巴元欠薪#,
2024/9/28 9:31,wb,0,0.0,0.0,0,早安网页链接,
2024/9/28 9:34,dy,0,0.0,0.0,0,我仅有的900块都自己捂着，谁也不给,
2024/9/28 9:35,wb,0,0.0,0.0,0,很多人真的没有感恩之心的 我现在也不做冤大头了,
2024/9/28 9:38,wb,0,0.0,0.0,0,司法拘留是几天,
2024/9/28 9:40,wb,0,0.0,0.0,0,遇到这样的舅舅也是她倒霉,
2024/9/28 9:41,wb,0,0.0,0.0,0,俺舅前几天问我借一千,
2024/9/28 9:41,dy,0,0.0,0.0,0,哎呀，我的小舅舅欠我5千10多年，今年5月份他老婆听到我说身体不好把钱还我了[感谢][感谢][感谢],
2024/9/28 9:42,wb,0,0.0,0.0,0,上海900万感觉像欢乐豆一样随意,
2024/9/28 9:43,wb,0,0.0,0.0,0,才900……一看，万,
2024/9/28 9:43,wb,0,0.0,0.0,0,豪宅要跟面积挂钩啊，市中心10万一平米，1000万也就100平米，抠掉公摊面积，实际才60平米多，这真算不得豪宅,
2024/9/28 9:44,wb,0,0.0,0.0,0,钱借出去的那天就是你俩关系破裂的那天,
2024/9/28 9:44,wb,0,0.0,0.0,0,九百万。。。。什么豪门恩怨,
2024/9/28 9:46,dy,0,0.0,0.0,0,九百万是哪个都不想还,
2024/9/28 9:46,wb,0,0.0,0.0,0,人情世故还是要懂,
2024/9/28 9:46,dy,0,0.0,0.0,0,真心觉得要钱累的，上个月借给我一个朋友15万说一个月给我，这里拖了多少天了才要来1万。真的不能跟钱接触,
2024/9/28 9:47,wb,0,0.0,0.0,0,那不熟悉的人借钱不还，我是不是可以直接告，七八年了。,
2024/9/28 9:52,wb,0,0.0,0.0,0,三观不同,
2024/9/28 9:55,wb,0,0.0,0.0,0,谢谢博主分享,
2024/9/28 9:56,wb,0,0.0,0.0,0,达成和解有雕用，就是拖着不还,
2024/9/28 9:57,wb,0,0.0,0.0,0,外甥女是真有钱,
2024/9/28 9:58,wb,0,0.0,0.0,0,标题有异议，每次看到这样的标题点开以后都不是那么回事,
2024/9/28 10:01,wb,0,0.0,0.0,0,十几件只有三件达成,
2024/9/28 10:01,wb,0,0.0,0.0,0,最烦借钱不还的人了,
2024/9/28 10:05,wb,0,0.0,0.0,0,正常现象我这里就有人不还的,
2024/9/28 10:06,wb,0,0.0,0.0,0,我们这欠钱的把借钱的给送进去了,
2024/9/28 10:09,wb,0,0.0,0.0,0,走向共和 李鸿章：就向一家银行借，借多点，我们是他爷借少了，他是我们的爷,
2024/9/28 10:12,wb,0,0.0,0.0,0,就不能强制没收房产啥的吗,
2024/9/28 10:12,wb,0,0.0,0.0,0,原文是老赖不想被执行，有一笔900万的账做成了借给外甥女。,
2024/9/28 10:12,wb,0,0.0,0.0,0,是的，借钱的时候好声好气，让还钱的时候就不是那么回事了,
2024/9/28 10:16,wb,0,0.0,0.0,0,拘留多久？,
2024/9/28 10:16,wb,0,0.0,0.0,0,就是咯，借了就得还,
2024/9/28 10:19,wb,0,0.0,0.0,0,要是对那些人出手有这么麻溜就厉害了,
2024/9/28 10:24,wb,0,0.0,0.0,0,借车风险大,
2024/9/28 10:26,wb,0,0.0,0.0,0,文明社会的基石就是规则可靠，也就是以前的守江湖规矩，这是最好的营商环境。个体之间也是如此,
2024/9/28 10:29,wb,0,0.0,0.0,0,子水桃花藏干癸水，天干地支都有癸水的话就符合，卯木午火酉金同理，反过来也同理,
2024/9/28 10:29,wb,0,0.0,0.0,0,900百万呵,
2024/9/28 10:29,wb,0,0.0,0.0,0,师傅  女命   庚午  乙酉  庚寅  壬午今年会分手？,
2024/9/28 10:30,wb,0,0.0,0.0,0,这标题，我还以为借钱的是外甥女呢,
2024/9/28 10:30,wb,0,0.0,0.0,0,是啊,
2024/9/28 10:33,wb,0,0.0,0.0,0,好有钱,
2024/9/28 10:33,wb,0,0.0,0.0,0,我靠半天以为是外甥女不还钱,
2024/9/28 10:35,wb,0,0.0,0.0,0,我的天借这么多是真有钱,
2024/9/28 10:38,wb,0,0.0,0.0,0,不是 九百万 说借就借,
2024/9/28 10:47,dy,1,1.0,1.0,0,老赖不入刑一切等于零,
2024/9/28 10:47,wb,1,0.0,1.0,1,安排坐牢，还了钱就能出来,
2024/9/28 10:48,dy,0,0.0,0.0,0,郑老师好样的[赞][赞][赞][赞][赞][赞][赞][赞][赞],
2024/9/28 10:48,wb,0,0.0,0.0,0,借钱的时候说的好好的，根本要不回来,
2024/9/28 10:48,wb,0,0.0,0.0,0,现在借钱的人真的就是大爷啊,
2024/9/28 10:48,wb,0,0.0,0.0,0,我觉得还是不要随便借钱好啊,
2024/9/28 10:48,wb,0,0.0,0.0,0,这样的舅舅真的很不错了，这样的外甥女真的无语,
2024/9/28 10:48,wb,0,0.0,0.0,0,有时候不要轻易借钱啊,
2024/9/28 10:48,wb,0,0.0,0.0,0,妈呀，900w我这一辈子也挣不了这些钱,
2024/9/28 10:48,wb,0,0.0,0.0,0,还是不要轻易给人借钱，催钱太难了,
2024/9/28 10:48,wb,0,0.0,0.0,0,家人们这就是人性吧,
2024/9/28 10:48,wb,0,0.0,0.0,0,所有消费限制所有财产法拍让他们守着钱却一分钱都花不出去,
2024/9/28 10:48,wb,0,0.0,0.0,0,没钱都能理解，问题是有钱不还就离谱,
2024/9/28 10:48,wb,0,0.0,0.0,0,确实,
2024/9/28 10:48,wb,1,0.0,1.0,1,这舅舅当得真是太不要脸了，借钱不还，丢不丢人,
2024/9/28 10:49,wb,0,0.0,0.0,0,？900万啊，怎么有脸不还还是自己的外甥女,
2024/9/28 10:49,wb,0,0.0,0.0,0,不还钱咱们就只有去告她了,
2024/9/28 10:49,wb,0,0.0,0.0,0,这个舅舅也真是绝了这个外甥女也真是钱多能借900万,
2024/9/28 10:49,wb,0,0.0,0.0,0,面子不值几个钱的,
2024/9/28 10:49,wb,0,0.0,0.0,0,还是不要轻易借给别人钱的好,
2024/9/28 10:49,dy,0,0.0,0.0,0,妈呀，这辈子连几万块都没有摸到过 还900万，富二代人家,
2024/9/28 10:49,wb,0,0.0,0.0,0,遇到借钱我通通拒绝，借钱容易还钱难啊,
2024/9/28 10:49,wb,0,0.0,0.0,0,这就是人性，很难分辨！借钱钱需谨慎,
2024/9/28 10:49,wb,0,0.0,0.0,0,天呐 900万这是什么小众文字,
2024/9/28 10:49,wb,1,0.0,1.0,1,老赖无底线，法律也无奈。,
2024/9/28 10:52,wb,0,0.0,0.0,0,我想的是外甥女真有钱,
2024/9/28 10:52,wb,0,0.0,0.0,0,舅舅借外甥女900万 可以有两种解读,
2024/9/28 10:52,wb,0,0.0,0.0,0,舅舅借外甥女 借外甥女 借 到底谁借谁？,
2024/9/28 10:53,wb,0,0.0,0.0,0,借这么多，可以起诉吗,
2024/9/28 10:57,wb,0,0.0,0.0,0,可以请人吃饭，不能请人看病――哈哈哈，多年前一个兄弟说，我可以请人洗脚，但是不请人飘仓。,
2024/9/28 11:00,wb,0,0.0,0.0,0,居然还有这种的人,
2024/9/28 11:00,wb,0,0.0,0.0,0,真的成年人要学会拒绝,
2024/9/28 11:00,wb,0,0.0,0.0,0,九百万对我来说就是天文数字,
2024/9/28 11:00,wb,0,0.0,0.0,0,借钱容易还钱难啊，一般都不借钱,
2024/9/28 11:00,wb,0,0.0,0.0,0,毕竟是不小的数目一定要谨慎一些,
2024/9/28 11:00,wb,0,0.0,0.0,0,所以不要轻易把钱借出去,
2024/9/28 11:00,wb,0,0.0,0.0,0,真的太有钱了 这辈子没见过这么多钱,
2024/9/28 11:00,wb,0,0.0,0.0,0,不管多亲的人都不要随便借钱,
2024/9/28 11:00,wb,0,0.0,0.0,0,是啊，人心难测，借钱还是要谨慎,
2024/9/28 11:00,wb,0,0.0,0.0,0,借钱容易，还钱难，还是别借了,
2024/9/28 11:00,wb,0,0.0,0.0,0,现在自己的亲戚都不能轻易借钱,
2024/9/28 11:00,wb,0,0.0,0.0,0,借钱容易，要钱来这个世道就是这样,
2024/9/28 11:00,wb,0,0.0,0.0,0,不要为了所谓的面子借钱给别人啊，到时候要不回来,
2024/9/28 11:01,wb,0,0.0,0.0,0,借钱永远都不要相信任何人，哪怕亲人,
2024/9/28 11:01,wb,0,0.0,0.0,0,现在让别人还钱是真的比登天还难,
2024/9/28 11:01,wb,0,0.0,0.0,0,有时候借钱的时候也要看清楚对方的人品,
2024/9/28 11:01,wb,0,0.0,0.0,0,所以说钱这种东西最容易伤感情，千万不能乱借。,
2024/9/28 11:01,wb,0,0.0,0.0,0,秩序良好,
2024/9/28 11:01,wb,0,0.0,0.0,0,真的通过借钱可以看清楚人性了,
2024/9/28 11:01,wb,0,0.0,0.0,0,所以说亲兄弟明算帐 钱这种大家都爱的东西不要随随便便就借了,
2024/9/28 11:02,wb,0,0.0,0.0,0,真想不明白，为什么有钱不还,
2024/9/28 11:04,wb,0,0.0,0.0,0,我都没有钱借,
2024/9/28 11:05,wb,0,0.0,0.0,0,来了,
2024/9/28 11:06,wb,0,0.0,0.0,0,重生之80年代媳妇有点辣，后续,
2024/9/28 11:06,wb,0,0.0,0.0,0,该还钱还钱，别老拖着不还，又不是没钱,
2024/9/28 11:10,wb,0,0.0,0.0,0,干饭了干饭了干饭了，冲冲冲,
2024/9/28 11:11,wb,0,0.0,0.0,0,“舅舅借外甥女”究竟是舅舅借给外甥女还是舅舅向外甥女借了钱，我文化浅，看了半天也不太明白,
2024/9/28 11:14,wb,0,0.0,0.0,0,看标题我还以为哪个好舅舅居然借给侄女,
2024/9/28 11:14,dy,0,0.0,0.0,0,900万[呲牙],
2024/9/28 11:14,wb,0,0.0,0.0,0,所以谁借谁？小编如果不认识&quot;欠&quot;的话就可以主动离职了,
2024/9/28 11:17,wb,0,0.0,0.0,0,夺少，九百万,
2024/9/28 11:17,wb,0,0.0,0.0,0,这么多？,
2024/9/28 11:21,wb,0,0.0,0.0,0,周六快乐,
2024/9/28 11:21,wb,0,0.0,0.0,0,如何呢,
2024/9/28 11:22,wb,0,0.0,0.0,0,借出去钱没了，不借，钱在，亲情没了,
2024/9/28 11:22,wb,0,0.0,0.0,0,不是你的钱你不急是吧？,
2024/9/28 11:22,wb,1,0.0,0.0,1,装什么理中客，欠债还钱天经地义,
2024/9/28 11:23,wb,0,0.0,0.0,0,飞一下,
2024/9/28 11:24,dy,0,0.0,0.0,0,是不是真的,
2024/9/28 11:29,wb,0,0.0,0.0,0,凭实力借的，为什么…,
2024/9/28 11:29,wb,0,0.0,0.0,0,亲情都没有了,
2024/9/28 11:30,wb,0,0.0,0.0,0,钱不能借,
2024/9/28 11:31,wb,0,0.0,0.0,0,那种总是守信用借钱就还的也要小心，说不定哪天借个大的直接不还了,
2024/9/28 11:31,dy,0,0.0,0.0,0,外甥女真有钱,
2024/9/28 11:31,wb,1,0.0,1.0,1,太不要脸,
2024/9/28 11:35,wb,1,1.0,1.0,0,是不是刑满债清，吃几年牢饭出来债就没了，坐牢苦几年，一直欠着一直苦，碰上就宁愿坐牢的呢，被欠钱的人怎么办,
2024/9/28 11:35,wb,0,0.0,0.0,0,标题直接改成，舅舅欠外甥女900万不肯还，不是更好吗,
2024/9/28 11:36,wb,0,0.0,0.0,0,不忘初心怀揣敬畏，坚持不懈无惧前路。用音乐浇灌梦想的种子生根发芽，用倔强呵护稚嫩的幼苗肆意生长。从未退缩，一如既往，一往无前。,
2024/9/28 11:39,wb,0,0.0,0.0,0,真无语啊,
2024/9/28 11:39,wb,0,0.0,0.0,0,不是，会不会写标题？,
2024/9/28 11:39,wb,0,0.0,0.0,0,别人家的舅舅怎么都这么有钱啊我舅舅借九千都不可能,
2024/9/28 11:41,wb,0,0.0,0.0,0,标题以为是舅舅把钱借给了外甥女，读了内容发现是外甥女的钱借给了舅舅,
2024/9/28 11:42,wb,1,0.0,1.0,1,建议欠钱不还的合法割腰子,
2024/9/28 11:43,wb,0,0.0,0.0,0,这年头最不能借的就是钱了，不管什么情况，直接告诉对方去借贷公司借去。,
2024/9/28 11:44,wb,0,0.0,0.0,0,要懂规矩，有边界感，世上没有谁该着你的,
2024/9/28 11:45,wb,0,0.0,0.0,0,这也太过分了吧,
2024/9/28 11:46,wb,0,0.0,0.0,0,亲戚不共财，共财两不来,
2024/9/28 11:48,wb,0,0.0,0.0,0,900万我觉得不用难做，直接撕破脸，这种亲戚不来往也罢,
2024/9/28 11:50,wb,0,0.0,0.0,0,亲人之间这种就很尴尬,
2024/9/28 11:50,wb,1,0.0,0.0,1,把被执行人的上海房子卖掉，还清债务后，用剩余的钱给它在鹤岗买一套安置房！,
2024/9/28 11:52,wb,0,0.0,0.0,0,这个标题没看懂，是舅舅向外甥女借了，还是舅舅借给外甥女？？？,
2024/9/28 11:56,wb,0,1.0,0.0,-1,拘留了还是不给钱又怎么办？坐牢也最多3年，3年出来了照样不给又怎么办？,
2024/9/28 11:57,wb,1,1.0,1.0,0,这些欠钱不还的猪狗不如的人渣，在非法治社会我有能力必须杀了他们,
2024/9/28 11:57,wb,0,1.0,0.0,-1,不是你的钱你说什么说,
2024/9/28 12:02,wb,1,1.0,1.0,0,我觉得，应该抄家还钱！！！,
2024/9/28 12:03,dy,0,0.0,0.0,0,有谁跟我一样，第一反应是：真有钱[捂脸][捂脸][捂脸],
2024/9/28 12:05,wb,0,0.0,0.0,0,中国2-300万老赖，关了几个啊？ ,
2024/9/28 12:09,wb,0,0.0,0.0,0,我的八字地支子午酉酉,
2024/9/28 12:09,wb,1,0.0,0.0,1,“舅舅”一个神奇的物种,
2024/9/28 12:10,wb,0,0.0,0.0,0,夺少？,
2024/9/28 12:10,wb,0,0.0,0.0,0,这个也太夸张了啊,
2024/9/28 12:11,wb,0,0.0,0.0,0,卧槽借那么多,
2024/9/28 12:13,wb,0,0.0,0.0,0,丙子 庚子 戊戌 辛酉 女这个呢,
2024/9/28 12:16,wb,0,0.0,0.0,0,没办法是要不回来了,
2024/9/28 12:17,wb,0,1.0,0.0,-1,要钱没有要命一条,
2024/9/28 12:18,wb,1,0.0,0.0,1,借的时候是亲戚，还的时候是大爷,
2024/9/28 12:23,wb,0,0.0,0.0,0,能借出去900万的人是凡人？欠人家钱，你以为是公家或者普通老百姓？,
2024/9/28 12:23,wb,0,0.0,0.0,0,欠钱不还入刑才能有震慑力！只是拘留力度不够！,
2024/9/28 12:25,wb,0,1.0,1.0,-1,就贱,
2024/9/28 12:27,wb,0,0.0,0.0,0,开发商欠业主钱的能不能也管管,
2024/9/28 12:29,wb,0,0.0,0.0,0,中午好,
2024/9/28 12:29,wb,0,0.0,0.0,0,外甥女够有钱,
2024/9/28 12:36,wb,0,0.0,0.0,0,许愿都会实现,
2024/9/28 12:41,wb,0,0.0,0.0,0,借钱风波起，亲情变仇人。 小心谨慎行，避免伤心神。 画饼莫轻信，承诺需兑现。 借钱需谨慎，亲情人财伤。,
2024/9/28 12:42,dy,0,0.0,0.0,0,为郑律师点赞[赞][赞][赞][赞][赞][赞][赞][赞][赞][赞][赞][赞][赞][赞][赞][赞][赞][赞][赞][赞][赞][赞],
2024/9/28 12:43,wb,0,0.0,0.0,0,虽然无法阻止年龄的不断增长，但是可以试着保持一颗单纯善良的心。,
2024/9/28 12:45,wb,0,0.0,0.0,0,慎重慎重，再慎重,
2024/9/28 12:52,wb,0,1.0,0.0,-1,拘留完以后，要继续不还怎么办。还能续费拘留不。,
2024/9/28 12:54,dy,0,1.0,0.0,-1,抖音上正常几百万起步，已习惯中国有钱了。,
2024/9/28 13:03,wb,0,0.0,0.0,0,亲戚朋友借一个少一个,
2024/9/28 13:13,wb,0,0.0,0.0,0,周六愉快,
2024/9/28 13:20,wb,0,0.0,0.0,0,确实没有想到,
2024/9/28 13:22,wb,0,0.0,0.0,0,没有亲情,
2024/9/28 13:23,wb,0,1.0,0.0,-1,算是抢吧,
2024/9/28 13:28,wb,0,0.0,0.0,0,只有不断努力，才能够收获满满的幸福。用积极的态度面对生活，用激情的心去感受每一份工作，我们会发现，成功并不遥远。,
2024/9/28 13:32,dy,0,0.0,0.0,0,天，好有钱,
2024/9/28 13:34,wb,0,0.0,0.0,0,怎么都是这副德行的，不管是亲朋好友还是亲戚,
2024/9/28 13:39,wb,0,0.0,0.0,0,每个人都会有一段异常艰难的时光，生活的窘迫，工作的失意，学业的压力，爱的惶惶不可终日。挺过来的，人生就会豁然开朗，挺不过来的，时间也会教你怎么与它握手言和，所以，你都不必害怕的。,
2024/9/28 13:41,wb,0,0.0,0.0,0,眼前那串迹，渐渐远，畔，曲笙歌散尽，灵魂深处怅然。这样的场景，忧伤了命中的缱倦，我独站在寂寥的花海中，吟唱那份属于的孤单。,
2024/9/28 13:44,wb,0,0.0,0.0,0,市中心房价8万一平朝上，好地段10万多，你一千多万也就买个100平出头的房子，豪宅的标准现在这么低了吗,
2024/9/28 13:49,wb,0,0.0,0.0,0,善是一种美德，人善是一种修养，真善是一种功德，对人要有一种诚信，对事要有一种明白，要学会尊敬，要学会安静和祥和。,
2024/9/28 13:49,dy,0,1.0,0.0,-1,关十年,
2024/9/28 13:50,wb,0,0.0,0.0,0,这不就是我嘛,
2024/9/28 13:51,wb,1,0.0,0.0,1,有几个舅舅把外甥女当自己人看的？,
2024/9/28 13:54,wb,0,0.0,0.0,0,认同，亲兄弟还要明算账，这是我妈的口头禅。我妈就是让我们买东西她必定给钱，她说：我们买东西给她不付钱，但她开口让我们买的她必须给我们钱,
2024/9/28 14:00,wb,0,0.0,0.0,0,我们日行一善，并不是放下手中一切事情，刻意地去做好事，而是带着善心给需要帮助的人做力所能及的事。慈善只能是一种境界，一种超越责任和道德范畴的境界。凡是有益于人的就是善，损人利己的就是恶。 ,
2024/9/28 14:00,wb,0,0.0,0.0,0,对对对,
2024/9/28 14:01,wb,0,0.0,0.0,0,我们这里都有恶警无仇无利长期用违禁物品害人，没抓的，没敢报道的，一直在猖狂作恶的，揭露看看立大功,
2024/9/28 14:04,dy,0,1.0,0.0,-1,能借你900万的人你应该磕头谢恩！我连900都借不到,
2024/9/28 14:10,wb,0,0.0,0.0,0,对这个词条就有歧义,
2024/9/28 14:11,wb,0,0.0,0.0,0,选择善良是一块路标，在你迷失方向之时，给你指明前进的方向；选择善良是一口清泉，在你干渴之时，给你生命的滋润；选择善良是一双有力的手，在你无助之时，给你巨大的帮助。因此心灵的选择，一定要择善而从,
2024/9/28 14:14,wb,0,0.0,0.0,0,远离垃圾亲戚,
2024/9/28 14:16,wb,0,0.0,0.0,0,《礼记・学记》：“发虑宪，求善良，足以j闻，不足以动众。” 孔颖达 疏：“良亦善也。又能招求善良之士。”,
2024/9/28 14:16,dy,1,0.0,0.0,1,啥舅舅，不认也罢,
2024/9/28 14:23,wb,0,0.0,0.0,0,生活没有真正的完美，只有不完美才是最真实的人生；生活没有一帆风顺的，只有披荆斩棘才能路路顺；生活没有永远的成功，只有能在挫折中重新站起来才是真正的成功。生命的意义在于和别人的不同之处，活出属于自己的精彩。,
2024/9/28 14:26,wb,0,0.0,0.0,0,地支六合了印星,
2024/9/28 14:26,wb,0,0.0,0.0,0,正能量带给我们的，如阳光带给向日葵，如雨露带给花朵，如母亲带给孩子，那是一种难以言表却振奋人心的力量，可以抵挡畏惧和困难。做一个有正能量的人吧，相信你会因它而变得强大，强大到连世界也可以为你改变一些。,
2024/9/28 14:30,wb,0,0.0,0.0,0,是这样，给了不收是另一码事,
2024/9/28 14:45,wb,0,0.0,0.0,0,当你觉得你撑不下去的时候，你要知道，还有万亿个细胞只为你一个人而活。,
2024/9/28 14:45,dy,0,0.0,0.0,0,千万莫借钱亲戚，同感,
2024/9/28 14:49,wb,0,0.0,0.0,0,学会等待，就会学会捕捉希望，学会寻找成功之路；学会等待，令心灵的天空群星闪烁，令智慧的花朵芬芳灿烂，令生命的海洋宽广无垠。,
2024/9/28 14:51,wb,0,0.0,0.0,0,我去，太豪了,
2024/9/28 14:51,dy,0,0.0,0.0,0,有用不,
2024/9/28 14:58,wb,0,0.0,0.0,0,所以不要牵扯到这个东西,
2024/9/28 15:17,wb,0,0.0,0.0,0,感觉印这个，无论喜不喜，都必须得有，且不能被毁的很厉害，要不然emmm，就挺一言难尽的,
2024/9/28 15:17,wb,0,0.0,0.0,0,记住该记住的，忘记该忘记的。改变能改变的，接受不能改变的。不管生活怎样，总有一道属于自己的明媚阳光，用自己的脚步走出属于自己的风景。,
2024/9/28 15:19,wb,0,0.0,0.0,0,是这样,
2024/9/28 15:22,wb,0,0.0,0.0,0,对啊，1000万只是市区普通复式,
2024/9/28 15:25,wb,0,0.0,0.0,0,善是一种自然的流露，没有一点造作，没有一点企求，像水一样一往无前地流动，没有一点分别心，取舍心，无私地奉献一切，这样才是善，才是真正的上善若水。以善修心，以善洗心，以善造心，以善治心，人就会快乐和幸福。一切造作皆源乎心，只要我们有善心天地也会待我们不薄。,
2024/9/28 15:38,dy,0,0.0,0.0,0,你外甥女好有钱呐。我真的好羡慕啊！真的？我这辈子都不敢想。[流泪][流泪][流泪],
2024/9/28 15:41,wb,0,0.0,0.0,0,关起来了，欠款更不还了怎么办,
2024/9/28 15:48,wb,0,0.0,0.0,0,每一个生命都是美丽的，再小的花也不会拒绝。蓝天下便是阳光；艰苦后便是甘甜；失败了就当经验；成功时便是灿烂。,
2024/9/28 15:50,wb,0,0.0,0.0,0,生活有两只翅膀，一只叫美好，一只叫疼痛，人们总在美好的时候忽略疼痛，而在疼痛的日子里才呐喊出心底最真实的声音。,
2024/9/28 15:55,dy,0,0.0,0.0,0,没想到我晚上9元都没有,
2024/9/28 15:58,wb,0,0.0,0.0,0,真有钱,
2024/9/28 16:00,wb,0,0.0,0.0,0,善良是心照不宣的给予，是若水如风的感动，而不是口若悬河的自我吹捧，是替人着想给对方的坦荡真诚与光明，一切以方便他人为目的的自我约束行为，都是这世上最宝贵的善良。,
2024/9/28 16:33,wb,0,1.0,0.0,-1,钱没有几个，但是吹牛逼一定不输于人,
2024/9/28 16:36,wb,0,1.0,0.0,-1,这个就是债多不愁吗？,
2024/9/28 16:37,wb,0,1.0,0.0,-1,现在借钱的是大爷,
2024/9/28 16:38,wb,0,0.0,0.0,0,八字原局无印，在有印的年份有了信仰和心灵的力量,
2024/9/28 16:38,wb,0,0.0,0.0,0,心存感恩之心，身行积德之善。从善者吾近之，从恶者吾远之。百年养善不足，一日毁之有余。,
2024/9/28 16:41,wb,0,0.0,0.0,0,干啥需要借900万，也太夸张了吧。,
2024/9/28 16:47,wb,0,0.0,0.0,0,梦里能够到达的地方，终有一天，脚步也会到达。,
2024/9/28 17:06,wb,0,0.0,0.0,0,术正而心顺之，则形相虽恶而心术善，无害为君子也;形相虽善而心术恶，无害为小人也。,
2024/9/28 17:09,wb,0,0.0,0.0,0,我比劫重，现在都喜欢一个人玩了,
2024/9/28 17:25,wb,0,0.0,0.0,0,难,
2024/9/28 17:31,wb,0,0.0,0.0,0,月柱乙卯，是天干透出嘛？,
2024/9/28 17:40,wb,0,0.0,0.0,0,从价格上它是豪宅 但是从大小上它可能是个80平老破小,
2024/9/28 17:41,wb,0,0.0,0.0,0,一段只出不进的关系，一段理所当然的关系，注定不长久,
2024/9/28 18:06,wb,0,0.0,0.0,0,我自问道行不够，这些蹭鼻子上脸的人，远离了。很多的人真是算计到尽的，没办法交朋友。,
2024/9/28 18:23,wb,0,0.0,0.0,0,这也是太离谱了,
2024/9/28 18:43,dy,0,1.0,0.0,-1,国家会有报应的[赞][赞][赞]保护伞,
2024/9/28 18:44,wb,0,0.0,0.0,0,你必须拼尽全力，才有资格说自己的运气不好。,
2024/9/28 18:45,wb,0,0.0,0.0,0,这么多啊，这可不是小数目呢,
2024/9/28 18:55,wb,0,0.0,0.0,0,五官刺激，不是真正的享受。内在安祥，才是下手之处。人为善，福虽未至，祸已远离；人为恶，祸虽未至，福已远离。　　,
2024/9/28 19:04,wb,1,1.0,1.0,0,还是上海法院给力呀！我上一家单位欠我的工资五年了青岛法院都没执行下来,
2024/9/28 19:10,wb,0,0.0,0.0,0,人生路上，遇见善良，学会付出；遇见微笑，学会分享；遇见坎坷，学会勇敢，遇见朋友，学会珍惜，遇见真诚，学会回报。也许这条路会艰难，但如果你拥有笑对人生的心态，你就有享受人生的能力。,
2024/9/28 19:14,wb,0,0.0,0.0,0,好家伙都几百万的借啊……我借个千把块钱都要做好久的心里建设……,
2024/9/28 19:16,wb,0,0.0,0.0,0,没有钱。不借钱。,
2024/9/28 19:16,wb,0,0.0,0.0,0,要给自己不断的下心理暗示，自己给自己洗脑，“问我借钱的都是来对我谋财害命”的，对方只要一提钱，立马形成条件反射。如果到最后还是要借钱，就做好心理准备，钱，就当是做慈善了。,
2024/9/28 19:17,wb,0,0.0,0.0,0,对，本狗四只手赞同，因为我就是那个借钱给朋友然后要不回来那个，最后发现对方朋友间借了个遍。,
2024/9/28 19:18,wb,0,1.0,0.0,-1,因为钱多脑子废啊（我说的我自己）,
2024/9/28 19:19,wb,0,0.0,0.0,0,你的状态，就是你最好的的风水，简单点、善良点、努力点，惊喜就会多一点。,
2024/9/28 19:21,wb,0,0.0,0.0,0,我妈之前和我说 借钱给外婆买房 我没理她,
2024/9/28 19:21,wb,0,0.0,0.0,0,基本生活的工资卡和退休卡还是给留着的，不会把全部卡都给封掉的，封了也可以去申请解封。我朋友工资卡被封了然后又去法院申请立即解封了,
2024/9/28 19:22,wb,0,0.0,0.0,0,兄弟姐妹要借钱怎么办？,
2024/9/28 19:23,wb,0,0.0,0.0,0,问一下，乙酉天干透辛这是另一半有能力吗,
2024/9/28 19:24,wb,0,0.0,0.0,0,我亲弟借了我10万，10年了，问就是装死。但是不妨碍他游山玩水,
2024/9/28 19:27,wb,0,0.0,0.0,0,善良，不是容颜的闭月羞花，不是举止的温文尔雅，不是财富的腰缠万贯;更不是权势的叱咤风云。善良，是黑暗凄冷中的如豆星火，是干涸枯竭时的点滴甘露，是迷惘徘徊时的一句点化，是沉迷无助时的一把搀扶。,
2024/9/28 19:27,wb,0,0.0,0.0,0,那是肯定不借的,
2024/9/28 19:27,wb,0,0.0,0.0,0,感谢收录。,
2024/9/28 19:28,wb,1,0.0,1.0,1,借钱的都是骗钱的,
2024/9/28 19:32,wb,0,,0.0,0,钱呀，你这杀人不见血的刀,
2024/9/28 19:34,wb,0,0.0,0.0,0,熟人好朋友借钱不还，真的让人心凉。,
2024/9/28 19:34,wb,0,1.0,0.0,-1,恶人和小人手段能否指教一下，一般人怎么去找？出钱找人,
2024/9/28 19:37,wb,0,0.0,0.0,0,我上次有朋友问我借钱给别人还债具体怎么操作时的时候我说:你真的这么想借，那你就给他一笔钱当作买断你们这些年的情谊，不用想着他会还。你不借，他还有机会找你唏嘘一番。你借了，他只会躲着你不还，怎样都没法做朋友了。救急不救穷,
2024/9/28 19:38,wb,0,0.0,0.0,0,借了好朋友50万做生意，每年给息12%,
2024/9/28 19:41,wb,0,0.0,0.0,0,好的姐,
2024/9/28 19:43,wb,0,0.0,0.0,0,人永远不能停止梦想。梦想是心灵的养料，就像饭菜是身体的给养。人生路上我们常会看见自己的梦想破碎了，渴望落空了，但我们仍需做梦，否则心灵就会枯死，博爱便无法渗入心田。,
2024/9/28 19:45,wb,0,0.0,0.0,0,记着了,
2024/9/28 19:56,wb,0,0.0,0.0,0,别说啦，一个开保时捷的问我借一万，我犹豫了一下，就借了五千，八个月了至今没还,
2024/9/28 20:00,wb,0,0.0,0.0,0,没有心宽似海，哪有风平浪静，做人，尽本分，做事，凭良心，穷时，要把自己当人，没人扶的时候自己要站直，富时，要把别人当人，不嘲笑任何不如你的人，不卑不亢，生而为人，问心无愧就好，心安就是最真实的幸福！,
2024/9/28 20:01,wb,0,0.0,0.0,0,每一次挫折，都是成功的敲门石。不放弃，不怕困难，勇往直前。,
2024/9/28 20:05,wb,0,0.0,0.0,0,老师，己卯 癸酉 丙寅 辛卯男命，今年会出轨分手吗,
2024/9/28 20:08,wb,0,0.0,0.0,0,为善虽人不知，积之既久，自然善积而不可掩；为恶若不知改，积之既久，必至恶极而不可赦。 ,
2024/9/28 20:08,wb,0,0.0,0.0,0,要相信自己，善待自己，让自己的生活精彩纷呈，不要误认为是要让谁后悔，而是为了让自己的人生更精彩。,
2024/9/28 20:20,wb,0,0.0,0.0,0,上海一千万以内的真不能叫豪…,
2024/9/28 20:25,wb,0,0.0,0.0,0,戊戌日戊午时打卡,
2024/9/28 20:26,wb,0,0.0,0.0,0,说个不怎么正确的观点，与其借给别人钱，还不如进缅A。借钱很容易结怨。大部分借钱的人，只有借钱的时候，对你笑脸相对。还钱的时候，他就是大爷。缅A呢，至少不会让你失去朋友or亲戚，运气好的时候还有牛市呢（不鼓励炒股）。,
2024/9/28 20:27,wb,0,0.0,0.0,0,见过这种，夫妻俩都是垄断国企员工\小领导，假期各种旅游潇洒，借了表哥几十万就是不还，电话不接，都闹到他们公司了都没用,
2024/9/28 20:32,wb,0,0.0,0.0,0,善良既是历史中稀有的珍珠，善良的人便几乎优于伟大的人。不知道善意不一定就不能为善。善不是一种学问，而是一种行动。,
2024/9/28 20:37,wb,0,0.0,0.0,0,这大概就是青春的迷人之处，青年散居各处，像暗夜里慢慢蓄势的野火，分头成长，分头锤炼自己，直到最后相遇 ――韩松落,
2024/9/28 20:42,wb,0,0.0,0.0,0,好像大家每个人都有那种或多或少借钱给别人不还的经历，现在只借钱给曾经借钱给我的人。,
2024/9/28 20:44,wb,0,0.0,0.0,0,实在不行借钱还是要提的…至于借给别人那就当给吧..借是很难拿的回来的,
2024/9/28 20:59,dy,0,0.0,0.0,0,[爱心][爱心][爱心][爱心][爱心]...,
2024/9/28 21:06,wb,1,0.0,0.0,1,这种借钱不还的人还要在背后胡说八道,
2024/9/28 21:09,wb,0,0.0,0.0,0,1000万三室普通公寓，肯定不能叫豪宅,
2024/9/28 21:20,wb,0,0.0,0.0,0,支持博主！,
2024/9/28 21:21,wb,0,0.0,0.0,0,量入为出,
2024/9/28 21:21,wb,0,0.0,0.0,0,这个案例确实引人深思，借钱需谨慎，尤其是亲戚之间，更应明确界限。,
2024/9/28 21:27,wb,0,0.0,0.0,0,我一个以前的领导借了我的钱，估计没得还了。,
2024/9/28 21:30,wb,1,1.0,1.0,0,事情没发生在自己身上不长记性,
2024/9/28 21:31,wb,0,0.0,0.0,0,借钱给朋友就会失去钱失去朋友，不借钱给朋友就会失去朋友失去钱。――《钱歌》,
2024/9/28 21:33,wb,0,1.0,1.0,-1,所以要怎么复仇，被骗子气得几个月睡不着了，我也愿意多花钱去恶心死骗子，可是没门路,
2024/9/28 21:42,wb,0,0.0,0.0,0,不知道为什么，今年借钱的特别多，而且数额大。好像一下子财务塌方了,
2024/9/28 21:54,wb,0,0.0,0.0,0,还有我老公这样的么，套花呗借给同学12万，打电话说他妈在icu抢救，直接就转给别人12万，借条都没打,
2024/9/28 21:59,wb,0,1.0,0.0,-1,强制执行不就行了,
2024/9/28 22:08,wb,0,0.0,0.0,0,我二哥以我的名义贷了车贷，说不还就不还了……催急了，就成了我逼他。我们之前已经帮他还了好几万了。。。真的够了。这辈子都不会再借人钱给人担保的了,
2024/9/28 22:30,wb,0,0.0,0.0,0,私借到九百万？哄骗投资吧,
2024/9/28 22:32,wb,0,0.0,0.0,0,不要用金钱考验人性，多年前用过亲戚的钱，1.5的利息用了几年，每月按时封息，后来亲戚要买房用钱，还钱的时候真的很心疼，想想出的六位数的利息，还钱感觉跟挖肉一样，心里真觉得很不舒服，同时又默默阻止自己这种不好的想法。【没和任何人说过这种心理变化，只是在互联网讲一下内心戏】,
2024/9/28 22:43,wb,0,0.0,0.0,0,哎，一言难尽啊，不要再揭人家伤疤了，借钱本就是基于情义,
2024/9/28 22:49,wb,0,0.0,0.0,0,这种人不少呢，爱占便宜，所以我在单位上是孤家寡人一个。,
2024/9/28 22:50,wb,0,0.0,0.0,0,请问，现在大放水，如果未来钱贬值，通胀，房价会不会涨起来？,
2024/9/28 22:51,wb,0,0.0,0.0,0,9-13有一位洗罂畹谋隹屠吹慊磺，以为我会换，我一口拒绝了，他哎，以为可以浑水摸鱼，摸到大鱼，现在上门各种借口的，不会帮,
2024/9/28 22:53,wb,0,0.0,0.0,0,9月初来换钱的也是，斯斯文文，带个皮包，那种过时的皮包，被我一口拒绝，真是见识多，三不做的了，年底各种局，做门面见识多那些人,
2024/9/28 23:04,wb,0,0.0,0.0,0,积金遗于子孙，子孙未必能守；积书于子孙，子孙未必能读。不如积阴德于冥冥之中，此乃万世传家之宝训也。　　,
2024/9/28 23:09,wb,1,0.0,0.0,1,这种人太不讲究！早发现早止损,
2024/9/28 23:17,wb,0,0.0,0.0,0,世事忙忙如水流，休将名利挂心头。粗茶淡饭随缘过，富贵荣华莫强求。　　,
2024/9/28 23:37,wb,0,0.0,0.0,0,我朋友问我借了1w，一年半有多了，还不还我,
2024/9/28 23:41,wb,0,0.0,0.0,0,谢谢自我姐，给我力量去讨债,
2024/9/28 23:55,wb,0,0.0,0.0,0,我戊戌女，八字原局无印，2003一2013年走了10年丙子正财坏偏印大运，抑郁了好多年。2013年走丁丑运才好转了，现在走七杀运，每天都焦虑,
2024/9/29 0:00,wb,0,0.0,0.0,0,有提案了,
2024/9/29 1:45,wb,0,0.0,0.0,0,让他们来找我做银行低利息贷款吧，私人借钱承担太大风险了，而且没有约束力,
2024/9/29 4:27,wb,0,0.0,0.0,0,最好不要有经济上的瓜葛才能维持亲情,
2024/9/29 4:31,dy,0,0.0,0.0,0,好律师[赞][赞][赞],
2024/9/29 5:54,wb,0,0.0,0.0,0,全国有多少没有执行的老赖，有没有一个确切的数字公开一下让全国人民开开眼,
2024/9/29 6:21,wb,0,0.0,0.0,0,有个曾经的朋友，开店缺钱，我当即打款过去，只说了句，你好好干！数月后，偶尔发现他挥金如土花天酒地游山玩水。我立刻打电话要钱，第二天还我了，以后就不来往了。,
2024/9/29 6:30,wb,0,0.0,0.0,0,血泪教训,
2024/9/29 7:03,wb,0,0.0,0.0,0,是这个理。,
2024/9/29 8:02,wb,0,0.0,0.0,0,经历过金钱被亲戚据为己有还倒打一耙 还只是六位数就让我看到了亲人的最阴暗的一面,
2024/9/29 8:13,wb,0,0.0,0.0,0,他居然能有九百万借出去才厉害,
2024/9/29 8:18,wb,0,0.0,0.0,0,花花好通透,
2024/9/29 9:18,wb,0,0.0,0.0,0,这种人可以不用搭理了,
2024/9/29 9:30,wb,0,0.0,0.0,0,搞心寒了，亲爹来了都不借钱,
2024/9/29 10:06,wb,0,0.0,0.0,0,容易赚钱，也容易轻信他人,
2024/9/29 10:31,wb,0,0.0,0.0,0,我姑借我四万块钱五六年了不还借了我爸六万也不还我都不敢让我爸妈知道她也借我了因为妈叮嘱过我不要给她借，他们全当补贴小妹妹了没打算要回来，让我们不要管她我还是心软见不得一把岁数的姑姑跟我哭,
2024/9/29 10:48,wb,0,0.0,0.0,0,我很庆幸朋友相信我可以借钱给我救急，当然我也是按时还款+利息。感恩有这样的朋友！,
2024/9/29 10:51,wb,0,0.0,0.0,0,我也是吃了大亏的  借钱出去  一直没还  关键我也不富裕啊,
2024/9/29 11:13,wb,0,0.0,0.0,0,说白了，就是想占别人便宜,
2024/9/29 11:48,wb,0,0.0,0.0,0,五千以上才是吧,
2024/9/29 12:40,wb,0,1.0,0.0,-1,拎不清,
2024/9/29 13:20,wb,0,0.0,0.0,0,没说错，上海一千万房子要么老一点要么地段差一点,
2024/9/29 13:40,dy,1,1.0,1.0,0,现实的老赖还多的是，都是走过场的[捂脸][捂脸][捂脸],
2024/9/29 13:46,dy,0,0.0,0.0,0,老张,
2024/9/29 14:29,dy,0,0.0,0.0,0,[鼓掌][鼓掌][鼓掌][鼓掌][鼓掌][鼓掌][鼓掌],
2024/9/29 14:49,wb,0,1.0,0.0,-1,就是故意的，《舅舅欠外甥女900万》，非要写成借外甥女900万，都是老板，男老板不会被点性别，女的却要指明，这样会被一眼看见，久而久之潜移默化就会造成负面的记忆印象,
2024/9/29 15:25,wb,0,0.0,0.0,0,我老公他弟，借也三四年了，也没给,
2024/9/29 16:11,wb,0,0.0,0.0,0,说什么好呢，一声叹息,
2024/9/29 16:53,wb,0,0.0,0.0,0,爽气，对老赖就得不依不饶以德报怨，何以报德？不过万事无绝对，我表弟买房的确借了他父亲一个学生1百万，也分5年全部还清了,
2024/9/29 20:36,wb,0,0.0,0.0,0,真的很讨厌借钱,
2024/9/29 21:06,dy,0,0.0,0.0,0,郑老师，你是个英雄这是实记工作你就是人民的英雄∴[赞][赞][赞][赞][抠鼻][赞][赞][赞][赞][赞][赞][赞][赞][赞][赞][赞][赞][赞][赞][赞][赞][赞],
2024/9/29 23:13,wb,0,0.0,0.0,0,这种事情还不少,
2024/9/29 23:42,wb,0,0.0,0.0,0,绝对不要相信任何人的卖惨 因为演技越高的把你骗的越惨。我们有同情心是好的 但给错了对象 我们就成了被同情的人,
2024/9/30 6:46,dy,0,0.0,0.0,0,老师的律师事务所在哪里？,
2024/9/30 6:52,dy,0,0.0,0.0,0,[弱][弱][弱][弱][胜利][胜利][胜利][胜利],
2024/9/30 8:17,wb,1,1.0,1.0,0,不都说了么，还钱的是大爷，借钱的是孙子。,
2024/9/30 12:45,wb,1,0.0,0.0,1,我妹借我钱我都不让她还，结果我找她周转几万块，她不肯把账号给我，我还给她，她说还我的钱。所以亲戚姐妹之间还是看人品。,
2024/9/30 14:41,wb,1,0.0,0.0,1,我大学同学前几年向我借钱买二手房，首付加上税费 、中介费得七八十万，能借的都借了，还差十几万，她当时已经好几年不工作了，还得了抑郁症，专门带娃，丈夫挣钱养家，我当时也买房了，我劝她不要给自己太大压力，她说我不理解她，租房子一个月也得好几千，不如买房，后来我发现她把我拉黑了。,
2024/9/30 14:46,wb,1,0.0,0.0,1,她女儿当时可能要上幼儿园了，也是为了孩子吧，大学以及毕业后的头几年，她一直是个豁达通透的人，还说不生孩子，谁知道后来发生那么大的变化，她说买过房后就要每天吃泡面了，问题是我们不在一个城市工作，几年都没见过了，她还没工作，我也要还房贷，没能力帮她，没想到她会把我拉黑。,
2024/9/30 18:55,dy,0,0.0,0.0,0,[赞][赞][赞][赞][赞][赞][赞]支持,
2024/9/30 19:49,wb,0,0.0,0.0,0,午火透丁就算是桃花透出了吗,
2024/9/30 20:01,wb,0,0.0,0.0,0,这篇要转给我一朋友看，她正在经历她的有钱朋友问她借钱,
2024/9/30 20:17,dy,1,0.0,0.0,1,我前边老板也是老赖，六月份工资到现在都没结完呢，法院判决书下来都没见钱，,
2024/9/30 22:44,dy,0,0.0,0.0,0,为优秀正能量的律师点赞[赞][赞][赞][赞][赞],
2024/10/1 3:19,wb,1,0.0,0.0,1,首先要有900f所以我不怕,
2024/10/1 7:11,wb,1,0.0,0.0,1,说的多好，不能当冤大头。,
2024/10/1 8:03,wb,0,1.0,0.0,-1,这篇下面全是血泪史，本人也避免不了,
2024/10/1 8:42,wb,1,1.0,1.0,0,哎借钱的时候 就想着帮忙 没想到最后朋友变仇人 电话不接 微信拉黑 真是寒心 这些年 真的是经历了 打电话要钱 自己生闷气 借钱的人逍遥自在 花钱买罪就是说的借钱吧,
2024/10/1 12:03,dy,0,0.0,0.0,0,为你点赞[赞][赞][赞][赞][赞][赞][赞][赞][赞][赞],
2024/10/1 12:36,dy,0,0.0,0.0,0,[惊讶][惊讶][惊讶],
2024/10/1 16:35,wb,1,0.0,0.0,1,银行借，不要个人借,
2024/10/2 10:38,dy,0,0.0,0.0,0,有个人借我9万6千五百元，快半年了，有转账记录，能要回来吗,
2024/10/3 10:54,dy,0,0.0,0.0,0,[飞吻][再见][熊吉][饺子][粽子][饺子][无语][再见],
2024/10/3 11:06,dy,0,0.0,0.0,0,金牌律师,
2024/10/3 13:47,dy,0,0.0,0.0,0,理不是拿来讲的，理是拿来用的。,
2024/10/4 9:29,dy,1,1.0,1.0,0,哪有外甥女对舅妈这样，如果是我们海南，你永远不要回来了[感谢][感谢][感谢][感谢],
2024/10/4 10:09,dy,0,0.0,0.0,0,曹云金[捂脸],
2024/10/4 15:56,dy,1,1.0,1.0,0,文肓十法肓,
2024/10/4 16:06,dy,0,0.0,0.0,0,为什么每个视频都是说普通话，没有方言？,
2024/10/5 3:05,dy,1,1.0,1.0,0,[赞][赞][爱心][爱心][爱心][鼓掌][鼓掌][鼓掌][鼓掌]说得对千正万确、这种见实不是人、,
2024/10/5 6:31,wb,1,1.0,1.0,0,有个平时挺好的朋友，问我借了1.5万元，说是生意临时周转，事后没有事后了,
2024/10/5 8:36,dy,0,0.0,0.0,0,给律师点赞[赞][赞][赞][赞][赞][赞],
2024/10/6 3:42,dy,0,0.0,0.0,0,支持郑老师，为正义郑老师点赞[赞][赞][赞][赞][赞],
2024/10/6 7:21,dy,0,0.0,0.0,0,支持郑老师点赞,
2024/10/6 12:37,dy,1,1.0,1.0,0,现在人身内黑了∨,
2024/10/6 15:44,dy,0,0.0,0.0,0,[赞],
2024/10/7 2:18,dy,0,0.0,0.0,0,支持正意老师[鼓掌][鼓掌][鼓掌][赞][赞][赞],
2024/10/7 2:24,dy,0,0.0,0.0,0,那可不行，该谁的就是谁的,
2024/10/7 3:04,dy,0,0.0,0.0,0,给美女点赞，真棒[感谢][爱心],
2024/10/7 3:19,dy,1,1.0,1.0,0,舅舅舅妈没良心,
2024/10/7 3:22,dy,1,0.0,0.0,1,支持老师的做法两个长辈全做的对起外孙子一家，立马把他们扫地出门，我为老师点赞。[赞][赞][赞][赞][赞][赞][赞][感谢][感谢][感谢][感谢][感谢][感谢],
2024/10/7 3:23,dy,0,0.0,0.0,0,这位美女律师为民办实事为你点赞[赞][赞][赞][赞][赞][赞][赞][赞],
2024/10/7 3:24,dy,1,0.0,0.0,1,这小孩太苦了。法律是公证的，抓起来这个女的[一起加油][一起加油][一起加油][赞][赞][赞][赞][赞],
2024/10/7 3:26,dy,0,0.0,0.0,0,[呲牙][呲牙][呲牙],
2024/10/7 3:33,dy,0,0.0,0.0,0,人民的好律师，第一律师，最美律师，包青天转世，拯救了多少弱[赞][赞][赞][赞][赞][赞][赞],
2024/10/7 3:47,dy,0,0.0,0.0,0,[赞][赞][赞][赞][赞][赞][爱心][爱心][爱心][爱心][爱心][爱心][爱心][爱心][666][666][666][666][666][666],
2024/10/7 3:51,dy,0,0.0,0.0,0,[赞][赞][赞][赞][赞][赞][666][666][666][666][666],
2024/10/7 3:55,dy,1,1.0,1.0,0,那为什么就对不起你啊？你要是在舅舅教都不如。,
2024/10/7 4:01,dy,0,0.0,0.0,0,你们在拍照片,
2024/10/7 4:11,dy,0,0.0,0.0,0,人民的好律师为你点赞[赞][赞][赞][赞],
2024/10/7 4:15,dy,0,0.0,0.0,0,包青天[赞][赞][赞],
2024/10/7 4:17,dy,0,0.0,0.0,0,[赞][赞][赞][赞][赞][赞][赞][赞][赞][赞][赞][赞]支持,
2024/10/7 4:18,dy,0,0.0,0.0,0,遗产为什么必要呢,
2024/10/7 4:20,dy,0,0.0,0.0,0,女律师，说的太好了，漂亮[赞],
2024/10/7 4:35,dy,1,1.0,1.0,0,也不怕姐姐姐夫半夜来找上门，太可恶了，为正能量的老师点赞[赞][赞][赞],
2024/10/7 4:37,dy,0,0.0,0.0,0,办事太好了：[玫瑰][玫瑰][玫瑰],
2024/10/7 4:39,dy,0,0.0,0.0,0,给老师点赞[赞][赞][赞][赞][赞],
2024/10/7 4:39,dy,0,0.0,0.0,0,好律师口才了的[赞][赞][赞],
2024/10/7 4:50,dy,0,0.0,0.0,0,[比心][比心][比心][比心][赞][赞][赞][赞],
2024/10/7 4:52,dy,0,0.0,0.0,0,好律师[赞][赞][赞][赞][赞][赞][赞][赞],
2024/10/7 4:56,dy,0,0.0,0.0,0,为漂亮的美女老师点[赞][赞][赞][赞][赞][赞],
2024/10/7 4:57,dy,0,0.0,0.0,0,为美女律师点赞。[赞][赞][赞][赞][赞][赞],
2024/10/7 4:59,dy,1,1.0,1.0,0,就想占着时间长了就不想给,
2024/10/7 5:00,dy,1,0.0,0.0,1,这女的在不同故事情节里，频道的扮演不同角色,
2024/10/7 5:13,dy,0,0.0,0.0,0,[赞][赞][赞][赞][赞][比心][比心][比心],
2024/10/7 5:14,dy,0,0.0,0.0,0,给美女法务老师[赞][赞][赞][赞][赞][赞],
2024/10/7 5:16,dy,0,0.0,0.0,0,穆老师最美闪亮登场有气质[握手][握手][握手][比心][比心][比心][比心][抱抱你][抱抱你][抱抱你][舔屏][舔屏][舔屏][舔屏],
2024/10/7 5:18,dy,0,0.0,0.0,0,美女律师，实力派点赞了[赞][赞][赞][赞][赞][赞],
2024/10/7 5:22,dy,0,0.0,0.0,0,[赞][赞][赞]好律师给你点赞,
2024/10/7 5:27,dy,0,0.0,0.0,0,[赞][赞][赞][赞][赞][耶],
2024/10/7 5:28,dy,0,0.0,0.0,0,[鼓掌][鼓掌][鼓掌][666][666][666][爱心][爱心][爱心][爱心][赞][赞][赞],
2024/10/7 5:29,dy,0,0.0,0.0,0,美女律师说的真好[赞][赞][赞][赞][赞][赞][赞][赞][赞],
2024/10/7 5:33,dy,0,0.0,0.0,0,[赞][赞][赞][赞][赞][赞][玫瑰],
2024/10/7 5:37,dy,0,0.0,0.0,0,美女老师做的好！一定要为孩子做主！,
2024/10/7 5:45,dy,0,0.0,0.0,0,美女，好律师[赞][赞][赞][赞][赞][赞][赞][赞][赞][赞][赞][赞],
2024/10/7 5:48,dy,1,1.0,1.0,0,这个女法律老师，有能力，言语向钢刀，砍像赖皮，,
2024/10/7 5:48,dy,0,0.0,0.0,0,这个律师帮了这个小伙很大的忙的，为你点赞[赞][赞][赞][赞][赞][赞][赞][赞][赞][赞],
2024/10/7 5:56,dy,0,0.0,0.0,0,[赞][赞][赞][赞][赞][赞][赞][赞][赞][赞][赞][赞][赞][赞][赞],
2024/10/7 5:58,dy,0,0.0,0.0,0,棒棒的[赞][赞][赞][赞][赞][赞],
2024/10/7 6:01,dy,0,0.0,0.0,0,槟侣，c[赞]律，值闷亮，加油！,
2024/10/7 6:01,dy,0,0.0,0.0,0,好律师[玫瑰][玫瑰][玫瑰][玫瑰],
2024/10/7 6:04,dy,0,0.0,0.0,0,美女律师霸气！谢谢你！今天这事办的爽！爽爽爽！[赞][赞][赞][爱心][爱心][爱心][感谢][感谢][感谢][平安果][平安果][平安果][玫瑰][玫瑰][玫瑰][比心][比心][比心][福][福][福],
2024/10/7 6:14,dy,1,0.0,0.0,1,卡里面有没有钱;房子不能借别人结婚``到时要不回来麻烦丶办事要有头有尾,
2024/10/7 6:16,dy,0,0.0,0.0,0,美女律师，太给力了，[赞][赞][赞],
2024/10/7 6:22,dy,0,0.0,0.0,0,大美女律师老师真棒[感谢][感谢][感谢][感谢][感谢][感谢],
2024/10/7 6:24,dy,1,1.0,1.0,0,你儿子结婚为什么要霸占别人的钱，房,
2024/10/7 6:24,dy,1,0.0,0.0,1,演戏[害羞][害羞][害羞],
2024/10/7 6:25,dy,0,0.0,0.0,0,[抱抱你][抱抱你][抱抱你][抱抱你][抱抱你][抱抱你][抱抱你][抱抱你][抱抱你][抱抱你][抱抱你][抱抱你][抱抱你][抱抱你][抱抱你][舔屏][抱抱你][抱抱你][抱抱你][抱抱你][舔屏][舔屏][舔屏][舔屏][舔屏][舔屏][舔屏][舔屏][舔屏][舔屏][舔屏][舔屏][舔屏][舔屏][舔屏][舔屏][舔屏][舔屏][舔屏][舔屏][调皮][调皮][调皮][调皮][调皮][调皮][调皮][调皮][调皮][调皮][调皮][调皮][调皮][调皮][调皮][调皮][调皮][调皮][调皮][调皮][调皮][调皮][调皮][调皮][调皮][调皮][调皮][调皮][调皮][调皮][调皮][调皮][调皮][调皮][调皮][调皮][调皮][调皮][调皮][调皮][调皮][调皮][调皮][调皮][调皮],
2024/10/7 6:25,dy,0,0.0,0.0,0,为美女律师点赞太给力了[赞][赞][赞][赞],
2024/10/7 6:26,dy,0,0.0,0.0,0,美女你是中国好律师支持点一万个赞美女律师为人民办事你太幸苦了真棒厉害厉害个个到位[赞][赞][赞][赞][赞][赞][赞][赞][鼓掌][鼓掌][鼓掌][鼓掌][鼓掌][鼓掌][玫瑰][玫瑰][玫瑰][玫瑰][玫瑰][玫瑰][爱心][爱心][爱心][爱心][爱心][爱心],
2024/10/7 6:26,dy,0,0.0,0.0,0,美女律师真棒[赞][赞][赞][赞][赞],
2024/10/7 6:29,dy,0,0.0,0.0,0,人民优秀的律师，好人一生平安！为美女点赞[赞][赞][赞][赞][赞],
2024/10/7 6:29,dy,0,0.0,0.0,0,[赞][赞][赞][赞][赞][赞][赞][赞][赞][赞][赞][赞][玫瑰][玫瑰][玫瑰][玫瑰][玫瑰][玫瑰][玫瑰][玫瑰][玫瑰][玫瑰][玫瑰][玫瑰],
2024/10/7 6:33,dy,0,1.0,0.0,-1,婶子大娘一大群，不如亲娘一个人,
2024/10/7 6:35,dy,0,0.0,0.0,0,[赞][赞][赞][赞][赞][赞][赞][赞][赞][赞][赞][赞][比心][比心][比心][比心][比心][比心][比心][比心][比心][比心][比心],
2024/10/7 6:42,dy,0,0.0,0.0,0,中国好律师[赞][赞][赞],
2024/10/7 6:45,dy,0,0.0,0.0,0,有你真好律师,
2024/10/7 7:06,dy,0,0.0,0.0,0,美女律师[赞]为你点赞赞赞,
2024/10/7 7:07,dy,0,0.0,0.0,0,[赞][赞][赞][赞][赞][赞][赞][比心][比心][比心][比心][比心][比心][比心][玫瑰][玫瑰][玫瑰][玫瑰][玫瑰][玫瑰][玫瑰][玫瑰][玫瑰][玫瑰][赞][赞][赞][赞][赞][赞][赞][赞],
2024/10/7 7:12,dy,1,1.0,1.0,0,680妥妥的985，清华北大都可以上了，这舅妈没安好心，毁了一个好孩子，告他们！,
2024/10/7 7:19,dy,0,0.0,0.0,0,[玫瑰][玫瑰][玫瑰][玫瑰][玫瑰][玫瑰][玫瑰][玫瑰][玫瑰],
2024/10/7 7:20,dy,1,0.0,0.0,1,这种亲情不能走了,
2024/10/7 7:21,dy,0,0.0,0.0,0,穆老师太棒了,
2024/10/7 7:21,dy,0,0.0,0.0,0,[赞][赞][赞][赞][赞][玫瑰][玫瑰],
2024/10/7 7:25,dy,0,0.0,0.0,0,为这位优秀的女老师点赞。[赞][赞][赞][赞][赞][赞][赞],
2024/10/7 7:27,dy,0,0.0,0.0,0,[强壮][强壮][强壮][强壮][强壮][强壮][强壮][赞][赞][赞][赞][赞][赞][赞],
2024/10/7 7:31,dy,0,0.0,0.0,0,打打打打[强壮][强壮][强壮][强壮][强壮][强壮],
2024/10/7 7:35,dy,0,0.0,0.0,0,[玫瑰][玫瑰][玫瑰][玫瑰],
2024/10/7 7:35,dy,0,0.0,0.0,0,三十七万也要回来,
2024/10/7 7:44,dy,0,0.0,0.0,0,美女律师棒棒哒[赞][赞][赞][赞][赞][赞][鼓掌][鼓掌][鼓掌][鼓掌][鼓掌][鼓掌],
2024/10/7 7:49,dy,0,1.0,0.0,-1,不对，钱还的对吗？老师！可怜孩子得靠自己，不能相信任何人！,
2024/10/7 8:02,dy,0,1.0,0.0,-1,女律师说话不厉害,
2024/10/7 8:17,dy,0,0.0,0.0,0,女律师厉害为人民服务点赞[赞][赞][赞][赞][赞],
2024/10/7 8:21,dy,0,0.0,0.0,0,这样亲舅舅舅妈孩子里她远远的，把钱给孩子要回来，给美女律师点赞，[赞],
2024/10/7 8:27,dy,0,0.0,0.0,0,改志愿，好可惜,
2024/10/7 8:37,dy,0,0.0,0.0,0,好律师[赞][赞][赞][赞][赞][赞][赞][赞][赞][赞][赞][赞],
2024/10/7 8:38,dy,0,0.0,0.0,0,给孟老师点赞点赞[赞][赞][赞][赞][赞][赞][赞][赞][赞][赞][赞][赞][赞][赞][赞][鼓掌][鼓掌][鼓掌][鼓掌][鼓掌][鼓掌][鼓掌][鼓掌][鼓掌],
2024/10/7 8:46,dy,0,0.0,0.0,0,美女律师正能量[赞][赞][赞][赞][赞][赞][赞][赞][赞][赞][赞][赞][赞][赞][赞][赞][赞][赞][赞][赞][赞][赞][赞][赞][赞][赞][赞],
2024/10/7 8:49,dy,0,0.0,0.0,0,美女律师有良心美女[玫瑰][玫瑰][玫瑰][玫瑰][玫瑰],
2024/10/7 9:16,dy,0,0.0,0.0,0,老师真可以[赞][赞][赞][赞],
2024/10/7 9:22,dy,0,0.0,0.0,0,好律师点赞点赞,
2024/10/7 9:34,dy,0,0.0,0.0,0,给美女律师点赞。正能量中国好律师[赞][赞][赞][赞][赞][赞],
2024/10/7 9:47,dy,0,0.0,0.0,0,年轻律师真棒[赞][赞][赞][赞],
2024/10/7 9:56,dy,1,1.0,1.0,0,]良心的一夫妻[感谢][感谢][感谢][感谢][感谢][感谢],
2024/10/7 10:30,dy,0,0.0,0.0,0,[鼓掌][鼓掌][鼓掌][鼓掌][鼓掌][鼓掌][鼓掌][鼓掌],
2024/10/7 11:16,dy,0,0.0,0.0,0,[赞][赞][赞][赞][赞][赞][赞][赞][赞][赞][666][666][666][666][666][666][666][666][666][666],
2024/10/7 11:53,dy,0,0.0,0.0,0,[赞][赞][赞][赞][赞][赞][赞][赞][赞][赞][爱心][爱心][爱心][爱心][爱心][爱心][爱心][爱心][爱心][爱心][爱心],
2024/10/7 12:42,dy,0,0.0,0.0,0,人民的好律师、最美律师包晴天[赞][赞][赞][赞][赞][赞],
2024/10/7 12:42,dy,0,0.0,0.0,0,这个舅娘太讲理，孩子太可怜了,
2024/10/7 12:54,dy,0,0.0,0.0,0,为人民漂亮美女好律师点赞[赞][赞][赞][赞][爱心][爱心][爱心],
2024/10/7 13:05,dy,0,0.0,0.0,0,老师真好我给你送花[玫瑰][比心][比心][比心][比心][比心][比心][比心][比心],
2024/10/7 13:19,dy,0,0.0,0.0,0,2百多万一定一分不少要回来,
2024/10/7 13:45,dy,0,0.0,0.0,0,[赞][赞][赞][赞][赞][赞][赞][鼓掌][赞][赞][赞][赞],
2024/10/7 13:56,dy,0,0.0,0.0,0,女律师你太棒了[赞][赞][赞][赞][赞][赞][赞][赞][赞][赞][赞],
2024/10/7 13:57,dy,0,0.0,0.0,0,[鼓掌][鼓掌][鼓掌][鼓掌][鼓掌][鼓掌]必须的给美女律师点赞点赞点赞点赞点赞太棒了！[赞][赞][赞][比心][比心][比心][玫瑰][玫瑰][玫瑰],
2024/10/7 14:10,dy,1,1.0,1.0,0,这舅勇勇妈好毒心好最,
2024/10/7 14:26,dy,0,0.0,0.0,0,人民好律师[赞][赞][赞][赞][赞],
2024/10/7 14:35,dy,0,0.0,0.0,0,[赞][赞][赞][赞][赞][赞][赞][比心][比心][比心][鼓掌][鼓掌][鼓掌][玫瑰][玫瑰],
2024/10/7 15:34,dy,0,0.0,0.0,0,[赞][赞][赞][爱心][爱心][爱心][比心][比心][比心][玫瑰][玫瑰][玫瑰],
2024/10/7 15:47,dy,0,0.0,0.0,0,[赞][赞][赞][赞][赞][赞][赞][赞][玫瑰][玫瑰][玫瑰][玫瑰][玫瑰],
2024/10/7 16:28,dy,1,1.0,1.0,0,律师你生张正义把那个臭娘们告上法庭太可恨了太坑人了钱一分不少全交出来了要告他法院去要不出不了气o,
2024/10/7 16:45,dy,1,1.0,1.0,0,这舅妈确实太可恶了，人家高考成绩那么优秀还给人家动手脚，太可恶,
2024/10/7 21:21,dy,0,0.0,0.0,0,[赞][赞][赞][赞][赞][赞][赞][赞][赞][赞][赞][赞][赞][玫瑰][玫瑰][玫瑰][玫瑰][玫瑰][玫瑰][玫瑰][玫瑰][玫瑰][玫瑰],
2024/10/8 5:17,dy,0,0.0,0.0,0,211大学没去上可昔啊，是否在复习一年，再去考,
2024/10/8 5:47,dy,1,0.0,0.0,1,马上换锁！,
2024/10/8 8:38,dy,0,0.0,0.0,0,太厉害了给你点赞[赞][赞][赞][玫瑰][玫瑰],
2024/10/8 9:41,dy,0,0.0,0.0,0,好律师[赞][赞][赞][赞][赞][赞][赞][赞][赞][赞][赞][赞][赞][玫瑰][玫瑰][玫瑰][玫瑰][玫瑰][玫瑰][玫瑰][玫瑰][玫瑰][玫瑰][玫瑰][玫瑰],
2024/10/8 9:47,dy,0,0.0,0.0,0,200万利息不少啊,
2024/10/8 9:51,dy,0,0.0,0.0,0,美女律师真行,
2024/10/8 10:20,dy,0,0.0,0.0,0,[赞][赞][赞][赞][赞][赞][赞][赞][赞][赞][赞][爱心][爱心][爱心][爱心],
2024/10/8 10:20,dy,0,0.0,0.0,0,支持支持支持支持律师太棒啦为你点赞辛苦你了[赞][赞][赞][赞][赞][赞][赞][赞],
2024/10/8 10:47,dy,0,0.0,0.0,0,美女律师点赞[赞][赞][赞][赞][赞][赞],
2024/10/8 11:48,dy,0,0.0,0.0,0,[赞][赞][赞][赞][赞][赞][玫瑰][玫瑰],
2024/10/8 12:08,dy,0,0.0,0.0,0,这位美女法务老师伟大，把孩子的舅说的贴切恰当，法务老师以法维权成功，功不可没，我点赞！[赞][赞][赞][赞][赞][赞][爱心],
2024/10/8 12:48,dy,0,0.0,0.0,0,美女律师非常棒句句说到点子上为这样的好律师大大点赞[赞][赞][赞][赞][赞][赞][玫瑰][玫瑰][玫瑰],
2024/10/8 13:06,dy,0,0.0,0.0,0,[赞][赞][赞][玫瑰][玫瑰],
2024/10/8 13:24,dy,0,0.0,0.0,0,[赞][赞][赞][赞][赞][赞][赞][赞][感谢][感谢][感谢][感谢][感谢][感谢],
2024/10/8 14:47,dy,0,0.0,0.0,0,想,
2024/10/8 14:59,dy,0,0.0,0.0,0,为美女律师点赞，[赞][赞][赞][赞][赞][赞][赞],
2024/10/8 16:50,dy,0,0.0,0.0,0,[大笑],
2024/10/8 17:15,dy,0,0.0,0.0,0,[赞][赞][赞][赞][赞][赞][赞][赞][赞][赞][爱心][爱心][爱心],
2024/10/8 20:37,dy,0,0.0,0.0,0,穆律师美女为你点赞[赞][赞][赞][赞]人民好律师,
2024/10/8 21:49,dy,0,0.0,0.0,0,[赞][赞][赞][赞][赞][鼓掌][鼓掌][鼓掌][鼓掌][鼓掌][感谢][感谢][感谢][感谢][感谢][爱心][爱心][爱心][爱心][爱心][爱心][玫瑰][玫瑰][玫瑰][玫瑰][玫瑰][玫瑰][比心][比心][比心][比心][比心][大笑][大笑][大笑][大笑][大笑][大笑][大笑][大笑][大笑][666][666][666][666][666][666],
2024/10/8 21:51,dy,0,0.0,0.0,0,好律师！,
2024/10/8 22:08,dy,0,0.0,0.0,0,给充满正能量，为百姓办实事的穆老师点赞，说话有力度，霸气[赞][赞][赞][赞][赞][赞],
2024/10/8 23:13,dy,1,1.0,1.0,0,你姐不出事你儿子不用结婚了,
2024/10/9 3:18,dy,0,1.0,0.0,-1,[色][色][色][色],
2024/10/9 5:35,dy,0,0.0,0.0,0,[圣诞树][圣诞树][圣诞树][圣诞树][平安果][平安果][平安果][平安果][平安果][平安果][平安果][爱心][爱心][爱心][赞][赞][赞][赞][赞][赞][比心][比心][比心][比心][鼓掌][玫瑰][玫瑰][玫瑰][玫瑰][玫瑰],
2024/10/9 5:40,dy,0,0.0,0.0,0,人民好律师,
2024/10/9 7:01,dy,0,0.0,0.0,0,为中国好法律老师点赞！[赞][赞][赞],
2024/10/9 8:19,dy,0,0.0,0.0,0,[赞][赞][赞][赞][赞][赞][赞][舔屏][赞],
2024/10/9 9:17,dy,0,0.0,0.0,0,这女律师大义凛然，正气压邪，弱者之幸也！[赞][赞][赞][赞][赞][平安果][平安果][平安果][平安果][平安果],
2024/10/9 9:30,dy,0,0.0,0.0,0,全国人民上书，求你跟徐艺真永远拍下去[笑哭][笑哭],
2024/10/9 9:31,dy,0,0.0,0.0,0,杨咩咩演过一样的剧吧，这个也好看,
2024/10/9 10:50,dy,0,0.0,0.0,0,当代包青天：为小海作主功劳很大[赞][赞][赞][赞][赞][赞][赞][赞][赞][赞][赞][赞][赞][比心][比心][比心][比心][比心][比心][比心][比心][比心][比心],
2024/10/9 11:44,dy,0,0.0,0.0,0,还是那个杨一诺演的好看,
2024/10/9 11:52,dy,0,0.0,0.0,0,全要给小海,
2024/10/9 11:53,dy,0,0.0,0.0,0,这个是杨咩咩演那个,
2024/10/9 11:58,dy,0,0.0,0.0,0,这配乐绝了[捂脸],
2024/10/9 12:20,dy,0,0.0,0.0,0,这男的是瘦了还是微调了，脸怎么感觉变了不自然了,
2024/10/9 12:21,dy,0,0.0,0.0,0,女二美[飞吻],
2024/10/9 13:16,dy,0,0.0,0.0,0,孙:都来劝我干啥，去劝徐艺真啊,
2024/10/9 13:37,dy,0,0.0,0.0,0,为美女律师点赞[赞][赞][赞][赞],
2024/10/9 13:43,dy,0,0.0,0.0,0,为中国的好律师点赞点赞点赞点赞！,
2024/10/9 13:51,dy,0,0.0,0.0,0,另外一个娃娃脸女演员演的很符合[宕机]可能先入为主了[泪奔],
2024/10/9 14:41,dy,0,0.0,0.0,0,你真棒[赞][赞][赞][赞][玫瑰],
2024/10/9 14:52,dy,0,0.0,0.0,0,律师会说话,
2024/10/9 14:54,dy,0,0.0,0.0,0,太好了,
2024/10/9 14:55,dy,1,0.0,0.0,1,我看过这个小说耶，小说也很癫，女主有个坐骑，猪（香香）,
2024/10/9 15:54,dy,0,0.0,0.0,0,为好律师点赞[赞][赞][赞][平安果][平安果][平安果],
2024/10/9 16:37,dy,0,0.0,0.0,0,这样舅舅不要,
2024/10/9 21:41,dy,0,0.0,0.0,0,两个人女角色怎么这么像,
2024/10/9 23:34,dy,1,1.0,1.0,0,黄毛女人缋春眉复渭俚,
2024/10/10 2:39,dy,0,0.0,0.0,0,[赞][赞][赞][赞][赞][赞][赞][赞][赞][赞][赞][赞][赞][赞][赞][赞][赞][赞][赞][赞][赞][赞][赞][赞][赞][赞][赞][赞][赞][赞][赞][赞][爱心][爱心][爱心][爱心][爱心][爱心][爱心][爱心][爱心][爱心][爱心][爱心][爱心][爱心][爱心][爱心],
