2024/9/11 7:30,dy,1,只要是男的，都会慢慢塌房
2024/9/5 18:34,wb,1,这一波只有阿里吃亏啊，腾讯真的是什么也没贡献，真的是恶心
2024/9/24 9:11,bili,1,雨姐也老黑出道的咯[doge] 你们是不知道吗？
2024/10/4 11:43,dy,1,堵车就是这类货起来的，不知道这种货上高速干啥
2024/10/3 16:03,dy,0,总算有个靠谱的说实话，那些把别人当傻子的其实自己才是傻子[尬笑][尬笑]
2024/10/4 3:05,dy,0,工作人员说了呀，有些昆虫是可以拿的，但绝对是工作人员
2024/10/6 3:15,dy,0,那说明不喜欢你这个女婿，和钱没关系
2024/10/3 14:00,wb,1,这比就是硬炒
2024/9/11 5:26,dy,1,还真是于适！这姐说的我真信[九转大肠]
2024/10/6 13:17,dy,1,垃圾
2024/9/11 8:07,dy,1,怎么跟那个精灵球收七龙珠一个德行啊[捂脸]
2024/10/15 11:16,dy,0,好
2024/10/18 6:33,dy,0,让他回去[抠鼻]。春季赛还得回来到时候还有没lck 都是个问题[微笑]
2024/10/5 14:08,wb,0,这也太狠了吧，辛苦了这么长时间，居然手机坏了
2024/9/26 13:48,wb,1,韩国女士地位感觉很低，很讨厌韩国人
2024/9/26 10:55,wb,1,符合韩国人设。
2024/9/30 8:47,wb,1,半个干爹……
2024/9/6 17:26,dy,0,说的好。[赞]
2024/10/3 10:44,dy,1,就这样还有人追着小米黑呢[看]
2024/10/4 0:17,dy,0,我朋友上海三套房比市场价低30万到40万都没人要
2024/9/27 22:36,wb,0,舅舅也是弟弟啊，怎么会还
2024/9/30 1:02,dy,1,还以为这种事只有电视上有，竟然现实也有，真的是雷人[尬笑][尬笑]
2024/10/16 6:31,dy,0,看完视频很解压[大笑][大笑][大笑]
2024/10/6 13:22,wb,1,死营销号闭嘴
2024/9/27 9:50,wb,1,国内球员还有谁能比武磊进球能力强的？凡是说武磊不行的球迷，基本都不懂球，只会看热闹。
2024/9/27 20:25,wb,0,还牛市，别搞笑了
2024/10/1 9:11,dy,0,？前几年有女朋友，还老低血糖，没钱吃饭，活成那个杆杆样。
2024/9/27 3:45,dy,0,该整顿了
2024/10/5 15:33,wb,1,伪广东队，伪广东**，以后“伪”这个前缀一定不要忘记加上，再强调一遍:伪广东宏远，伪广东球迷
2024/10/4 16:48,dy,1,有这种父母这孩子死的真的很冤，下辈子找个好父母吧[流泪][流泪][流泪]
2024/10/6 20:22,wb,1,而且这种打压的目的，往往是权威人士为了减少对被夺食的人的付出，扭曲他人的理智思维，从而用阴险的手段达成目的。
2024/10/15 17:12,dy,1,真能装委屈
2024/9/11 1:48,wb,0,这瓜越吃越精彩了
2024/9/30 15:22,wb,0,太无语了 这些机构
2024/10/5 7:05,dy,1,黎粉又在哭爹喊娘了[尬笑]
2024/10/8 1:16,dy,0,plus
2024/9/6 16:03,dy,1,说得好，那群不知道什么品种的东西
2024/10/5 2:19,dy,1,孩子跟着这种家长也是倒霉
2024/9/27 17:31,wb,1,能不能引进鞭挞！
2024/9/6 16:01,dy,1,王者荣耀0-7都得扣4分。
2024/9/25 6:31,dy,1,kr其实有自己的苦衷（柯冉女粉觉得同意的加，要女大）
2024/9/29 1:56,dy,1,没人骚扰 就抑郁了 多余搬
2024/10/4 12:17,dy,0,他不是单身不处吗？
2024/9/28 5:02,dy,1,泼的屎吗？
2024/10/3 10:19,dy,0,这要是去西天肯定比唐僧取经快[捂脸]
2024/9/26 3:59,dy,1,希望韩国的各个行业丑恶歪风不要刮进我们这里，这世界该多点纯粹[思考]
2024/9/25 2:11,dy,1,上一次看到派出所被堵还是古惑仔[捂脸]
2024/10/2 18:07,dy,1,没人死亡吗？刚刚刷到一个被导弹壳砸死的
2024/9/27 3:17,dy,1,活该给骂，怎么不见解散啊
2024/10/1 0:35,dy,0,其实我都没听说过他 [黑脸]
2024/10/5 23:06,wb,0,……难评
2024/10/15 18:20,dy,0,门没锁好但挂了链子，如果真的是这样那就玄妙了[看]
2024/9/24 23:32,dy,0,[玫瑰][玫瑰][玫瑰]
2024/10/1 12:13,wb,1,暴躁
2024/10/7 2:16,dy,0,[捂脸]其实大哥你可以把苹果的所有材料理出来，然后具体材料价格，让广发网友来算算，它有没有3400的成本
2024/9/28 3:41,dy,0,为什么现在才知道错
2024/8/10 1:56,wb,1,翻车了，原来不是原来的样子。真相是小伙子欠揍。流量经济下，连官方媒体都在引流编造。所以说，如果想毁掉一个人太简单了。
2024/10/9 14:08,wb,1,查查是不是收了美国，台独的钱，故意影响网络舆论风气，太多这种人了故意制造男女对立，地域对立，年龄对立，反正能搅乱一点社会不良风气的对立都搞
2024/9/24 13:06,dy,1,我们是世界上最安全的国家哟
2024/10/11 9:32,dy,1,傻的可怜，拿自己全家人的性命开玩笑
2024/9/30 19:15,dy,1,人才[微笑]
2024/10/6 11:52,dy,1,放抱枕咋不发车大本
2024/9/28 14:45,wb,0,一直做高铁，没做过飞机
2024/10/4 14:50,dy,0,昨天还刷到秦的粉丝：我们赢了！[捂脸][泪奔]
2024/8/18 22:04,dy,1,这老头晚年终于能有点小权力嚣张一把，也是最后的一把一生！
2024/10/3 0:05,dy,1,货卖多了，也就……
2024/10/8 11:19,dy,1,以后绝不避让电车 能别就别[玫瑰]
2024/10/17 22:51,dy,0,也门是什么国家？
2024/9/19 9:38,bili,1,"""大概率是惯出来的"""
2024/9/27 8:02,dy,1,这都是流氓
2024/9/26 16:37,dy,0,还委屈上了，是一点都不反省啊[泪奔][泪奔]
2024/10/12 2:25,dy,1,这是骗保
2024/9/28 13:56,dy,0,女孩子到底要怎样才能不被伤害[流泪][流泪][流泪]
2024/9/28 12:00,wb,0,正好国庆出游，这不就来了？
2024/9/30 21:45,wb,1,吃牢饭去吧
2024/10/4 21:26,dy,0,早上好
2024/10/5 0:36,dy,0,太阳大，家长躲起来刷抖音了
2024/10/3 4:29,dy,0,要看后面几天的行情了，要是继续跌，那我们开盘就悬了
2024/9/27 11:01,dy,0,为何不避
2024/9/25 22:42,wb,0,啊哈哈哈哈哈哈又演小品了吧
2024/10/3 10:27,wb,0,铁路部门是无辜的
2024/10/5 8:02,dy,0,远离战争
2024/8/26 14:56,xhs,0,还家人一个公道
2024/9/19 9:56,bili,1,"""孔子说我当初交的是人可是有一些他不是人我也实在也没办法[doge_金箍]"""
2024/9/29 10:12,wb,0,我记得上次就有人泼，也是这画么？
2024/9/26 3:27,bili,0,"""小品一则罢了[doge]"""
2024/8/7 3:31,xhs,1,挺好的，给丈育们自我反省的机会
2024/9/30 8:57,wb,1,日本人在日本不算人
2024/8/29 3:32,dy,1,那三个混蛋，因为你们矿区工人再也吃不上七块钱一碗的面，你们三个为了四块钱举报饭店老板的善良真的太缺德了，以后没有人愿意做好事了，有的餐馆老板还给乞讨者免费吃饭，你们也要比较吗
2024/9/27 18:18,wb,1,咋了，逐渐印度化了
2024/9/6 14:03,dy,0,[捂脸][捂脸][捂脸]
2024/9/18 12:01,bili,1,"""感觉多少有点涉黑性质（我瞎说的"""
2024/10/6 9:51,wb,0,我旅游往往会沉浸到忘记拍照。
2024/10/11 11:02,dy,1,正儿八经的 成事不足 败事有余[抠鼻]
2024/9/24 0:40,bili,1,这些所谓打假博主全拉出去打靶，也不会冤屈一个
2024/9/18 11:41,bili,1,"""?生小?人"""
2024/10/11 9:36,dy,1,成事不足，败事有余！
2024/10/6 9:22,wb,1,地狱魔鬼，
2024/10/3 15:10,wb,0,我之前推着四轮的那种行李箱，我娃坐上面，地面特别小的一个凸起箱子往前倒，我也站不稳往前扑，我只能死死护着孩子的头，我老公走前面没发现，我当时离婚的念头都转了一百次！后来就给孩子买了专门能骑的小马形状的行李箱了，很稳
2024/10/6 13:03,dy,0,相信玉刚老师在自己演唱会上肯定也是这样来和观众互动[暗中观察]而且自己演唱会的观众肯定和自己更有互动性干脆把十分钟版本的主歌副歌都给观众唱吧，相信玉刚老师的粉丝和玉刚老师都会享受这个过程[暗中观察]
2024/10/4 4:31,dy,1,你这一天天的净操虾心，它排不排关系到你那一天三顿泡面啦！[呲牙]
2024/10/5 3:23,dy,0,五一去的南京，知道南京停车费贵，所以每进一个停车场先看下收费标准，离中山陵一百米有一个停车场是最高四十元[偷笑]
2024/9/28 3:04,dy,1,也有可能是有锅老鼠屎里面只有一两个好大米
2024/9/30 23:35,wb,0,准备睡觉给我看笑出来
2024/9/30 0:25,dy,0,其实很多地方的本地人都不喜欢外地人，里面原因有很多！
2024/10/1 9:19,wb,1,在中国的日本人才是人。在其他地方包括日本本土的都是狗。
2024/10/5 9:21,dy,1,学五百学了一半
2024/8/11 23:08,dy,1,他没打人？打人对吗？
2024/9/27 22:38,dy,1,道个歉就结束了？
2024/10/5 3:11,dy,0,最后在医院怎么样了？活了吗？
2024/10/6 3:27,dy,0,我劝你不要学伍佰。
2024/10/5 14:28,wb,1,阿三上身？
2024/10/6 11:53,dy,0,卡的死死的[泪奔]
2024/9/15 18:21,dy,0,四分之一我在现场，真的没听到有给张本美和加油的[捂脸][捂脸][捂脸]感受到的只有抗日的气氛[抱拳]
2024/9/24 3:20,bili,1,可不能跟东北人打交道
2024/9/29 17:52,wb,0,先把字打对其次不要带我鞠
2024/9/28 4:52,dy,1,荒唐[发怒]
2024/10/1 4:15,dy,1,出事了就说家长为什么要给孩子送去这些培训学校？在学校出事的还少吗那还不能送孩子上学了？上次爸爸害孩子又怪妈妈为什么不带在身边的，妈妈害孩子又怪爸爸为什么不带在身边？[抠鼻]
2024/10/6 13:06,dy,1,就是非法广告，谁会盖个被呢[捂脸]
2024/10/6 2:57,xhs,1,中国啊
2024/10/4 15:48,dy,0,交警队一天一百万进帐
2024/10/4 9:01,dy,0,女孩子天生就有爱人的能力
2024/9/28 4:59,dy,1,这不是家长的问题吗？怎么最后又开始装起心疼与可怜了，早知如此，何必当初呢。没了解这个学校是怎样的就把孩子送进去改造[不是吧]
2024/9/11 20:24,dy,1,这是什么事道？？，这人是伤害他们的祖宗还是伤害了他们女人？
2024/9/30 6:30,dy,0,昨天我开价80万卖，买房的非要给我180万，
2024/9/24 12:07,dy,1,你们看到的只是冰山一角，现实真的是想都不敢想
2024/10/6 12:54,dy,1,"新娘说:18.8万我自己留着不香！
新娘开明的话估计这以后不来娘家了吧"
2024/9/27 12:39,dy,1,这种人必须严惩 真的很恶心
2024/9/18 16:46,wb,1,陈浩民？！恰烂饭多少年了……
2024/10/6 12:39,wb,1,图，朋友圈发的出照骗
2024/10/1 12:40,wb,1,真不嫌丢人
2024/10/22 4:42,dy,0,2025专升本成功上岸公办本科
2024/7/26 9:31,dy,0,我真的很想听呢[捂脸] 我好想听听其他行业的专业知识啊 尤其理工科行业的 比如芯片半导体等
2024/10/1 16:06,wb,0,日本人道歉没有
2024/10/4 12:25,dy,1,这类人麻烦不要上高速
2024/9/25 1:58,dy,1,周警官，是不是有股份？
2024/9/18 15:53,bili,1,"""三只羊：家人们槽头肉你们都能吃，为什么代加工的月饼不能吃啊。家人们家人们买买买！！！"""
2024/10/5 10:15,wb,0,全职煮夫、全职太太、带娃父母的日常。不分男女年龄，真的很累人
2024/9/27 11:47,dy,1,不愧是正规交易所[赞]
2024/9/17 13:54,bili,0,"""米其林，我只相信轮胎，我这玛吉斯用完就换"""
2024/9/28 3:30,dy,0,我现在准备买他个四五套呢，当然涨
2024/10/3 4:33,dy,1,命不由天由自动驾驶[捂脸]，人走一遭，全靠代码，这哥们[赞]
2024/10/17 22:25,dy,1,核武器直接打好了，吞吞吐吐的半死不活的，全部炸完算了
2024/9/30 23:15,dy,1,说假话肝颤吗？
2024/10/5 1:26,wb,1,某些殖人还说PP能炸但是手机不会炸
2024/8/18 5:04,dy,1,你把它叫“大爷”
2024/10/6 11:27,wb,1,真的 多少次了 不出来回应 还删热帖……
2024/9/28 13:11,wb,0,没人逼你提前买票，买贵了认栽呗，契约精神
2024/8/7 4:53,xhs,0,辩经酒吧好耶！
2024/8/12 5:00,dy,1,这个女的应该跟这个男的一伙的吧，等着赔钱呢[尬笑]
2024/9/27 13:54,wb,1,去你的吧
2024/9/28 1:15,dy,1,他们明明可以抢劫，却还要送大家苹果[流泪][流泪][流泪]好感动
2024/9/25 16:32,wb,0,咋这样
2024/10/2 11:16,wb,1,狗不敢反抗
2024/10/5 16:39,wb,1,下下一条就是印度铁路撞死人的事情，此时我无比赞同印度对铁路的包容
2024/10/7 16:04,dy,0,这里路亚是不是可以钓很大的鱼
2024/9/11 9:23,dy,0,不是你们为什么不能早爆两个月啊，早爆的话百花奖最佳新人奖就是杨佑恩了，多好的小女孩。[捂脸][捂脸][捂脸]
2024/9/20 11:00,xhs,1,跟他斷絕關係！永不往來?
2024/10/4 8:29,wb,0,有没有小伙伴遇到同样的问题啊
2024/9/27 4:38,dy,1,买昭通丑苹果送奥迪A6[看]
2024/9/30 16:39,wb,0,《偷拍5年》《7.5万条》《判1年》
2024/10/14 7:50,dy,0,刷了好几个类似的，这个绝[捂脸]
2024/10/21 12:59,dy,0,我的梦想是拥有一套属于自己的房子
2024/9/26 4:42,xhs,1,韩国应该申遗这个霸凌
2024/10/4 9:42,wb,0,我一般都发微博来吐槽因为微博认识人少
2024/10/4 7:59,dy,0,[发呆][发呆][发呆]
2024/10/4 7:15,dy,0,开60开电车得了，开啥四轮
2024/10/5 14:39,dy,0,这家伙要翻车。
2024/8/18 6:45,dy,1,小人得志
2024/10/3 22:58,dy,0,他们还是孩子，请不要放过他们！
2024/10/5 14:21,wb,1,印度后代
2024/10/19 15:38,dy,0,"何炅：黄老师，做什么呢，这么香
黄磊：我拉屎呢
何炅：黄老师还拉屎呢
黄磊：我做饭呢"
2024/9/20 8:13,xhs,1,这孩子到社会上也是个祸害，不如早早铲除了！
2024/10/8 6:33,dy,0,这届网友啥都找的到。就是找不到另一半
2024/10/3 6:27,dy,1,天天就胡咧咧引人焦虑曾流量
2024/9/24 20:15,wb,1,真给石家庄丢人
2024/10/4 2:27,dy,0,落花情
2024/10/3 15:15,dy,1,西安下雪就变丑陋了
2024/10/17 22:00,dy,0,嘎啦不会又尽力了吧
2024/10/5 14:14,wb,1,一年换一个手机也是够背的，啥品牌的手机这么差劲
2024/9/26 22:40,wb,1,真不像正经人
2024/7/6 6:30,dy,1,骗子真多呀
2024/10/4 20:06,dy,0,狠狠的罚
2024/9/25 7:19,bili,1,"""没必要捧一踩一。都不是吃白饭的。up主脑子不清楚"""
2024/10/1 11:43,wb,0,自行车本来就不应该上楼。
2024/9/26 16:43,wb,1,这爷们和娘们一样
2024/8/18 5:28,dy,1,青岛竟出人才[捂脸]
2024/10/3 11:55,dy,1,天天打击，打击， 都在忙着查我们带没带头盔， ， 他们都不在乎，我们在乎什么， ， ，
2024/10/6 1:06,dy,1,老话说得好啊！！人怕出名猪怕壮，人火是非多。[偷笑][偷笑]
2024/9/27 18:12,dy,1,看前面一段，但凡有点深度不会说这些话[晕]
2024/10/5 16:09,wb,1,有点大病
2024/10/3 16:05,dy,0,报警也没用啊毕竟是小孩
2024/10/3 7:27,wb,1,这唱的是神棍歌吧，
2024/9/29 13:13,dy,1,苏州人吧，唉
2024/9/29 9:04,dy,0,评论下吹牛逼说三百少的做三百个看看，我只能一次性只能做一百六十六个，当年读书已经全校第一，你要知道我是农村的同学都是干农活的[看]
2024/10/5 18:30,wb,1,贵圈现状
2024/9/18 10:59,wb,1,瞎子会戴
2024/9/27 1:02,wb,0,好的，知道了，下一个
2024/10/1 9:13,wb,1,回旋镖来了 静候一波精日反应
2024/10/11 10:25,dy,1,这种人得瑟惯了，
2024/9/29 7:50,dy,0,才17岁[流泪]我们这里一个小姑娘五六岁的时候被同村男的欺负过，小姑娘 太小啥也不知道，长大了才说
2024/9/11 14:18,wb,0,我咋记得一直是男的被骂  女的因为糊根本就没有  男的粉丝是一直澄清
2024/10/6 9:55,dy,1,那得多不要那个脸啊 往车上趴[发呆]
2024/9/28 11:11,dy,1,还不是因为他父母
2024/10/3 4:22,dy,0,还真改变了，也好转
2024/9/12 8:47,dy,1,这女的有没有可能故意激怒男的
2024/10/4 11:15,dy,0,停马路边呗 贴条才200
2024/9/24 8:30,dy,1,完了wjk参演了
2024/9/11 11:28,dy,0,哈哈哈哈真的假的？
2024/9/25 5:14,dy,0,自爆兵加分[捂脸]
2024/9/26 10:12,bili,0,所以为什么你们没有录视频自己验证自己没有打人
2024/9/26 12:31,wb,0,就是
2024/10/3 11:33,dy,1,最后那句能把对面急死[捂脸]
2024/9/26 4:40,dy,1,洗内裤就真的是脸都不要了 想想就觉得恶心
2024/9/24 10:09,xhs,1,感觉两边都是黑社会[笑哭R]
2024/9/26 16:57,dy,1,快解散回家种地去吧。
2024/10/4 16:37,wb,1,外国人  不识数  李姐一下
2024/10/4 8:37,wb,0,我妈和我老公都不给我发说我发了就是幼稚
2024/10/5 11:06,wb,1,牛逼，理由真多
2024/10/4 21:46,dy,0,[鼓掌][鼓掌][鼓掌][平安果][平安果][平安果][赞][赞][赞][福][福][福]
2024/9/18 5:13,bili,0,"""山东连续上分"""
2024/9/26 11:42,wb,1,卫生院看病也是胆大。。。
2024/10/3 4:22,dy,0,如果说不能脱手脱脚 那么智驾意义就不大 就是买车多花点钱[玫瑰][微笑]
2024/10/14 1:37,dy,0,结婚给女人了什么，做不完的家务，受不完的气
2024/9/24 1:21,dy,1,kr接受的教育少了
2024/9/26 8:23,dy,0,[玫瑰][玫瑰][玫瑰]
2024/10/10 16:31,wb,1,总感觉，都这么难看了，为啥还有一副不真诚的面相呢？（我会不会被他粉丝追着打啊
2024/9/27 2:22,dy,1,你命不好，偏偏在男足踢球！[捂脸]
2024/8/21 11:18,dy,1,现在勤劳致富是扯淡[捂脸]
2024/9/11 11:30,dy,1,我把于适和于正弄混了，我就说于正那样还小弟弟呢还有这么大本事呢[捂脸][捂脸][捂脸]
2024/10/1 7:40,wb,0,国庆佳节，举国同庆。在这喜庆的日子里，祝福我们伟大的祖国繁荣昌盛，国泰民安！早安山山！
2024/10/6 12:46,wb,0,小米粥好喝的
2024/9/4 18:53,wb,0,挺好我支持
2024/10/5 11:42,dy,0,国家不强大谁都可以来欺负你
2024/9/13 20:03,wb,1,唐山陈继志再现！
2024/10/9 14:52,dy,0,律师会说话
2024/10/8 7:59,wb,1,杀杀杀，不要手软，你枪口下的任何一个犹太活口包括小孩以后都有可能会杀死你的父母孩子
2024/10/1 10:03,dy,0,这个开门吗
2024/9/15 16:50,dy,0,小姑娘很可爱。[玫瑰]
2024/9/26 3:44,dy,0,王俊卡演的[捂脸][赞]
2024/9/26 13:20,wb,0,还有这个事吗？真的假的呀？
2024/9/26 16:01,dy,0,这孩子还挺实诚，全说出来了，也确实是个男人，说到做到[赞]
2024/9/26 17:58,dy,0,感谢博主坚持为正义发声！[玫瑰][玫瑰][玫瑰]
2024/10/3 6:19,dy,0,过于苛刻了，神仙那不犯错
2024/8/18 12:06,dy,1,青岛。不缺大爷
2024/10/15 10:05,dy,1,没发生什么事还赔8千[捂脸] 这女的一看就不像好女人
2024/9/29 13:26,dy,1,牛逼现场开挂[捂脸]
2024/9/27 14:51,wb,1,吊凯子的
2024/9/28 13:22,wb,0,中国的医疗系统的确是世界上最先进的，治疗抑郁症只需要100块！
2024/9/29 12:33,dy,0,看美女
2024/10/1 7:27,xhs,0,听莎莎的话哦
2024/9/12 7:39,dy,1,这俩警察赶紧开除吧，恶心人呢，站着装个样子领工资？
2024/9/15 7:53,dy,0,和美女孩挺谦逊的，素质不错[比心]
2024/8/8 18:43,wb,1,法律的无能
2024/10/5 17:41,wb,1,这群网红真遭人烦
2024/9/20 4:59,dy,0,做两道高数就老实了[尬笑]
2024/10/3 15:44,dy,0,玄冥二老及时拦了，和杨感情深啊[赞]
2024/10/14 13:47,dy,1,….本来很期待的，我真的一点都不嘻嘻
2024/10/22 18:36,wb,1,不择手段的下场就是去死吧
2024/9/28 16:33,wb,1,这群老登啥时候能死光，真是急死人了
2024/10/2 9:29,dy,0,酒店工作人员进房间是会敲三次门，以防这种事情的发生
2024/9/13 10:10,wb,0,就是
2024/9/12 8:05,dy,1,多个男人打女人就应该送缅甸去
2024/9/20 13:42,dy,0,一种心理安慰，这样会心安理得得喝酒
2024/10/4 23:39,dy,0,来我们安徽，应急车道不罚款[呲牙]
2024/10/5 15:47,wb,1,吃饱了躺着不好必须找点事做
2024/10/15 11:29,dy,1,你说话太大声吓到我了，赔我800[尬笑]
2024/9/26 9:51,xhs,0,一直喜欢小安子，小安子加油啊[哭惹R][哭惹R]
2024/9/11 10:25,dy,1,贵圈真乱[捂脸]
2024/10/6 11:31,wb,1,到时候又被对家投视频说变脸啥的人家偷拍拍到你脸上不打你算脾气好的了
2024/10/3 13:51,dy,0,摩托除了比赛，平时建议不去碰它
2024/10/10 6:38,xhs,0,[失望R]完了，想起我那个前任了，分手过了半年回来问我能亲一下吗[笑哭R]真的是[失望R]本来对他印象还行
2024/10/4 9:35,dy,0,每年抽签  都有人说重抽    去年签那么好也没赢
2024/10/15 0:32,dy,0,这个票价值了，同时看两场精彩表演
2024/10/7 0:45,dy,1,太能黑了
2024/9/30 10:21,dy,0,我做过两次预知梦，虽然说好像没有什么大的用处，而且好像是碰巧[投降]最近我超级倒霉，好烦呀
2024/10/3 16:39,dy,1,故意杀人罪
2024/9/30 0:49,dy,0,最有包容性的我看广东广西
2024/9/14 11:38,wb,1,阳刚时刻
2024/9/26 9:39,wb,0,再深挖一点，是那些男选手这么不要脸啊
2024/9/26 14:01,dy,1,关我屁事
2024/10/6 4:21,dy,0,大把人买，反正我不买
2024/9/18 2:52,wb,1,有些人一旦有了点钱或权，就会产生一种能够纵横四海并且无所不能的错觉，此时他们心中所想一定是:“撼山易，憾我羊家军难”
2024/9/27 14:40,dy,0,小县城的房子，昨天刚挂了，第二天就出了 好多人抢 [捂脸]后悔卖太低 以为卖不出去
2024/9/6 14:24,dy,1,但凡脚歪一下都担心会提到球框里[捂脸][捂脸][捂脸]
2024/10/4 12:46,dy,0,[尬笑]
2024/9/28 9:42,wb,0,上海900万感觉像欢乐豆一样随意
2024/10/1 12:00,dy,1,烂片[好开心]
2024/9/24 1:24,bili,0,"""恭喜恭喜～我的4s已经开不开了。好想回到十年前?玩那个鲤鱼的壁纸"""
2024/9/29 17:12,dy,1,国人就知道欺负国人，有本事去国外试试。
2024/8/18 19:58,dy,1,白瞎了这年龄
2024/9/11 8:25,dy,0,我关注的博主明星 就这么水灵灵的接二连三的塌了[尬笑]
2024/9/29 5:39,dy,1,不是 我一个路过的都能看出这是断章取义 真不理解这些营销号 没有底线吗[尬笑]
2024/9/28 16:40,wb,0,晚上睡不着白天醒不了
2024/10/23 16:19,wb,0,你是与众不同的可爱，表里如一的可爱
2024/9/28 12:11,wb,1,本来轻度抑郁，一看判100，重度
2024/9/30 10:16,wb,0,妈呀 好吓人
2024/10/6 15:43,dy,0,去现场的没意见，刷视频的有意见了
2024/9/17 19:57,wb,1,单干也不要，主播都没有门槛吗？直播间大呼小叫，哗众取宠，欺骗消费者，低文化低层次都可以当主播，无下限，到底谁在看？
2024/10/5 1:56,dy,1,贪上这种家长也是倒霉。
2024/9/27 6:42,dy,1,夏令营是个毛线啊，父母带着出去玩玩就挺好啊
2024/9/29 12:06,wb,1,都是行为艺术家，欧洲人一边反对石油，一边却对中国的新能源汽车加征高额关税来保护他们自己的燃油车产业。
2024/9/30 21:05,wb,0,这才判一年，真是让人无语了
2024/10/10 0:22,dy,0,[捂脸]新贵妃劝酒 我劝你们唱[看]
2024/10/3 0:11,wb,1,夸张得很
2024/10/5 13:53,wb,0,就是啊，赚钱买自己想买的东西不是正常的吗
2024/9/12 8:37,dy,0,上海警方[赞][赞]
2024/10/6 4:04,dy,0,自动驾驶意思车不会识别障碍物啊。。。。。
2024/9/23 15:22,dy,1,笑死爷
2024/10/3 13:53,wb,1,消灭以色列内塔尼亚胡犯罪集团！
2024/10/5 5:11,dy,0,直接给送到警车上，看谁还敢[捂脸]
2024/9/27 14:35,wb,1,说直接点就是高级ji，不过这个社会就是笑贫不笑娼
2024/10/14 16:51,dy,0,所以说，一个人挺好的[捂脸]
2024/10/4 11:05,wb,0,房产证的要赚发了
2024/8/18 1:21,dy,1,我就算是他爹都觉得丢人。
2024/10/3 7:18,dy,0,那可不一定，港股可以买空[不失礼貌的微笑]
2024/10/1 14:33,dy,0,太好看了，建议你们都去看一下
2024/8/18 2:26,dy,1,青岛大虾，青岛大爷[赞][赞][赞]
2024/10/3 5:05,dy,0,特斯拉可以
2024/8/12 2:42,dy,1,最早发视频的人为什么不说清楚，为了流量造谣舆论，这种人必须严厉处罚
2024/10/5 16:05,wb,0,原来火车还会刹车
2024/9/30 3:13,xhs,1,天呐果然人不可貌相[扶墙R]
2024/8/18 2:00,dy,1,贩夫走卒72行以后要申遗[捂脸]
2024/9/12 22:17,wb,1,法律体现的是妇女儿童更加应该受到保护，别歪曲理解
2024/9/13 8:36,wb,1,拍视频可以，不可以顺便报警？
2024/10/4 13:31,dy,0,为什么我开100码都不觉得快
2024/9/7 8:40,dy,1,哈哈，伤害够大，侮辱更强[赞]
2024/9/6 14:20,dy,0,哈哈哈
2024/9/28 3:39,dy,1,哪有粥，全是老鼠屎
2024/10/5 15:49,wb,1,加油消灭恶魔
2024/10/5 16:26,wb,0,这些孩子的父母族人要负很大的责任
2024/10/11 10:22,dy,0,感觉就是故意弄坏电梯的！
2024/10/4 14:38,dy,0,现在吵的再凶 晚上发朋友圈还是精致的 吵架的事一点也不提[泣不成声]
2024/9/6 14:40,dy,1,都拉出去 突突了吧
2024/10/17 15:06,dy,0,果断收藏了，待日后拿出来时不时笑一笑[捂脸]
2024/9/27 16:25,dy,0,[爱心][爱心][爱心][爱心][爱心][爱心]
2024/9/27 2:41,dy,1,足球应该是解伞
2024/9/28 10:17,dy,1,父母现在晓得哭了？？？
2024/9/26 15:21,dy,1,请问中国人骂人难道不都是走家人父母开始骂起走的吗？
2024/10/21 14:33,dy,0,谢谢，也祝福你，祝福你全家[看][赞]
2024/10/4 23:19,dy,0,你的粉丝了有破万的吗？
2024/9/7 9:15,dy,0,钱都退你们了你们发网上想蹭流量[捂脸]
2024/9/23 9:07,bili,0,"""原来2014年已经是十年前啦，我家有个苹果4都还能用，没想到这么多年了，感觉还在昨天呢"""
2024/9/27 11:03,dy,1,[发怒][发怒][发怒]你们知道你们服务器问题，导致我今天少赚多少吗
2024/10/5 12:36,dy,0,看来战火要烧到美英不远了！！！
2024/10/19 11:40,dy,0,我没看过这个综艺我决定了我要看一下
2024/10/5 8:21,dy,1,这样父母应该在痛苦和内疚中活一辈子
2024/10/3 12:07,wb,1,你不知道就是美国花钱顾的水军嘛
2024/9/25 16:30,dy,1,柯冉号也废了
2024/9/29 9:26,dy,0,一次做了500个下蹲，走楼梯腿都在抖[流泪]
2024/10/5 3:02,dy,0,那我不是可以标价100元一个小时也合理
2024/8/18 11:47,dy,0,为主播杨威点赞[赞][赞][赞][赞][赞][赞]
2024/9/12 20:25,wb,0,这种谁都不愿意遇到
2024/8/29 9:41,dy,1,谁那么嘴贱，不想吃面来吃妈妈的大嘴巴子！
2024/9/29 23:45,dy,0,你可能等不到那天。
2024/9/6 14:12,dy,0,说得好
2024/10/4 10:33,wb,1,你以为人家是草台班子人家笑你太老实
2024/10/10 16:23,dy,0,直播说错太正常了，支持宇辉[比心][比心][比心]
2024/9/12 19:58,wb,1,网民怎么不说了，人肉这个男的，罚款几十万，坐牢几十年，审判官来批判男的啊
2024/9/27 16:08,wb,1,女人不自爱，尤如烂白菜
2024/10/19 5:28,dy,0,金光闪闪的5个字[捂脸][捂脸][捂脸]
2024/10/5 10:52,dy,0,主要歌太难了，不是一般人能唱的[暗中观察]
2024/10/5 3:40,dy,0,撞死了没？
2024/9/13 14:13,bili,1,"""喝尼玛几杯马尿找不到自己是谁"""
2024/10/4 7:46,dy,1,为什么要对一个孩子这么大的恶意，就应该开放让他们玩，特别是蛇蝎子蜘蛛打开让他们玩，被咬了自己倒霉[不失礼貌的微笑][不失礼貌的微笑][不失礼貌的微笑]
2024/10/6 8:46,wb,1,这炸弹机还有人买？！明知山有虎啊偏向虎山行
2024/9/25 0:20,dy,0,[666][666]
2024/10/5 2:46,dy,0,福银高速孝感段每逢过节车祸多，应急车道占用多的很。
2024/9/20 17:19,wb,1,不教训教训他，不知道天高地厚！
2024/9/11 8:55,dy,0,我就好奇西班牙菜到底多好吃啊[捂脸]
2024/10/1 15:05,wb,1,法官滥法
2024/9/24 9:03,dy,0,巨龙巨龙你擦亮眼
2024/10/6 18:25,dy,1,说句不好听的，这种纸留着烧火都不好使，别问，问就是前担也塌了
2024/10/14 0:32,dy,0,GEN:T1晋级吧，我在四强等你，这次没人帮你淘汰我让你捡漏了，我超威将超办你飞科的退役仪式
2024/10/3 8:31,dy,0,我说真的，虽然不愿意这么说，但是看了这么这么多wtt世界各地的比赛，闪光灯的频繁提醒，北京真是独树一帜了。。。恳请大家注意吧 毕竟是给全世界看的。。。
2024/10/4 15:12,dy,0,罚款太轻了
2024/10/17 21:10,dy,0,来一个)*
2024/9/24 8:44,bili,0,"""兄弟们你们要是不信要不要我试试我的iphone4s，但是忘记密码了早就一直打不开了[大哭]好怀念[大哭]"""
2024/9/30 23:01,dy,0,请问一下这个新闻的真实性？
2024/9/10 20:26,dy,0,原则哥[看]
2024/9/25 1:33,bili,1,农村生活就这样，简简单单四电炮，带派不老铁
2024/9/30 21:55,wb,0,图片评论
2024/10/6 7:13,dy,1,越穷的地方要的越多而且，有去无回
2024/10/6 12:17,wb,1,哥哥这是买不起房吗
2024/8/8 14:40,xhs,0,我朋友圈那些文艺男会喜欢
2024/10/1 9:16,wb,0,词条可以把“一丝不挂”去掉…
2024/9/7 1:21,dy,1,上次7比0还是1800年前诸葛亮擒孟获。
2024/9/27 15:20,wb,1,对这些道德败坏的人就该狠狠地收使！
2024/9/25 12:53,bili,0,"""好厉害"""
2024/9/24 10:44,dy,0,没错，我不装了，我是月光族[看]被你发现了
2024/9/28 22:35,wb,1,拦路强买强卖叫做占道售卖是吧？
2024/10/1 23:42,xhs,1,凭什么要赔钱啊
2024/10/8 15:32,dy,0,一个人去嘛[看]
2024/9/27 21:37,wb,0,有缓刑，大概率给了谅解书
2024/10/12 12:06,dy,1,你这回扣吃得多啊，至少给一半呗[捂脸]
2024/9/12 7:58,dy,0,真牛逼！
2024/9/23 10:34,bili,1,"""卖肾能到肾源手里的那点钱，真不够下半辈子吃药看病的，当然，如果还有下半辈子的话。[藏狐]"""
2024/10/18 7:30,dy,0,如果是牙膏来呢？
2024/10/5 3:57,dy,1,比普通马路开两轮电动鸡还慢
2024/10/4 3:39,dy,0,没事[捂脸]中国环保治理
2024/9/24 11:59,bili,1,这玩意一眼就不是好人啊，身边人人没有喜欢的，之前给评论区说一下，一堆南方ip说我眼红，南方人咋还喜欢这样的呢。。
2024/10/3 9:51,dy,1,作秀，明知道有玻璃防护，真厉害，你撒汽油烧了
2024/9/27 12:09,wb,1,那一些小的运动员肯定是天天被欺负。
2024/10/5 3:50,dy,0,轻轻松松三百万
2024/9/24 12:25,dy,1,这么近，那么美，享受偷拍去河北
2024/10/1 5:44,dy,0,那个是真理嘛？
2024/8/18 2:32,dy,1,青岛大爷和北京大妈一样令人讨厌！
2024/8/8 4:45,dy,0,世界变了吗，人怎么变得如此冷漠，不应该劝阻一下吗
2024/8/15 3:54,xhs,1,拍视频发上来的人有最大责任，前面的不拍就拍老人打人的视频，误导网民。
2024/9/28 7:44,dy,0,我跟你们说说我们小区发生的事吧！一个小孩才初中因为被他爸妈骂了几句然后就直接走到楼顶跳楼了。希望有小孩的家长要注意一下小孩的心理情况。就算学习不好也不要打骂。真的不要打骂。因为我们这边这个小县城这两年我知道的已经有三四个小孩跳楼了。。一定要多关心关心自己小孩。现在的小孩不像8090后那一代人。。
2024/10/6 14:10,dy,0,还用说0呗
2024/9/26 13:12,wb,1,为国争光的奥运冠军都要被霸凌，真的是太可恶了
2024/9/27 14:27,wb,1,这女的好蠢啊，就不能当做别人每月花五千块买你老公那点精子，非要鱼死网破？
2024/10/6 13:48,wb,0,对女爱豆好一点，这真的很难理解吗
2024/10/5 3:37,dy,0,应急车道不就是用来应急的嘛，为啥还要拍
2024/10/1 9:10,dy,1,问题是她自己散布的
2024/9/3 11:15,dy,1,怎么多拿错了[捂脸][捂脸]把你当傻子[捂脸][捂脸][捂脸]，这样的人千万不要惯着他狗日的
2024/9/28 8:22,dy,1,不是 这样的学习还能开下去？
2024/9/25 6:57,bili,0,"""这何尝不是一种时光胶囊"""
2024/9/27 16:14,dy,1,这是道歉能解决的事吗？第一，赔偿。第二，理事长谢罪辞职。第三，公布真实原因，抓相关责任人员。
2024/10/3 4:20,dy,1,快打，我房贷还有很多
2024/9/19 10:35,dy,0,参考中药奶茶[捂脸][捂脸][捂脸]
2024/10/6 16:16,wb,0,愿意放弃才不会苦，适度知足才不会悔；记住感恩才不会怨，懂得珍惜才不会愧。
2024/9/28 12:04,wb,0,转发微博
2024/10/3 6:41,dy,1,有些人是故意的
2024/10/5 3:20,dy,1,这种车主都是高价买的驾照
2024/10/4 9:16,dy,0,女人都有爱人的能力
2024/9/10 19:23,dy,1,不知道为什么，这个男生是于适，我感觉很好接受[捂脸][捂脸][捂脸]可能一直有心理准备
2024/9/27 1:23,dy,1,这是路霸，逼别人买，压的好。
2024/9/28 14:40,dy,1,家长无敌了啊，不和孩子沟通为什么厌学也不问问老师同学是不是在学校受欺负了受孤立了才厌学的，直接就送去改造，现在假惺惺的给谁看？
2024/9/24 18:15,dy,0,而且没有巨龙柯冉你还会认识吗，就这么对贵人的吗，三观无敌了
2024/8/10 9:52,wb,1,不是正当防吗？被欺负还不让反击，孱头
2024/10/7 23:33,dy,1,知道不知道，丢人！这俩字咋写？
2024/9/18 0:42,bili,1,"""劣币驱除良币[笑哭]"""
2024/9/12 8:56,dy,1,跟青岛学学2000十天 还可以到处跑
2024/10/4 16:11,dy,0,现在的人，为了那点刺激，都把小命用力玩
2024/9/29 4:58,dy,1,这种学校不是早就爆料过了吗？为什么还有家长相信？可怜这个女生，被父母害死了。
2024/9/13 10:07,wb,1,飞柱
2024/10/1 12:00,wb,0,辛苦了
2024/10/4 2:50,dy,1,别卖啊，房子将来一亿一间的[呲牙]
2024/9/28 12:02,wb,1,我觉得，应该抄家还钱！！！
2024/10/2 19:32,dy,0,翟天临：好好好
2024/10/6 9:46,dy,0,希望17可以好一点 真是越来越不喜欢了
2024/10/15 8:38,dy,0,房卡号不对也能刷开吗？什么情况？？太吓人了！
2024/10/6 11:31,wb,1,公司真恶心
2024/9/28 17:19,dy,1,但凡换个正常点的主角我就去电影院看了[泪奔]
2024/9/20 0:17,bili,1,"""超雄耀祖，理智先生"""
2024/9/24 16:14,bili,1,都不是什么好东西
2024/10/5 18:23,dy,0,起猛了，第一眼以为是王栎鑫：他能家暴谁[捂脸]
2024/10/5 2:34,dy,0,家人们谁懂啊[看]
2024/8/29 5:47,dy,1,咱们自己人不会这样乱宣传，都是那些心怀叵测的汉奸
2024/10/10 5:04,dy,0,哀牢山为什么没人开发，再危险的地方，人多了也能干成宜居地
2024/10/3 10:57,wb,0,可怕
2024/10/6 15:39,wb,1,啥阿猫阿狗都是数码领域博主啊？品牌溢价一点不提，一台苹果中国收税多少一点不提（当然苹果很烂的地方很多，买其他品牌手机也很棒）
2024/9/26 10:00,xhs,1,先挑衅 再装无辜 武狗常规操作
2024/9/25 5:11,dy,1,还有那句把楼道灯关了。把他们都留在这。这才是6的。妥妥的。然后最后不疼不痒的处理3个人（估计这3个只是3个人不存在的）。然后这事就没了？
2024/10/1 23:42,dy,0,装修大饱眼福！
2024/9/26 8:25,bili,1,这提词器挺忙啊
2024/10/6 15:56,wb,0,不把麦克风砸他脑袋上已经很有礼貌了
2024/9/26 15:32,dy,1,还有劈脸提父母[打脸][打脸][打脸]
2024/10/18 0:43,dy,0,美国，及以色列在世上不灭，世界人类命运不得安宁
2024/9/20 10:20,wb,1,他还是个孩子呀，一定不能让他继续活着呀。
2024/9/30 17:14,wb,0,看房子地段，城市人口是净流入还是净流出，综合看，不是一句话的事
2024/10/3 11:09,wb,1,都他妈闲的蛋疼
2024/10/12 3:35,dy,1,这种男人真没用
2024/10/2 11:27,dy,1,笑死  弹壳砸都砸死一个
2024/9/11 11:26,dy,1,陈much ：哥们，你也扯进来了
2024/9/27 0:02,wb,1,什么狗屁言论，被人辱骂还击回去就是人格缺陷？
2024/9/27 11:55,dy,0,这将是卖房子的最后一次高位套现
2024/10/2 11:14,dy,1,伊朗以色列演双簧给别人看呢。
2024/10/1 14:01,dy,0,百年征程波澜壮阔，百年初心历久弥坚。
2024/10/4 11:48,dy,0,货车完全不用停的[抠鼻][抠鼻][抠鼻][抠鼻][抠鼻][抠鼻][抠鼻][抠鼻][抠鼻][抠鼻]
2024/9/30 16:41,wb,0,日本首相很平静
2024/9/27 15:05,dy,0,要不是一直横着，我的票也不至于涨这点儿[泣不成声]
2024/10/15 2:01,dy,0,杨鸣的嘴鸟语花香的[捂脸]
2024/9/2 23:37,dy,0,放过去算了 留得住人留不住心，直接没收国籍。别回来就行
2024/10/6 2:32,dy,0,真不算关税啊
2024/10/3 6:08,dy,1,屁事没有
2024/10/6 3:18,dy,1,我一猜河南 没想到还真是[捂脸]
2024/10/6 5:22,wb,0,想学伍佰翻车？
2024/10/6 10:47,dy,0,看你这么久了都不来看看我哼。
2024/9/8 4:33,xhs,0,有很久了吧，我很久之前就开始用微信付淘宝了
2024/7/5 12:52,dy,1,哈哈，就这么跑了？[捂脸][捂脸]
2024/10/2 7:38,dy,0,[石化][石化][石化][石化][石化][流泪]
2024/10/4 6:14,dy,0,围着个破瓶子拍照[呲牙]还会吵起来。
2024/10/4 21:50,xhs,1,随便吧感觉早被偷拍了，弄到我面前就报警
2024/9/26 23:05,dy,0,这两点有先后的
2024/9/20 8:10,bili,1,"""我都没见过我妈这个是真出生"""
2024/9/25 14:02,xhs,0,哈哈哈哈哈哈哈哈哈哈依纯笑死了
2024/10/14 2:43,dy,0,牢嘎和牢赞这次不知道谁能突破八强[捂脸]
2024/8/18 6:13,dy,1,原来的小流氓，现在都老了。
2024/8/19 0:58,dy,0,要是发生战争这种最先跑
2024/10/18 9:40,dy,0,"我是90后玩家，每年都有看世界赛，赢了不要飘，我们中国的队伍赢了就是太容易飘，历年惨案历历在目，但要保持自信。
昨天看了WBGvsLNG前3局，发现问题Scout 0作用，太菜了，太混了，还有脸发微博“难挽狂澜”：
第一局狐狸，34分45秒左右,吓得技能乱放,看吐了
第二局永恩，大招就没中过，看吐了"
2024/9/26 17:18,dy,1,韩国他们申请霸凌绝对没人抢 [捂脸]
2024/9/19 18:35,wb,1,敢这样打妈的，别说惯的，有些人就是天生的坏种，毕竟他连起码的良知都没有。
2024/7/5 23:34,dy,0,有本事[赞]
2024/10/15 23:56,dy,0,国庆我去住酒店，门锁是坏的。第二天我才发现
2024/10/6 10:35,wb,1,评论区的你以为上舞台的服装是自己决定吗？被偷拍说居然说是受害者的问题24年了不应该呀 全部反噬到你们身上就老实了
2024/9/30 15:31,wb,0,每年都有体罚事件
2024/9/17 16:51,wb,1,小杨自己的家人会吃吗？我不信，二三十一盒的，送我我都不会吃
2024/10/3 4:13,dy,1,不叫暴跌都没量。
2024/10/5 0:15,dy,0,十月一景区都这样
2024/9/12 8:35,dy,1,这个没有几万块钱估计要蹲喽
2024/9/12 7:51,dy,0,这次没有人说口音是东北人吗[捂脸][捂脸][捂脸]
2024/10/3 16:28,wb,0,保护好自己，一定要平安！
2024/9/30 15:57,dy,0,这不是常识吗？[捂脸]
2024/9/12 15:28,wb,1,这男的防卫过当，不要和解，进班房吧！
2024/9/24 18:36,dy,1,2024了还闹土匪呢[捂脸]
2024/8/10 15:41,wb,0,很多事情不是现场从始至终目击，不是当事人，真的就不能随意下结论。不过，当今的这些所谓自媒体，为了流量和热度，也算的上是煞费苦心了。网络环境也是时候还大众一片清明了吧。
2024/9/24 14:26,dy,1,没羌也没叨吗
2024/9/27 17:28,dy,1,你致歉？我钱亏了你陪不？[暗中观察]
2024/9/29 4:18,dy,0,关键是你回本了吗[捂脸]一开始我就准备这样问的
2024/10/5 1:25,dy,1,你这擦一下汗，低一下头好久哦[尬笑]
2024/10/6 9:39,dy,1,来中国当大爷吧
2024/10/1 15:58,wb,0,下午好呀
2024/10/6 16:51,wb,1,吃相丑陋
2024/9/30 15:52,wb,0,呵呵哒了还好意思发出来
2024/9/18 9:06,bili,1,"""三只羊这次危险了 我好害怕 我好担心，害怕他们这次又挺过去了[辣眼睛]"""
2024/9/6 5:20,xhs,0,要等多久啊
2024/10/6 0:14,dy,0,严禁制造恐慌，相信国家
2024/10/15 10:57,dy,1,就你这个样子？？？
2024/10/5 2:50,dy,0,再也不去这种黑心的风景区了。
2024/10/4 8:44,dy,1,战争了，就让这些收费的人去打。
2024/10/1 2:03,dy,0,沙发[呲牙]
2024/9/12 7:32,dy,1,看了好几个都是上海人的视频，上海人都这么牛逼吗?
2024/9/7 9:02,dy,1,人家都给你退钱了，你还掐头去尾的发视频，你咋不说[捂脸][OK]
2024/10/3 14:50,dy,0,辅助驾驶不是无人驾驶，搞不好这辈子就再见
2024/9/28 19:03,wb,1,怎么好意思辟谣
2024/10/6 10:56,wb,0,其实大米粥说成液态大米好像也不准确，大米糊才能说是液态大米
2024/9/25 18:46,bili,1,这女的满脸横肉一看就不好惹，也不知道他怎么想的，上门去打假
2024/9/28 8:34,dy,1,大多数富二代   基本上都是渣男吧
2024/9/10 15:55,dy,0,哈哈哈哈哈于是从韩国犯事了跑回来被大姐捧[看][看]
2024/9/12 7:38,dy,1,纹身的多牛逼啊[赞][赞][赞]
2024/10/6 10:29,wb,1,看到摆拍的烦死人
2024/10/4 5:27,dy,0,长虫
2024/10/17 13:00,dy,0,黄磊玩现实版指鹿为马
2024/10/1 12:14,wb,0,小米未来可期
2024/9/18 14:04,dy,0,这，
2024/10/10 9:04,dy,0,哇靠，网友的截图是真的嘛
2024/9/11 10:57,dy,1,不管是真是假，别搭茬，不管男女只要沾染黄瑶，想洗清没那么容易[尬笑]，因为网民的劣根性，说啥他们只会看到自己想看的。所以不管她说是不是他，他都不能回应，因为她并没有指名道姓，不然就触犯法律了，侵犯了他的名誉权[尬笑]。所以他只能哑巴吃黄连，这事的热度最好以最快的速度压下去[不失礼貌的微笑]
2024/10/6 0:37,dy,0,那
2024/10/4 8:54,wb,0,全额预付不都是如此，可以免费取消的收什么房款，虽然这个条款应当改进，但契约精神不是仅仅约束商家的吧，朋友不来自己去住住也行吧
2024/9/12 8:59,dy,1,这已经有一种泄愤的感觉了
2024/10/5 13:59,wb,0,我只想说三星手机忒贵了叭
2024/10/12 3:42,dy,1,要是去到医院排队，太慢了。是不是要打人呢？医生没治好是不是就要打医生？
2024/9/25 7:20,dy,1,民俗只是个副业，只是个幌子[看]。 关键是能堵派出所……
2024/10/5 15:15,wb,1,一群散兵
2024/7/25 11:06,dy,0,会有落榜生吗？
2024/9/26 12:51,wb,1,某些生物已经开始往咱们这边的传统文化上赖了。
2024/9/19 2:01,dy,1,这种事物非常危险，还不如让年轻人沉迷于游戏
2024/10/3 12:38,xhs,0,不是塌了吗[doge]
2024/9/27 9:12,wb,1,爱新觉罗翔表示：我的狗会替我去舔干净
2024/10/5 16:33,dy,0,搞笑
2024/10/5 7:08,dy,0,速度太慢！[捂脸][捂脸][捂脸]
2024/10/5 14:23,wb,1,有的人就这么放心的把命交给辅助驾驶也是没辙
2024/9/6 16:35,dy,1,不是90分钟到钟，11:0都会发生[捂脸][捂脸][捂脸]
2024/10/5 8:26,dy,0,停车收费30一小时和保护生态环境有什么关系[捂脸][捂脸][捂脸]
2024/9/25 4:21,bili,1,第一眼我就感觉她人品可能没有讲的那么好，可能真是自己人能看得清自己人，东北假仗义的太多了
2024/9/26 7:28,dy,0,我们的奥运冠军巴不得宠上天，别人的奥运冠军却被霸凌[擦汗]
2024/9/11 15:54,wb,1,都不是啥好人啊 谁也别说谁
2024/10/3 4:14,dy,0,自动驾驶的打开方式。
2024/9/30 1:37,dy,1,离开苏州吧，黄州欢迎你们
2024/10/5 14:56,wb,0,有的人就不能吃的太饱，太闲
2024/9/12 7:59,wb,0,这是什么执法人员？！暴徒
2024/9/7 4:03,dy,1,就算都堵在门口也不能进七个球
2024/10/9 4:29,xhs,1,哈哈哈哈笑鼠我了姐妹，你这心态杠杠的！不过我觉得联系前任不如找新欢，又可以和一个新男人重新体验悸动的感觉，倍儿爽
2024/9/27 21:49,dy,0,地方乱像与地方执法机构有莫大关系，整治乱像首先整治，地方执法机构。
2024/8/29 2:12,dy,1,全中国谁敢说没用过山西的煤，煤化工产品延伸很多，药品，农药，塑料多了去了
2024/10/3 5:51,dy,1,不懂乱带节奏
2024/10/6 4:10,dy,1,世界上一直是美英联手欺负人，就是惯的，如果说哪个国家敢用核弹打击美国，把美国从地球上抹去，世界会非常太平[发怒][发怒]
2024/9/30 11:04,dy,0,有理不在声高
2024/9/30 15:50,dy,1,[捂脸][捂脸]不是，没有澄清，没有回应，他师兄弟上下嘴唇一碰你们又爱上了[捂脸][捂脸]妈呀
2024/9/27 6:51,xhs,0,这也算高投入高回报吧
2024/10/7 9:03,dy,1,花瓶嘴都气歪了[灵机一动]
2024/9/28 8:29,dy,0,云南已经很努力了，我去的时候呢，买东西可以30天无理由退款，不管你喜欢或者不喜欢或者是不想要了你打开官方App都可以退很多很多政策以前没有的但是还是没法挽救[捂脸]
2024/10/2 16:03,dy,1,大傻子，谁不爱[害羞]
2024/9/12 6:44,wb,0,这是团伙作案！严惩！
2024/9/17 19:06,xhs,1,背后的人都被除籍了[doge]
2024/9/26 9:12,bili,1,卖货都靠嘴，假货都靠擂
2024/10/4 8:32,dy,1,还好我没看[流泪][流泪][玫瑰]
2024/8/12 4:05,dy,0,误会大爷了[流泪]吃一堑长一智了（我没发评论，但是我记得我给视频点赞了，本来以为跟以前一样是老人和年轻人的座位之争呢，以后要更客观看待这种事情[流泪]）
2024/10/1 6:01,dy,1,这上亿了吧[捂脸]
2024/9/11 8:44,wb,0,: 姐姐多了，在娱圈好混啊！
2024/9/26 1:44,dy,1,你们说，河北治安能好吗？
2024/9/29 16:23,dy,0,他是嘴巴小而且还有点龅牙
2024/9/17 8:00,xhs,1,批杨哥两兄弟要入刑
2024/10/4 11:05,dy,0,真会玩
2024/10/10 1:24,dy,0,害人之心不可有！防人之心不可无
2024/9/2 17:18,dy,0,32台车，牛逼哦
2024/9/27 18:05,wb,0,双相 不是双向
2024/10/10 14:32,wb,0,#董宇辉回应直播翻车##董宇辉称人非圣贤孰能无过# 挺不错的一个人啊
2024/9/29 11:51,dy,1,怪的不是这种学校 而是这样的家长[流泪]
2024/9/23 3:33,bili,0,"""电子时间胶囊"""
2024/9/28 10:01,dy,0,我弟高中的时候厌学，我爸妈就联系这种学校，还好被我及时发现了，我借着带他们体检的理由把他们两个带精神卫生中心去，让那个主任给他们一顿教育
2024/10/4 16:21,dy,1,家长死哪里去了！[发怒][发怒][发怒]
2024/10/3 0:00,dy,1,过不去咋办[捂脸]，够灭口了
2024/9/24 11:53,bili,1,挡人财路 如杀人父母 所以你能保住命就不错了[doge]
2024/10/20 17:54,dy,0,音乐配的给力[泪奔]让人亢奋[一起加油]
2024/9/25 20:51,wb,0,单姐是WMA啦，哈哈，太可爱了
2024/10/1 6:40,dy,0,宝马一个月就老实了[看]
2024/10/14 2:27,dy,0,决赛tes打hle[舔屏]
2024/9/26 10:05,wb,0,智者应明辨是非，慎言善行，公正待人，方显大义。
2024/9/26 8:27,bili,1,"很简单的事情 打了没 卖的是木薯粉不 盘锦蟹是虚假摆拍不。其他事情有的没得扯那么多干啥。
ps 你要有视频早点放出来 我就是想看看 哪个好汉下手的 按受伤痕迹 朝着太阳穴和后脑勺打 这要是打死人了 那可是真实在了。"
2024/10/15 2:06,dy,1,这拉煤车有啥拍的 [尬笑]
2024/9/13 10:05,wb,0,老外做到了对生命的松弛感
2024/9/17 8:00,xhs,1,你自己对不起粉丝，我不是粉丝，但是我知道骗子不值得信赖
2024/8/8 8:59,dy,1,冷漠的旁人。
2024/9/26 13:02,wb,1,这是韩国的话，很正常吧，娱乐圈不是老友自杀的也是这样的理由
2024/10/1 14:00,dy,0,中国万岁
2024/9/30 11:59,dy,0,他唯一的错被捧杀！
2024/7/5 22:21,dy,1,就可以活的那么安稳，那些电影里的追缉和买凶不会发生？
2024/10/1 19:44,dy,0,机车最容易出人命的
2024/9/24 8:08,bili,0,"""我的一部手机也是4s
怀念啊～"""
2024/10/17 16:06,dy,0,杀鸡儆猴了。
2024/9/24 14:42,bili,1,就看过一次，走农村豪爽大姐的人设，视频团队味道极其严重，全是摆拍，居然也有人信，纯忽悠人的。
2024/9/19 10:00,xhs,1,没人性
2024/9/28 6:00,dy,1,云南文旅才不在乎，导游作妖多少年了，你看云南文旅管吗
2024/10/21 15:41,dy,0,很久了[流泪]
2024/9/26 12:25,wb,0,这只是上了新闻的，医院随意就诊导致小病拖成大病的又有多少，有些真的就是些冷漠的机构，恶心的很，普通人维权很难的。这些机构不把人当人，给整个医疗体系招黑
2024/10/4 10:46,dy,0,什么虫子啊
2024/10/3 11:58,wb,1,经常遇见，提醒家长不听，非得摔了孩子哇哇叫才听
2024/10/3 14:48,wb,0,其实我觉得还是不要太贪了
2024/8/19 8:52,dy,0,查一下，是哪里退休的，
2024/9/19 2:51,bili,1,"""浩克山东欢迎你"""
2024/9/10 11:27,dy,1,对评论区的相当多的山西IP想说:避重就轻，丢人现眼，死犟，嘴是真硬
2024/9/26 11:08,wb,1,韩国最应该把&quot;霸凌&quot;申遗
2024/9/18 14:50,bili,1,"""高端香港美诚月饼，一个在广州拥有两间厂屋23个人的大公司，小杨哥为了家人也是成功把价格从59砍到169，一句话，都是为了家人[吃瓜]！"""
2024/10/10 16:29,dy,0,非会员试听版哈哈哈哈
2024/9/28 13:04,wb,0,因为油价降低了
2024/9/7 9:29,dy,1,啰嗦半天，骂到不至于，就是有点恶心！
2024/10/2 16:20,dy,1,以色列人炸不死的吗？
2024/10/18 0:26,dy,1,都是厂商搞出来的广告，黑料也是料
2024/10/8 19:21,wb,1,关我屁事
2024/10/5 19:02,wb,0,这是正确的，美国现在太怂，谁也不怕了，以色列胆子也变小了，伊朗比以前强了很多，再等伊朗造出核弹，以色列完蛋，没有纵深
2024/10/6 8:16,dy,0,吃瓜吃到老家[看]
2024/10/3 3:59,dy,0,人家达标了相信国际原子能机构
2024/10/5 0:51,dy,1,使劲罚，最讨厌开车不守妇道的
2024/10/6 9:57,wb,1,评论区的腩的和能不能别出来丢人现眼了
2024/9/26 12:02,wb,0,我觉得很可爱
2024/10/20 8:56,dy,0,[赞][赞][赞][赞][捂脸][捂脸][捂脸]
2024/9/12 6:11,dy,0,商户最后招了吗
2024/9/28 12:43,wb,1,能打一顿那个男的吗
2024/10/3 20:48,wb,1,打死熊孩子
2024/10/18 3:45,dy,0,Gala第三局飞进去送是一点都不提了[赞][赞]营销号nb
2024/10/3 14:33,wb,0,来个
2024/10/4 3:49,dy,1,雷军好像身体很弱。像抽走了灵魂的躯壳！眼神呆滞，无气无力！
2024/10/7 7:58,dy,1,五十个就腿疼了
2024/10/7 5:18,dy,1,他以为他是玲花[呲牙][捂脸]
2024/8/12 3:46,dy,1,谁都没说实话
2024/10/3 11:37,wb,0,哦，有多个禁止标识
2024/9/11 8:48,dy,1,那些说半斤八两各打五十大板的人，我先打你一大板[捂脸][赞]
2024/10/3 7:23,dy,0,小孩子胆子大
2024/8/31 4:56,dy,0,这三应该全网道歉下，个人认为
2024/10/3 12:03,wb,1,以色列是美国的老爹，美国都要听犹太人指挥
2024/10/1 0:09,wb,0,想知道那个酒店
2024/9/26 7:48,dy,1,很韩国
2024/10/3 4:29,dy,0,下午就拉上去
2024/10/7 4:29,dy,1,没人敢管，怕惹祸上身[憨笑][憨笑]
2024/8/19 10:30,dy,1,他也有孩子，可惜…他的！
2024/9/20 12:30,wb,1,应有下场！这也是子不教父之过了，家庭教育缺失造成社会影响的，公检法就要介入了。
2024/9/8 4:50,dy,0,那那个视频到底谁发的？
2024/9/27 17:36,dy,0,[感谢][感谢][感谢]
2024/9/30 0:36,dy,1,我去住旅馆的时候，苏州。那些老板都不很客气。满嘴脏话
2024/9/30 18:10,wb,0,一年 不痛不痒
2024/10/4 7:05,dy,1,精致的朋友圈，糟糕的生活[呲牙]
2024/10/4 5:43,dy,1,应该配这个音乐（我让他三更死，他绝活不到天明）
2024/9/27 1:18,dy,1,部分昭通人真的烦，为什么很多人讨厌也是情有可原[我想静静]
2024/9/11 6:28,dy,1,还抱着张姐
2024/9/27 21:52,dy,1,马琳如果奥运会不是伤退的话，安不可能获得奥运冠军。
2024/9/27 11:32,dy,0,放两天假少了44%，我的银之杰[流泪]
2024/10/6 4:46,dy,1,再吵吵，塞瓶子里去[捂脸]
2024/9/14 0:29,bili,1,"""这可是上海，就这几下没个几万解决不了，你要是说青岛，那可能一千块完事了"""
2024/9/28 11:06,dy,1,[绝望的凝视]真的诠释了什么叫搬石头砸自己脚
2024/9/26 11:03,bili,1,雨将军:爱谁谁！都多余了[吃瓜]
2024/9/30 6:59,wb,0,法国人在日的营商环境呢
2024/9/29 2:34,dy,0,就喜欢泉哥噼里啪啦一顿输出的睿智样子[赞][呲牙]
2024/9/18 1:05,bili,1,"""带货商品 垃圾中战斗机"""
2024/10/4 12:41,dy,0,财政局说句话，不能哑巴
2024/9/24 14:41,dy,0,这就是网络[捂脸]没办法的 火的时候有这么多人说能打过柯冉吗[捂脸]理性看待吧
2024/9/30 11:05,wb,0,按恒生这个形状，A得冲到3800
2024/9/12 0:01,dy,0,视频谁传出来的？抓到了没有？[看]
2024/9/30 11:53,xhs,0,老秦，我们永远站在你的身后
2024/9/29 4:11,dy,1,昭通不一直都是个超级buff嘛
2024/10/1 4:45,dy,0,支持涨一千万
2024/9/30 12:23,dy,1,韩国，正常
2024/10/19 4:11,dy,0,[流泪][流泪][流泪][流泪][流泪][流泪][流泪][流泪][流泪][流泪][流泪]
2024/9/28 12:51,wb,0,我想这几天会不会还涨上来？
2024/10/4 2:30,dy,1,[捂脸]中国式家庭教育的产物
2024/9/27 14:32,wb,1,女高管寂寞了
2024/10/13 23:20,dy,1,大O老师你一定要拉啊[流泪][流泪]
2024/8/11 21:49,dy,1,果然舆论的力量太可怕了，当时看到这个视频说大爷倚老卖老动手打人很气愤。现在只能说打的好！
2024/9/27 21:10,wb,0,啊？？？
2024/10/4 15:10,dy,0,那么小的孩子家长在游泳池真的要一直看着才可以的
2024/10/3 11:04,dy,0,人家自己都不怕死，跟我有什么关系，我用眼睛看。
2024/10/4 5:54,dy,0,最吓人的是变道不观察  两耳不闻窗外事
2024/9/17 16:38,bili,1,"""孔孟之乡"""
2024/9/12 7:57,dy,1,警察在旁边都这么嚣张  他后面的人不简单啊！要不然当着警察的面这么嚣张，早被拿捏啊[捂脸][捂脸][捂脸]
2024/9/27 13:45,wb,1,相当于花钱嫖鸭
2024/9/27 12:29,dy,0,每个俱乐部都有那么几个人
2024/10/6 11:04,dy,0,18万8带回来了18万。
2024/10/7 22:47,dy,0,这种电池好久以前就有了  老年机上
2024/8/19 2:24,dy,0,这匹夫的退休待遇取消了会不会还如此猖狂
2024/9/27 7:46,wb,1,丧化的垃圾球迷这个大家都知道好不好！这是一群极端的疯狗
2024/9/24 13:41,dy,1,河北一直这样，不去就没事
2024/9/23 4:48,bili,0,"""这几年科技进步的太快了"""
2024/9/15 4:29,dy,0,巴黎奥运会和外国的球技真的是猛涨
2024/9/29 14:27,dy,0,没有外地人你们拿什么发展
2024/10/1 22:48,dy,0,黄金又要涨了。
2024/10/12 3:50,dy,1,不是电梯快慢，是人品有问题
2024/9/14 13:11,wb,1,法治社会还有人敢这么嚣张hhh
2024/9/30 22:16,wb,1,云南的牢饭是不是包含菌子宴
2024/9/20 14:57,wb,1,养子不教父母过，自食其果，将来一定是社会的负担
2024/9/27 13:47,dy,1,不好的风气都是球迷引起的？
2024/10/2 18:28,dy,0,居里夫人不是发现了镭吗
2024/9/27 16:27,dy,0,已经数字化时代了
2024/10/11 13:46,dy,1,看了完整版的视频他还说歌短了后会有期[捂脸]我想说好走不送[笑哭]再长点估计16个字都不会唱全你们唱[捂脸]
2024/9/24 13:58,dy,0,你有认真看吗[捂脸]zkh让他接广[捂脸]他老是拖很久才拍[捂脸]
2024/9/25 1:04,dy,1,他不配道歉
2024/10/17 21:36,dy,1,美英这两国就是黑社会的头目，整个北约就是他的小弟。
2024/9/28 4:28,dy,0,为什么会送她去这种学校
2024/10/3 18:29,wb,1,为什么总有这种找死的人呢
2024/10/14 9:16,dy,0,马上给我转发到我自己家里的群里 配文个个认真看完[捂脸]
2024/9/29 12:10,dy,0,女性安全[流泪][玫瑰]
2024/9/29 1:20,dy,1,中国足球不行 恶劣的网络环境功劳很大 那么多功勋老将落寞的退出国足 就是实证[泣不成声]
2024/9/25 15:17,wb,0,必须赞，支持一下吧
2024/10/11 11:01,dy,1,这孩子活到18不容易啊，以后的路不好走[捂脸]
2024/10/9 7:01,dy,0,阿嘎，看得我都跟着提心吊胆了
2024/10/18 4:15,dy,0,每次黄磊出去录节目，孙莉：“快点快点，爸爸走了，我们晚上出去吃，湘菜川菜云南菜，都吃个遍！终于不用在家吃你爸爸的菜了！”
2024/10/7 16:28,dy,1,律师你生张正义把那个臭娘们告上法庭太可恨了太坑人了钱一分不少全交出来了要告他法院去要不出不了气o
2024/10/6 14:52,dy,1,这婚结的
2024/9/23 21:05,bili,0,"""QQ图标好像都没怎么变"""
2024/9/28 0:50,dy,1,真是丢脸
2024/9/6 17:06,dy,1,这是足协最大领导[发怒][发怒][发怒]
2024/10/1 0:25,wb,1,他們開車像去投胎一樣，而且還要拍著給平台粉絲。願安息吧
2024/9/26 17:39,dy,1,磊子听叔一句劝，这球你把握不住，还是别踢了吧[奸笑]
2024/9/27 8:48,dy,1,我只觉得这几个男的好穷
2024/10/17 8:59,dy,0,不是 这这……
2024/9/29 5:03,dy,1,她是个女孩呀，作为家长你把她送到素质学校去做什么？搞不懂，搞不懂？
2024/10/3 15:50,dy,1,那个飞鸡的造型甚至是中分[流泪][流泪][流泪]
2024/10/1 4:32,dy,1,没苦硬吃说的就是指送这种地方的孩子[绝望的凝视]
2024/10/1 3:50,dy,0,从来不参加这些，因为没钱
2024/10/4 9:41,dy,1,干脆果断[赞]不要放过渣男
2024/9/18 11:03,dy,0,支持  我去  想去[玫瑰][玫瑰][玫瑰][玫瑰]
2024/10/4 8:57,wb,1,知道什么叫定金吗？土狗
2024/10/3 4:51,dy,0,我想看德国怎么表态
2024/9/30 17:46,dy,0,嗯 大哥多买几套  捂几年 坐等创新高[呲牙]！不用辛苦更播
2024/8/9 17:37,dy,0,怪不得我看视频中旁边的人不仅不劝，还捂着嘴笑，按说这种情况再怎么都会有人来拉一下的[宕机]
2024/10/4 21:40,wb,0,“把买个9.9的纸巾给大家上链接”
2024/10/2 11:51,dy,1,会。美国下场中东，一定会在我们周边先点燃一场战争。绝对不会看我们坐山观虎斗。世界大战一触即发
2024/9/12 8:47,wb,0,事出有因，也不是寻衅滋事
2024/10/1 5:55,wb,1,一个殖民地这不正常吗
2024/10/5 14:42,wb,1,三哥化了
2024/10/5 3:32,dy,0,像这种行为，够不够成犯罪
2024/9/18 23:50,bili,1,"""曾狗也跑不了"""
2024/9/28 12:05,wb,0,这个真的是很让人后怕呀
2024/10/5 9:29,wb,1,虽然听感极差但勇气可嘉
2024/9/24 20:51,bili,1,哪有那么多便宜的好东西卖给家人？既不便宜又还不是好货，真他妈的坑人
2024/9/29 4:39,dy,1,这法官也是人才[看]
2024/10/3 6:43,dy,1,还以为天上掉钞票呢
2024/8/12 4:15,dy,1,拍视频的有理了？
2024/9/16 1:36,bili,1,"""这女的还保释了"""
2024/10/20 7:13,wb,1,历史会替小胡子平反 他干的屠杀犹太狗这件事 是真他妈正确。唯一差评的就是 tm的烂尾了
2024/10/11 8:09,wb,1,装13的最好境界
2024/10/15 15:43,dy,0,极氪的车也敢？是我眼界太低了
2024/10/6 5:57,dy,1,[抠鼻]这胆子真肥。。。不知道锅是铁打的
2024/10/23 13:59,wb,1,抓起来再说
2024/10/5 2:01,dy,0,在水里昏迷的时候有自主呼吸吗？还是说没有呼吸了
2024/9/5 20:14,wb,0,这下我用不到zfb了
2024/9/10 15:49,dy,1,某人粉丝想洗也得先提高点阅读理解能力啊[捂脸]这不是让人笑话
2024/9/29 4:16,dy,0,[微笑][微笑]
2024/9/27 14:56,wb,0,没想到还有培训班了
2024/8/8 4:26,dy,0,什么都是圈子
2024/10/6 10:56,dy,1,这都没人发现？？？？[微笑]支持带去的家长坐牢
2024/9/17 7:27,bili,0,"""我家开网店，今年新进了一种商品，卖得相对比较低。然后有一家坐不住了，在工厂里等着我们，让我们下架商品，说那是他们卖得，他们就靠这个赚钱。（中间利润挺高的）如果我们要卖可以，但价格必须和他们一样。然后威胁我们。我们回家后又把价格调低了[笑哭][笑哭]说真的，商品大家都可以卖，都想赚钱，不是说你卖得好就直接把别人后路给砍了，那这么做生意，大家都没得好"""
2024/9/27 23:45,dy,1,活该穷啊！这些人就该一辈子穷！
2024/9/27 13:27,wb,0,文化人就是不一样
2024/9/25 15:38,wb,0,确实
2024/10/3 0:20,dy,0,这并不能说明辉辉不好，我依然还是支持他
2024/9/18 4:41,bili,0,"""我现在才知道三只羊是个啥，不得不感慨现在市场太大了"""
2024/9/26 1:39,dy,1,河北哈哈哈哈哈哈哈哈哈[绝]
2024/10/3 23:43,dy,0,重要的东西为啥孩子能拿到？
2024/9/29 8:23,dy,1,情节恶劣的故意杀人
2024/10/4 1:11,wb,1,奶头乐就是这种熊孩子的最终归宿。
2024/9/28 13:05,dy,0,just stop oil
2024/10/1 11:48,wb,0,实在是没想到还有这样的瓜
2024/9/27 14:27,dy,0,失职失责
2024/10/22 1:50,dy,0,借您吉言
2024/9/29 12:32,dy,1,业主格局太小，这是中国，你一个苏州小老百姓谁给你的勇气
2024/9/28 7:56,dy,0,你手机尾号多少
2024/10/11 18:02,dy,1,那男的有狂躁症
2024/10/3 18:22,dy,1,害人害己，吊销驾照[呲牙]
2024/9/19 15:33,xhs,1,别告诉我那个混蛋是山东的
2024/9/26 12:42,wb,1,故意的，就是做作
2024/9/26 23:44,dy,1,韩国啊，正常
2024/9/27 14:14,wb,1,割以永治
2024/9/30 5:04,dy,1,小日子也怕洋人[看]
2024/9/18 0:40,xhs,1,三只羊集团早晚都会凉，他们两啥货都带！高端已经是违禁词了[失望R][失望R][失望R]
2024/9/30 14:31,wb,0,真可恶
2024/10/5 10:04,dy,0,10月15日[看]
2024/10/1 1:20,dy,1,这种是专门招那些有虐待倾向的人来当教练吗？想知道是不是还有专人录像拍视频卖钱？
2024/10/4 11:17,wb,0,我这人是买不起的，不过可以想象
2024/10/1 12:12,wb,0,雷厂长，国庆也要快乐哦
2024/10/5 19:57,wb,1,被伺候惯了
2024/9/26 3:14,dy,0,中国欢迎你 快来
2024/10/1 9:23,wb,1,八九十年代那种严打，这人得吃枪子
2024/10/5 19:28,wb,1,找死啊，直接报警
2024/10/4 16:06,dy,1,原来真的有人白上了个九年义务教育[九转大肠]
2024/9/24 10:27,bili,1,火的时候库库夸塔防之后库库扒，只能说互联网看乐子就完了，我纯真东北人都觉得她视频假从来不看[妙啊]
2024/9/15 18:24,bili,0,"""无法理解去直播间购物的行为"""
2024/9/30 3:12,dy,1,我也是讨厌无泪
2024/10/18 6:06,dy,0,其他位置说bp可以，但中单真不配说，狐狸打发条是有优势的永恩打兔子纯看个人发挥
2024/10/5 19:35,wb,1,谁敢拦小仙女出片！
2024/9/26 3:26,bili,1,真不知道关注她的粉丝都是一群什么人，估计都是社会混混
2024/9/26 11:42,wb,0,无语了，最痛恨这种谈资论辈欺压的了！！！
2024/10/7 4:26,xhs,0,"听吐槽：半小时15块钱
替表白：一个20块钱
测男友 :   一个人10块钱
当受气包：5分钟6块钱，半个小时20
si信[微笑R]（复制，一点无聊[斜眼R]"
2024/8/10 8:27,xhs,0,哈哈哈哈哈所以说 未知全貌不予置评啊
2024/10/5 13:59,dy,0,还好在苏州[尬笑][尬笑][尬笑]
2024/9/13 10:07,wb,1,啊这，她靠这个赚钱，还说别人施暴她？那还赚不赚钱了
2024/9/27 14:58,wb,1,在当今社会名媛可算不得什么好词了
2024/10/11 10:25,dy,1,这是怕孩子活过来吧
2024/10/10 18:38,wb,1,就是水平差
2024/9/26 12:25,wb,1,韩国人整体都不可救药
2024/10/4 12:18,dy,0,这就是纯视觉方案[捂脸]没有激光雷达和毫米波雷达是不行的
2024/10/3 13:29,wb,1,真有沙雕还贴冰箱贴？
2024/10/6 10:12,wb,0,新郎倒大霉
2024/9/28 10:47,wb,1,安排坐牢，还了钱就能出来
2024/10/1 8:45,dy,0,我相信后期还会跌，
2024/9/11 5:47,dy,1,鬼子学校毕业的吧，洗白有用吗，近朱者赤
2024/9/28 11:07,wb,1,好恶心
2024/9/17 23:39,wb,1,拘留十五天就好了
2024/9/12 8:53,dy,1,主要是看被打者有没有后台和背景，
2024/9/27 7:27,dy,1,看派出所正不正规了
2024/10/1 5:30,wb,0,罗老师？出来蹭的时候到了
2024/9/26 14:05,dy,1,踢假球坑了多少人，还祸不及家人不kan你就不错了[疑问]
2024/9/28 8:29,dy,0,习惯的！！！
2024/9/24 16:29,dy,1,既然河北这么乱，那就把他们全部人道处理[发怒]
2024/10/2 4:55,dy,0,作为一个维修师傅维修之前必须要确认有没有去住，你一个不知道，你这师傅地里钻出来的啊
2024/9/27 13:44,wb,0,哈哈哈哈现在的工作让我累了
2024/9/17 18:07,wb,1,卖不出去就送出去！
2024/10/4 9:18,dy,0,哎哟！帅啊！
2024/9/25 15:55,wb,0,这是应用市场的，安卓的都是小网站自己开发的，不登录应用，违法是软件的事，这个登录应用市场就是苹果的事了
2024/9/30 7:30,dy,1,建议对举报人重罚。
2024/10/15 12:56,dy,1,女生说是被房卡刷开，管理人却说是没关门，口径不一，明显酒店人员在逃避责任
2024/10/6 9:30,dy,1,这男人牛逼！
2024/9/29 15:13,dy,1,道歉有用的话，还要武力干什么？
2024/9/28 7:14,dy,0,如果是真的你赔的起吗
2024/9/25 15:45,xhs,0,笑飞了我[笑哭R][笑哭R][笑哭R][笑哭R]
2024/10/4 22:45,dy,0,让他们夜里拍照试试？有的人白天过马路不躲车，夜里你试试看，老远就停下来等车过去
2024/10/1 16:36,wb,1,男的太赚了白嫖完还能叫女的还钱
2024/10/4 3:21,dy,0,这时候监控拍不到了？不系安全带又看得到
2024/10/16 5:12,dy,0,优秀
2024/9/12 8:35,dy,0,想念小时候。
2024/10/5 16:35,dy,0,不是这么个破瓶子有什么好拍的 [泪奔]
2024/10/7 13:27,dy,1,又让我想起他和梅葆玖同台说自己代表梅派艺术[尬笑]
2024/10/5 13:00,wb,1,神经病
2024/9/27 3:28,dy,1,"所以  这些国家的运动节才会有那么多小动作，哎……
国家就是那样……"
2024/9/24 23:28,dy,1,其实河北真的比你想的狠，
2024/10/2 10:55,wb,0,内敛含蓄又低调的男人
2024/9/11 18:48,wb,1,华真挺过分的  这么整人家小女演员 富大姐不好惹 还没道德
2024/9/30 16:51,dy,1,可不是他爸妈送进去的嘛？没有办法做一个很好的父母为什么要生出来呢[疑问]
2024/9/25 15:35,wb,0,我都没看呢
2024/10/18 3:00,dy,1,昨天李宁全员战犯，包括教练组
2024/10/6 10:56,dy,0,要对任何网红明星祛魅
2024/10/13 10:51,dy,1,这不是添乱吗
2024/10/5 16:08,dy,1,美国总有一天会成为过街老鼠[看]
2024/10/1 5:59,dy,0,这小子现在越来越会做节目效果了[泪奔]一天到晚的动不动就是几个亿几个亿的藏品找他鉴定[泪奔]
2024/10/6 12:04,dy,0,当事人快出来辟个谣
2024/10/7 16:55,wb,1,刹不住创死几个就老实了
2024/9/29 9:00,dy,1,评论区都好牛逼
2024/10/4 9:40,dy,0,只不过是发动了特有的爱人能力而已[呲牙]
2024/10/5 1:40,dy,1,这种不适合开车哈哈哈
2024/9/26 4:31,bili,1,带货说白了就是为了赚钱，10倍利可以犯罪了
2024/10/12 13:24,wb,0,你买个几次，你就知道他的货好不好了，别为了批评而批评
2024/10/5 15:39,wb,1,没见过市面的人
2024/10/6 17:13,wb,1,偷拍者死了
2024/10/1 10:29,dy,1,讽刺
2024/8/17 14:27,wb,1,红袖章一戴我这是老和尚打伞无法无天了
2024/9/27 20:08,wb,0,结婚需谨慎各位
2024/10/4 0:03,wb,0,谁啊？就爆了？莫名其妙
2024/9/20 1:33,bili,1,"""山东那地方连孔老二都待不下去润外边周游列国了，你就琢磨吧"""
2024/7/26 11:25,dy,0,全是社科啊，没有理工科吗？[宕机]
2024/7/23 17:07,dy,0,我想去！在哪[流泪]
2024/10/12 23:19,wb,1,可惜当时没杀光
2024/9/18 12:59,wb,1,行业冥灯
2024/9/24 1:19,bili,0,"""想起那个叫踏浪的歌，被回忆狠狠攻击了[音律联觉_哭哭]"""
2024/9/12 7:38,dy,1,如果女代驾是外地人，打人男子是本的人，大家猜猜会秉密办理吗
2024/9/26 10:13,bili,1,"红薯=木薯？
大鹅嘎嘎乱叫
家人就是傻瓜"
2024/9/26 17:49,dy,0,准备去凉山州去玩 回来想走巧家过 我要考虑考虑了
2024/9/28 7:41,dy,1,学校和父母都是问题[石化][石化][石化]
2024/10/6 11:14,wb,0,还有税呢
2024/9/24 16:52,dy,0,觉得NBA放弃高中选秀是对的
2024/8/10 8:14,dy,1,以后刷一个营销号拉黑一个
2024/9/27 4:02,dy,1,四个人，是团伙吧
2024/9/24 15:53,dy,0,河北，东北都是远洋捕捞的带头省份[捂脸][捂脸][捂脸][捂脸]
2024/9/30 11:16,dy,1,房子在好也不如莫地
2024/8/8 10:27,xhs,0,我觉得问这些问题，比真心话大冒险接受度高多了，可能这就是我顶着这个id的原因吧，无论我能不能答出来这种，我都觉得这轮问答倒是并没有很冒犯…
2024/9/30 23:12,dy,0,[发怒]
2024/9/29 21:46,dy,0,物归原主，唉，说出了多少股民的心酸[捂脸]
2024/9/12 7:10,dy,0,上一个这么干被反杀的昆山龙哥
2024/10/5 13:01,dy,0,别学萨顶顶就好[捂脸]
2024/9/17 15:57,wb,1,小杨哥笑得还是那么璀璨，因为他心知合肥有很好的雨伞，大家对他没办法！这些东西又不是给监管部门吃的，都是给一些老百姓吃的
2024/10/11 11:22,dy,0,你要是因为这个导致孩子有什么  你就后悔去吧
2024/9/26 8:37,bili,0,网红翻车九成都是和挣钱带货有关。只想安安静静看段子，从来不在网红直播间买货[OK]直播间带货利润太高了，在这种利润下没几个人心经得住一夜暴富的考验。如果雨姐团队能经此事认识到错误，加强品控就好了。利润高点也就罢了，起码不能明着卖假冒伪劣啊
2024/9/27 11:41,dy,0,我这边涨了刚刚10%[九转大肠]
2024/9/28 16:01,wb,1,老登真是够普信
2024/9/25 16:26,dy,1,kr纯是飘了
2024/9/28 11:12,wb,0,什么操作啊
2024/9/29 8:40,wb,1,四男子是失败者
2024/10/3 12:05,dy,0,迟早被立法取消
2024/10/4 18:03,dy,0,大人呢？带孩子去水边不应该眼不离开吗？
2024/10/21 11:25,dy,0,有没有专业人士翻译一下动作什么意思[捂脸]
2024/10/17 14:09,dy,0,豆角不用炖太熟，炖太熟营养就没了[看]
2024/10/3 6:05,dy,1,事已至此，哪怕是我出面也没办法了
2024/9/8 7:00,dy,1,就是见不的别人比你的便宜，下来不平衡
2024/10/4 11:58,wb,0,孙颖莎难道不是去打比赛的，是去管闪光灯吗？？？
2024/9/28 11:04,wb,1,100元等国爱男从摇篮爱到坟墓哈
2024/10/17 21:12,dy,0,习惯了[捂脸]
2024/9/13 20:24,wb,1,婆罗门是达利特能比的？达利特挨打了报警甚至连晶哥都跃跃欲试上去踹两脚
2024/9/27 14:34,wb,1,渣浪真nm的e心。又想被整顿了
2024/9/18 0:40,xhs,1,现在的主播网红都是蒙骗高手，社会变了，大家再不醒醒就彻底完了
2024/9/30 4:06,dy,0,我老公帅帅的很安心
2024/10/3 19:23,dy,1,死的时候不要报出来
2024/10/5 13:43,xhs,0,想知道这里一件衣服多少钱[笑哭R]
2024/8/19 13:27,dy,1,老头他比青岛啤酒，尿尿还恶心
2024/10/4 7:33,dy,0,最应该惩罚的是龟速的，看到好多事故都是为了躲避龟速跟别人蹭了…[呆无辜]
2024/9/27 23:30,dy,0,但是卖单秒出
2024/9/12 6:48,dy,1,这是在上海的东北人吗？怎么狂？我就服东北人，在哪都那么牛逼！
2024/10/6 9:16,wb,0,偷拍？小心被拍成表情包！
2024/10/18 0:18,dy,0,如果真的打起来了，就让美国消失，这个国家就是在毁灭世界的主导者
2024/10/19 19:21,wb,0,这个问题值得反复深入探讨
2024/10/6 11:25,wb,1,女性爱怎么穿怎么穿，至于plq不去指责心术不正的人，反而还帮偷拍者说话的，把下面／割了就老实了
2024/9/27 16:20,wb,1,改行跳舞？
2024/9/30 19:47,wb,0,罗翔这不发个视频
2024/10/11 10:00,dy,0,这人[看][看][看][看][看][看]
2024/9/27 0:56,dy,1,，臭名远扬了。
2024/9/28 13:22,wb,1,只有石家庄是这样吗？这个我是不信的，没良心的赚了钱，没有受到法律的惩罚和制裁，让有良心的也一起黄了。
2024/9/27 8:18,dy,0,抓
2024/10/1 8:54,wb,1,，倭民在西人面前怂了！
2024/9/29 11:57,wb,1,海港球迷不给力，那么重要的德比战，怎么没有人买票进场压缩申花球迷的数量？搞得自己主场像客场一样。邀请函赠票都大量的被申花球迷高价买走了，你们海港球迷要反思，球队需要你们支持的时候，你们为了那一千几百块，你们的脸都不要了。
2024/10/1 19:04,dy,0,让女生打孩子委屈？
2024/9/26 11:00,wb,0,（回复网友1）：大家不要责怪她了，10年的等待，肯定很煎熬
2024/9/29 15:01,dy,1,秦霄贤私生活都烂透了，你看他的脸色唇色
2024/9/11 5:11,dy,0,于适惹到张雨绮算是踢到钢板了[九转大肠][九转大肠][九转大肠]
2024/10/13 23:31,dy,0,这是干嘛？？只顾着看国乒了，没看过这种
2024/10/13 6:32,dy,0,此刻开始执行[呲牙][呲牙][呲牙]
2024/9/28 14:54,dy,0,为什么要送进去
2024/9/19 1:40,xhs,1,父母的教育有问题，这个社会也同样病得不轻，还有学校呢？方方面面。终归还是:卷！
2024/10/6 8:54,wb,1,你爹在以色列，刚跟我视频通话，说是以色列炸的
2024/10/6 16:13,dy,0,我是听相声的 无脑黑这一圈的我也看心情回两句 但是有的有的人事物 大家没黑的时候我就嘿嘿了。。。[捂脸]
2024/10/6 6:57,wb,0,宝宝啊
2024/9/11 11:23,dy,1,罗志祥的徒弟吗 [看]
2024/8/18 5:20,dy,1,不敢去，我不算老几，瑟瑟发抖
2024/10/5 2:29,dy,0,真会剪啊辽宁自媒体
2024/10/3 8:48,dy,0,让他作呗
2024/10/4 15:33,dy,1,搞点马蜂放里边儿
2024/9/9 1:51,dy,0,有时候沉默挺好的，不用啥都澄清，水越搅越浑
2024/9/17 17:46,wb,0,确实
2024/9/29 12:39,dy,1,吃完奶忘记娘
2024/9/7 6:39,dy,1,我觉得这时候所有的国粹一并送给国足不算辱骂吧
2024/8/9 21:21,wb,1,坏人袒护坏人
2024/10/5 13:25,wb,0,好励志a
2024/10/18 6:59,dy,1,这时候就要rng出马用合同玩死scout，把它埋了废了再让它回去[看]
2024/9/25 16:17,bili,0,"""姐还是一如既往的搞笑[笑哭]"""
2024/9/6 14:40,dy,0,啥时候给队伍配政委？？？？？
2024/9/24 10:58,dy,0,全世界无产者联合起来[逞强落泪]
2024/9/12 8:25,dy,0,妇女儿童保护协会出面了吗？
2024/10/5 12:47,wb,0,开车路上自己还是要多加注意
2024/9/29 16:38,dy,1,没有外地人的城市 是个屁
2024/10/1 12:36,wb,0,筚路蓝缕，以启山林。栉风沐雨，砥砺前行！小米科技加油！～
2024/10/2 14:53,dy,1,前两天伊朗不是屈服老美了吗？怎么又打起以色列了呢？以色列可是老美的爹呀
2024/10/1 11:38,wb,0,早安，国庆快乐
2024/10/1 10:21,wb,0,同理推定，难道中国不如法国
2024/9/26 14:48,dy,1,解散了吧，别在这里浪费皇粮
2024/10/4 12:18,wb,0,太吓人了
2024/9/30 1:16,dy,1,苏州也厉害了难道
2024/9/27 16:44,wb,1,怕富人看不见，又怕穷人多看一眼
2024/9/30 10:40,dy,1,昭通，云南车臣，云南人都惹不起。杀害大熊猫的野人
2024/10/2 0:15,dy,0,这部电影跟真正的749局没有半毛钱关系！就一个科幻片
2024/10/14 5:06,dy,0,杨导成音乐剧指挥家了[捂脸]
2024/9/30 11:25,wb,0,什么？
2024/10/13 14:16,dy,0,关键是谁告诉他这是自动驾驶的
2024/10/6 3:12,dy,0,14的呢
2024/9/28 16:51,dy,1,这就是金融中心的含金量[抠鼻]
2024/10/4 14:32,dy,0,估计是想碰瓷[呲牙]
2024/9/26 16:47,dy,0,说的对啊，你骂你的，他挣他的。
2024/10/4 0:03,dy,1,如果在外面，你看见小孩没有素质，非常调皮，那你就别指望讲道理，因为这些小孩背后，百分百有一个或者多个没有素质或者蛮横的大人，无一例外。不服来辩
2024/10/22 5:09,dy,0,祝我捡到彩票年入千万[感谢][感谢][感谢]
2024/9/19 13:20,bili,1,"""这能怪谁呢，都这样打了还任由他打，宠着呗，现在就敢这么打，以后估计连拔氧气管都等不到，就急着继承家产了[辣眼睛]"""
2024/9/26 12:23,wb,1,有病吧，还改病历
2024/9/26 10:47,wb,1,韩国申遗霸凌吧，颇具韩国特色了
2024/10/2 10:58,dy,0,那咋办嘛
2024/9/30 20:08,wb,1,没关系，强奸未成年只判四年，偷拍7.5万只判一年，他们自有一套体系
2024/9/29 9:59,dy,0,心默默的碎了一地，一个货真价实卖昭通苹果的单亲妈妈[流泪][流泪]
2024/10/5 2:31,dy,0,家长干什么去了！这么深的地方能让小朋友自己进去玩么？去儿童乐园我都要紧盯着连手机都不看
2024/10/2 15:57,dy,1,司机也是这么说的，三年乌军死亡三万人。[捂脸][捂脸][捂脸]
2024/9/28 3:05,dy,1,怎么又是昭通[捂脸]  都快赶上河北唐山了
2024/10/5 13:03,wb,0,有钱人
2024/10/3 14:44,dy,1,为啥去夏令营？钱多的么[捂脸]
2024/9/12 7:28,dy,0,我看叔叔来了呀，不好管？
2024/10/1 10:22,dy,1,看看出生率，看看居民负债率，小编就敢吹？经济学，基本常识都没有学啊
2024/9/27 22:39,dy,0,股市有风险，谨行
2024/8/10 11:16,xhs,0,不儿这哪啊苯entp跃跃欲试了
2024/10/11 6:40,dy,1,锤得死死的[泪奔][泪奔][泪奔]
2024/9/30 11:21,wb,0,伊藤是结果论，美合是过程论，结果大家懂的都懂
2024/9/20 5:26,xhs,1,如果是我的孩子！我一定要经过法律断绝一切关系！
2024/9/17 10:46,xhs,1,这诈骗了
2024/9/30 12:29,dy,0,赢了的那群人呢
2024/10/6 8:27,dy,0,工作人员应该多巡视一下 水里都没什么人了也不是人很多看不见
2024/9/25 9:10,xhs,0,我一看那个姐的面相就感觉这人不好惹，脾气大，反正一直没有关注过她
2024/9/6 22:17,dy,1,这么稳定的成绩，你还挑啥？
2024/9/29 15:05,dy,0,大家都是中国人
2024/10/11 10:12,dy,1,智商这东西有时候真是要命的！
2024/9/6 13:57,dy,1,这要是在巴西，落地人就没
2024/9/18 13:36,wb,1,两个二B
2024/9/30 11:11,wb,0,真是疯了这热搜 天天搞捧杀 增加运动会压力
2024/9/27 14:39,dy,0,肯定有内幕
2024/10/2 16:36,xhs,0,所以 她值得所有喜爱
2024/9/27 11:01,wb,0,女生们要勇敢站出来，我们支持你！
2024/10/5 9:13,wb,1,以色列干得好漂亮
2024/9/6 21:52,dy,1,我这辈子死我也不回去日本
2024/9/29 2:44,dy,1,这父母也是逆天 还好女孩勇敢
2024/10/2 17:46,xhs,0,妹宝所有球服里面我最喜欢这件，好好看
2024/9/28 13:25,wb,1,割掉就老实了
2024/9/26 19:50,wb,0,说滴好
2024/9/27 15:20,dy,1,一颗耗子屎，坏了一锅粥！支持相关部门严肃整治、重拳打击！
2024/9/30 23:44,wb,1,就师兄弟有嘴，他哑巴啦，单子上不是他签字么
2024/8/18 4:33,dy,0,这有什么好查的？查着就没事了
2024/10/1 14:04,dy,0,敬礼[赞][赞][赞][赞][赞][赞][赞][赞][赞][赞][赞][赞]
2024/9/30 0:16,dy,0,必须道歉[赞][赞][赞][赞][赞][赞][赞][赞]
2024/10/6 6:05,dy,0,本来都没热度了[捂脸]
2024/10/3 13:40,dy,1,造谣者，严惩
2024/10/17 22:19,dy,0,打蛇要打准，反扑就麻烦了
2024/10/3 23:55,dy,1,上梁不正下梁歪[捂脸]
2024/10/5 14:38,wb,1,可是姐妹们真的好出片啊啊啊啊娚的能不能别去
2024/10/4 8:44,dy,1,跪族人真多
2024/9/28 13:05,wb,1,效仿印度？
2024/10/4 21:51,wb,1,不要放过这两个熊孩子的家长
2024/9/14 22:51,dy,0,我们的莎莎太棒了[鼓掌][鼓掌][鼓掌]她也真的是太累了[比心][比心][比心]
2024/9/25 16:03,wb,0,好多有马甲的根本管不过来的
2024/9/30 3:43,dy,0,认清大局
2024/10/4 23:09,dy,0,高速好多慢车还在快车道，冷知识，左边慢车，右边都是超车道现在
2024/9/4 20:14,wb,0,淘特已经可以用微信付款了
2024/9/29 19:31,dy,1,严惩相关责任人！！！从小孩的父母开始！！！[感谢][感谢][感谢]
2024/10/23 0:12,wb,1,别说了，别人公司有人脉，有背景，能干得过他们？？
2024/8/19 1:15,dy,1,红袖张一戴，人性暴露无遗
2024/9/27 16:42,dy,0,道歉有用的话~下句你们接~
2024/10/13 23:26,dy,0,决赛wbg vs T1？？？
2024/10/1 11:02,dy,0,这个名儿起的石膏姐姐的[发呆]
2024/9/27 16:53,wb,1,他们不怕所以肆无忌惮 没有人管 管了力度也不大所以。。
2024/9/11 15:04,wb,0,我的阿勒泰啊啊啊啊啊啊啊
2024/10/5 21:51,wb,1,让他上天
2024/10/5 23:00,dy,0,10月15日？
2024/9/6 9:17,xhs,0,中国男足，请严谨点[暗中观察R][暗中观察R]
2024/10/2 3:53,dy,1,儿子说让我赶快买两套房，房价要涨了，我觉得是真的，我儿子是做房产中介的。我能信我儿子不[呲牙][呲牙]
2024/9/2 15:38,dy,1,吃不起11元的面吗 丢人
2024/8/10 19:31,wb,1,都不是省油的灯
2024/9/11 6:49,dy,1,这姐真不怕大姐华真
2024/10/12 16:16,dy,1,我还高高兴兴拿手机出来录呢，结果…他是一句也不想唱啊，而且还把我嵩的惊鸿一面唱难听了我服了[呆无辜]
2024/9/30 0:57,dy,0,体育老师应该很了解横纹肌溶解吧，怎么犯这种低级错误，应该开除教师队伍。
2024/10/18 21:44,dy,0,学了一招
2024/9/27 23:22,dy,0,这里应该不能玩斗地主有外挂
2024/9/25 16:43,wb,1,孤陋寡闻了吧好多挂羊头卖狗肉的 App
2024/9/10 16:53,dy,1,虽然这娘们不是啥好人，但这娘们说的事肯定是真的。
2024/10/3 14:18,dy,0,[看][看][看][看]
2024/10/3 7:01,dy,0,空头都跑去港股做空去了
2024/10/14 7:26,dy,0,蟒蛇也没啥，毒蛇比较麻烦
2024/10/5 13:25,wb,0,天哪，多么痛苦，孩子身体和心灵都遭受了打击。
2024/9/4 20:46,wb,0,后面微信放开淘宝。牛哥觉得淘宝能不能再微信平台上，抢占拼多多跟京东市场份额？
2024/8/18 6:15,dy,0,我支持大学生 孩子没偷没抢就骂点东西 想给家里减轻负担[赞]
2024/10/5 12:17,wb,0,我也这样  哈哈哈哈
2024/9/28 10:46,wb,1,血亏一千块，气死我算了
2024/10/6 1:32,dy,1,干得漂亮
2024/9/6 14:25,dy,1,"不错了，起码坚持了90分钟。
玩王者 0-7都坚持不到10分钟[看]"
2024/9/29 12:36,dy,1,狗子们呢[看]
2024/9/19 4:26,xhs,1,咬主人的狗绝不能留！
2024/9/27 7:20,dy,1,这不就以前黑社会刷流氓吗
2024/9/18 7:50,bili,1,"""罚太轻了"""
2024/9/26 10:57,dy,1,你不让我开心，我也要让你难受[九转大肠]，我看球都憋屈成啥了
2024/10/4 9:42,dy,0,唉！带你们去厂里拍，好多破的[捂脸]
2024/9/27 2:50,dy,0,吗呀
2024/10/3 1:09,dy,0,中东必须团结起来啊！
2024/10/5 5:37,dy,0,剪走一段说复盘[捂脸]
2024/10/6 14:19,dy,1,他对象拿刀的事怎么没人说？
2024/10/1 13:06,wb,1,欺软怕硬的超雄
2024/9/26 20:33,dy,0,年薪10万百分百冲出国门
2024/10/4 11:43,dy,0,大家都来安徽歙县吧这里停车免费[玫瑰]
2024/9/26 15:58,dy,0,"有什么好骂的
浪费口水[呲牙]"
2024/9/26 8:36,bili,1,BV1vpsUeUER4
2024/9/28 0:02,dy,1,道歉不说原因，明显在愚弄股民
2024/9/15 16:53,bili,1,"""全员骗子"""
2024/10/1 7:24,dy,0,他不说话是因为默认吗？
2024/9/6 15:53,dy,0,观念正确[赞]
2024/9/18 4:13,bili,0,"""什么3只羊[吃瓜] 不买品牌 不买苹果[吃瓜]"""
2024/10/5 13:42,wb,1,直接轧过去就好了
2024/9/13 10:08,wb,1,不想吃可以不吃啊，一边免费吃东西一边说自己被迫吃了太多，什么抽标志
2024/10/5 15:08,wb,0,你不敢它就敢，看谁敢
2024/9/27 19:22,wb,1,送给印度
2024/9/18 0:40,xhs,1,真担心三只羊这次能挺过去
2024/9/27 17:49,wb,1,下次推出去撞车
2024/10/17 23:50,dy,0,65米？就算是地铁也防不住啊，以后防空洞不得挖100米以下？
2024/8/12 3:09,dy,1,永远没有一个官方的说法，也不知道真假
2024/9/30 10:52,wb,1,确实狠
2024/9/25 20:54,wb,0,老花也说中级行情国庆前赚多点钱，装修房子了
2024/10/4 7:07,dy,0,买个三折叠一键消除就没有这个烦恼[看]
2024/10/5 0:26,dy,1,道路围巢，道匪。
2024/10/5 7:06,wb,1,这时候怎么不敢打性别？两个男宝哦
2024/10/12 0:42,dy,1,就四个字：少粉男的
2024/10/6 0:39,wb,0,恋爱诚可贵，违法不必要，合法致富最好！努力！
2024/9/28 12:42,dy,0,听说小泡菜也在排，是真的吗？
2024/9/18 5:26,bili,1,"""很多以前劣质低廉淘宝化妆品被直播带货包装成国潮国货欺骗消费者"""
2024/10/1 9:17,wb,0,早上好，国庆愉快网页链接
2024/10/1 1:32,dy,1,都是些什么人弄的机构你猜猜[灵机一动][灵机一动][灵机一动]
2024/9/30 22:22,dy,0,以后我的孩子不管男女都得学跆拳道或散打
2024/9/27 13:15,wb,0,假如有人夫培训班，帅哥每天健身自律做保养，拍帅照勾引我，还对我百依百顺，偶尔还会给我带来点小惊喜，比如做甜点夜宵等我回家，我不开心就逗我开心，这满满的情绪价值，就算他是人夫培训班出来的又如何，他肯为我费尽心机就行了
2024/10/4 23:45,dy,0,不痛不痒
2024/10/1 20:13,wb,1,平台只要允许允许这种用危险驾驶吸引流量的人存在，他们就有生存的土壤。只要发一次就封禁，断了财路和不差钱作死臭显摆又不敢发给亲人看只敢发短视频接受粉丝抬脚那些人才可能灭绝
2024/9/26 4:24,dy,1,韩国最该申遗的应该是霸凌[暗中观察]
2024/9/19 5:06,bili,1,"""前有三鹿，现有三羊"""
2024/8/10 7:08,xhs,1,造谣那个是得判了
2024/10/3 5:49,dy,1,哪有只涨不跌的股市
2024/10/4 17:37,dy,0,我感觉周瑜打黄盖
2024/10/23 11:07,wb,1,典型的见不得别人好
2024/9/18 9:56,wb,0,直播电商行业确实需要加强监管了
2024/8/18 1:00,dy,0,我说吧，这个大爷要火啊[赞][赞][赞]，他只所以火，是因为他不干自己该干的事。不要以为戴个红袖章就是执法人员了。执法人员是有纪律有素质，时刻都注意自己形象，因为他代表的是国家公务人员形象。
2024/9/6 12:27,wb,1,1917年0：5输给小日子，两球，中国男足足足用了107年，这何尝不是一种进步
2024/10/5 10:31,wb,0,就这还算事儿？我都得出走一万次了。妻子小14岁你窃喜吧，真走了连丈母娘都会嫌你老而事儿
2024/9/14 11:49,wb,1,赶紧送进去吧，喜提几年牢饭
2024/10/22 21:02,wb,0,眼看他高楼起，眼看他高楼塌，我的宝藏博主打假了我的短命新宠
2024/9/28 4:07,dy,0,文明[舔屏]
2024/10/5 7:11,wb,1,量产驾驶员
2024/9/29 14:45,dy,1,这地方招工骗人的多
2024/10/6 12:40,dy,0,乱套
2024/10/5 17:28,wb,0,大家都多点笑！
2024/10/3 14:43,dy,1,换句话说这个家长就没有错吗，
2024/10/2 20:45,wb,0,我提醒一点，黎巴嫩的山区，冬季是可以冻死人的
2024/9/26 0:11,dy,1,这地方彪悍
2024/10/4 17:49,dy,0,监护人全责，管理不到位，造成他人伤亡，过失杀人。
2024/9/7 19:14,wb,1,也可能是过劳肥，他们太辛苦
2024/9/26 11:04,wb,0,流量赢麻了
2024/10/3 11:12,wb,0,注意安全
2024/10/3 1:53,xhs,1,双方敢所谓的惹对方，主要就是不接壤，能控制的住。要是接壤肯定不会这么打
2024/10/4 15:15,dy,1,居然还活着，，，哈哈哈
2024/9/20 4:17,bili,1,"""独立男性——问亲妈要钱，问姐姐要钱，问女儿要钱。"""
2024/9/28 5:49,dy,0,[玫瑰][感谢]
2024/9/29 8:49,dy,1,该法官该查
2024/10/5 9:41,dy,1,好gay
2024/10/4 6:15,wb,1,不管怎么道歉，都没有什么，家暴就是可恶可恨之人，要让他牢底坐穿
2024/10/12 11:15,dy,1,偷拍的人不管是谁，不准粉任何好正主[黑脸][强壮]
2024/9/6 15:18,dy,0,我就想知道被骂的那11个人自己知道不
2024/10/9 6:18,dy,0,[捂脸][捂脸][捂脸][捂脸][捂脸][捂脸]聪明过头了吧
2024/10/2 8:14,dy,0,[粽子][粽子][粽子][粽子][赞][赞][赞][赞][赞]
2024/10/5 9:59,dy,0,拍照谁看啊？真搞笑，你那朋友圈发破天也没人会点开看
2024/9/30 16:34,wb,1,写个煌文判五年，偷拍视频判一年，这个世界真的有精神病
2024/8/29 2:43,dy,0,"?事情经过：三人大男人跑到人家矿区里吃饭，打开摄像头：3碗刀削面，3个鸡蛋，3个豆腐干，33元！ 平均一人11元！嫌矿工内部价是一碗裸面6元，他们就找老板理论，关键老板还给他们仨退了钱！收了27元。 ?三人后续做法：掐头去尾视频发网上，举报老板，导致饭店停业整顿！?疑问：这三个人到底要干什么？
别说老板支支吾吾退钱，老实人不会说话，最后退钱了，他还掐头去尾的发视频。什么叫做针对外地人？只有熟人和矿工才便宜，本地人去了一样是11。
手工面?鸡蛋?豆干?肉臊子，嫌弃11贵。煤炭本省1000一吨，外省400一吨阴阳价你们怎么没吭声。

我们有错吗？他们快到冬天，每天累死累活给你们挖煤，你们用煤是谁给的？你心里面不清楚吗？如果就是这样的话，我建议山西不往出送煤炭，这样我们山西人个个都是千金大小姐，大少爷了[调皮]"
2024/10/5 8:53,dy,0,家长呢？我小孩6岁多，会游泳踩水，我眼睛都不带离开他人的……自己孩子啊怎么心这么大
2024/10/1 20:51,dy,0,他公司在整他吧，给错的资料
2024/9/15 11:51,bili,1,"""从来没有在直播平台买过任何东西，因为不贪小便宜，我也不傻，商家是做慈善的么？小杨哥这种文化程度就很低完全就是流量堆出来的，他的阅历能力是撑不起来的，他自己也只是棋子而已。"""
2024/9/28 20:48,dy,0,大爱 泉总
2024/9/28 11:29,wb,0,多少
2024/9/27 14:20,wb,1,全球可飞
2024/7/23 22:27,dy,0,大专能去不
2024/10/8 3:20,dy,0,我是扁平足
2024/10/6 3:56,dy,0,我去，我寻思唱了一点，这不是一点没唱吗[尬笑]
2024/8/18 4:40,dy,1,以前的混混、变老了吧
2024/9/11 11:40,dy,1,感觉娱乐圈已经很久没爆出像lyf，wyf，fbb这种咖位明星的瓜了[捂脸]
2024/10/11 12:49,dy,1,这是博物馆与外界勾结的套路吧。
2024/9/29 11:26,dy,0,明天又是巨量
2024/10/2 0:44,xhs,1,这裁判也不行  两次非得在发球的时候暂停
2024/10/2 18:58,dy,1,那美女手上的是卡地亚手镯，本就不是一般家庭[捂脸]
2024/9/27 22:40,wb,0,在亲的关系，最好别有金钱纠纷，不借是最好的做法。
2024/9/30 17:57,wb,0,我是真不通咋判的这么轻
2024/9/30 15:40,dy,0,后来已经改正啦，不需要带节奏，
2024/10/6 9:49,wb,1,腿好肥
2024/10/1 8:45,wb,1,喜欢过dys白白浪费两三年是我追星史上最大的耻辱
2024/10/3 15:21,wb,0,这样的行为就太危险啦，希望厂家能有办法解决
2024/9/28 4:38,dy,0,也不能以偏概全，昭通靠四川这一带还是挺好的。我是四川人在昭通
2024/10/5 10:08,dy,0,应该多罚款多扣分这些人不差钱
2024/10/1 7:38,wb,1,放心，国内精日分子会去哭坟的
2024/9/20 13:57,wb,1,底线一旦突破，就是猪狗不如的东西。
2024/9/27 13:43,wb,1,为什么不是高管与男下属
2024/10/5 0:33,dy,0,万幸
2024/10/14 6:52,dy,0,[大笑][大笑][大笑][大笑][大笑][大笑][大笑][大笑]
2024/9/27 10:54,wb,1,这么搞跟车匪路霸有什么区别？
2024/8/18 1:45,dy,1,退休的村委书记 ，黑社会就是这样养出来的
2024/9/28 23:34,dy,0,六月份的我才知道[流泪]
2024/9/26 12:01,dy,1,真的很韩国[看]
2024/10/1 1:08,dy,1,哈哈，你干嘛要送过去呢？
2024/9/18 7:22,wb,1,他们做的事太恶劣了
2024/10/4 12:18,dy,1,这种抓到能不能直接判刑啊？
2024/10/1 12:51,dy,0,家里做古董的 ：某一天一个人拿了几个币过来卖 当时价值百万的一两万就收走了 那个心情！！
2024/10/15 11:09,dy,0,[熊吉][熊吉][熊吉]
2024/9/25 4:45,dy,0,老周呢[呆无辜]
2024/9/28 0:57,dy,1,好像没有一锅粥，是一锅老鼠屎[思考]
2024/10/4 11:25,xhs,0,第一眼白鹿
2024/9/12 8:25,dy,0,妇女儿童保护协会出面了吗？
2024/10/8 14:29,dy,0,多大一锅能不能炖下
2024/9/12 14:50,wb,1,讨厌它这身烂皮！打女人有什么本事！很想弄它有能人爆光一下它吗
2024/9/24 12:45,dy,0,柯冉我直接＊＊
2024/9/18 10:31,bili,1,"""这种虐杀在小混混的生存环境很常见的，怎么上海也出现了？"""
2024/10/3 15:49,dy,0,亏了600，补一百很正常
2024/10/6 10:32,wb,0,别人一年换几部手机那是人家的事，有的人换得比这小伙都快，人家愿意，没必要对人家评头论足
2024/9/25 15:22,wb,1,明明就是变相宣传
2024/9/26 13:14,wb,0,为什么不反思一下屡见不鲜的医闹事件呢？有没有建立完整的监管？普通人维权的途径有没有被堵死或者是巨大的金钱时间成本？如果这事没有上热搜而且孩子父亲持刀捅了医生呢？你又还责怪谁
2024/9/27 14:49,wb,0,距离负0.01米
2024/9/28 15:20,dy,1,梵高知道了一人拉一个耳朵
2024/9/6 14:13,dy,0,[赞][赞][赞]
2024/9/30 8:03,dy,0,妈呀第一[舔屏][舔屏][舔屏]
2024/10/2 17:40,wb,0,《委屈》
2024/10/6 9:41,wb,0,以后是不是还有气态，等离子态大米甚至玻色爱因斯坦凝聚态大米，费米子凝聚态大米。
2024/10/11 10:29,dy,1,这么大人办这蠢事，要是因为他孩子出事了，不会怪电梯吧？
2024/10/13 10:47,dy,0,[听歌]
2024/10/6 8:21,wb,1,公司跟个神金一样，看看成员的裙子短到啥程度了，柳智敏宁艺卓的打底裤比裙子长那么多
2024/10/7 11:16,dy,1,被子正好是白的，省事了
2024/10/1 7:50,xhs,0,恶意散光灯真的可恶，还有发球前喊话的，自己要当明星吧
2024/10/11 10:31,dy,0,笑乛[泪奔][泪奔][泪奔][泪奔]
2024/10/7 16:26,dy,1,你怎么唱歌像哭一样
2024/10/6 1:21,wb,1,有这样的吗？断绝关系吧，以后没法处了
2024/10/7 6:50,dy,0,警察来直接带走
2024/9/26 9:01,bili,1,相信她有良心不如相信我是秦始皇转世，后面一排黑社会
2024/9/27 11:06,dy,0,警察帮你们接受现实了么？
2024/10/3 6:49,dy,0,不吹牛逼了
2024/9/28 13:39,dy,0,被泼屎了吗
2024/9/27 20:08,dy,1,我是真烦他！一直觉得他很假
2024/9/12 8:07,dy,0,这一口痰吐的是对在场的上海警察的一种污辱[尬笑]
2024/10/4 10:08,dy,1,挂牌子的这嘴脸[捂脸]
2024/10/2 13:28,dy,1,部分申花球迷确实不好！
2024/9/30 17:48,dy,1,这小子一点演技都没有
2024/10/4 7:42,dy,1,江西女的脾气大得要死[捂脸]
2024/9/10 22:45,wb,1,笑死了，他是魅魔。事到如今只有这个解释了。
2024/10/2 15:58,dy,1,以色列反恐精英
2024/8/31 2:37,dy,1,哪个混蛋缺四块钱？我给你
2024/10/4 9:30,dy,0,过节高速公路都免费，停车场也应该免费，[捂脸][捂脸][捂脸]
2024/9/12 0:13,dy,0,这叫群殴，不是肢体。
2024/10/5 14:16,wb,0,真服了
2024/10/2 14:09,dy,1,如果住，不要得罪酒店前台比较好，举报了，最好找别的
2024/10/3 9:31,wb,0,坐那种小的儿童行李箱还差不多
2024/9/28 10:50,wb,1,为老不尊 可耻至极
2024/9/17 9:53,bili,1,"""家人们： 其实我不是黑松露 我他妈是果葡糖浆加黑色素冬瓜汁稳定剂 抗氧化剂"""
2024/9/27 22:23,wb,0,不要借钱，更不要给所谓的那些亲戚借钱
2024/9/26 18:59,wb,0,东北雨姐认错态度积极，值得理解支持。
2024/9/19 18:47,wb,1,哎呦，这香火挺有劲的，打他妈的时候跑得真快
2024/8/9 12:42,wb,0,正当防卫形同虚设
2024/10/5 18:29,wb,1,《这点事就崩溃了啊》
2024/10/7 16:45,dy,1,这舅妈确实太可恶了，人家高考成绩那么优秀还给人家动手脚，太可恶
2024/10/15 10:52,dy,1,要么如酒店所说，要么他们两个认识，合伙骗钱
2024/9/12 6:22,dy,0,秉公处理[赞][赞][赞]
2024/9/15 13:51,dy,0,美和小妹妹也是很厉害了 加油 未来可期[比心]
2024/10/6 1:31,dy,1,摊上这样的哥也是够了
2024/10/5 16:03,wb,1,男生一个人住可太tm爽了
2024/9/11 8:56,dy,1,炼乳男孩塌房了？[宕机]
2024/9/28 16:28,dy,0,我是文盲，我提问梵高的画和气候有毛关系？
2024/10/14 3:21,dy,1,跳下来快
2024/10/2 14:03,dy,1,烂到不知道怎么说。[打脸]
2024/10/1 2:29,wb,0,就是就是
2024/10/15 9:47,dy,0,什么门
2024/10/3 15:06,dy,0,别的不说哈，那个文学奖应该就是纯口误吧
2024/10/1 12:06,wb,0,将来的路还很长，我们一起努力！
2024/10/1 11:48,wb,1,真恶心！
2024/10/6 11:56,wb,0,下次试试冻干大米
2024/7/26 11:08,dy,0,让大学水课走进酒吧[赞]
2024/10/3 5:21,dy,0,如果是我开肯定不敢这样，如果跑在我边上车我还是感觉智驾比人开的靠谱
2024/9/25 23:21,dy,0,跟九妖塔联动？[看]
2024/9/24 17:48,dy,1,就像感情里的无缝衔接 不管是事情也好感情也罢到最后全凭良心
2024/10/2 19:06,dy,1,以不把伊朗干掉算什么小霸王
2024/9/25 11:40,dy,1,不会又是一个上海堡垒吧[捂脸]
2024/9/28 2:52,dy,1,好一个偷梁换柱[666]
2024/10/8 1:46,dy,0,说说三折的成本我听听好吗
2024/9/28 7:24,dy,0,我们学校外卖都是送到宿舍的[蜜蜂狗]
2024/10/6 8:39,dy,0,加彩礼的这种事蔓延到哪里了
2024/10/5 23:20,wb,1,笑死了，本来对他也没什么，他自己反而玻璃心起来了，茶言茶语，上纲上线的，搞得好像都是观众的错一样
2024/9/24 2:27,bili,0,"""从小红书刷到小破站"""
2024/10/1 10:05,wb,1,自己不珍惜生命，活该！
2024/10/6 18:41,wb,1,我的天。。。请傻帽善待柳姐。。
2024/10/22 11:27,dy,0,杨导如果玩你比划我猜一定很厉害[看]
2024/9/27 13:48,wb,0,看来富人们的需求也就大同小异，有迹可循，要不然怎么可能靠培训就能行呢，统一模板
2024/9/18 10:37,bili,1,"""其实吧，我觉得可以打的再狠点，毕竟子不教父之过，小时候估计惯的了，我家孩子，敢骂父母，直接大嘴巴子，嘴扇烂了，脸抽肿了，现在大一点了，也开始关心父母了，这就叫棍棒底下出孝子，一味的忍让，娇惯，会吃问题的"""
2024/8/11 7:34,dy,0,看老头儿身上的皮肤，可能是经常游泳晒的，身体很好！要不然不敢这样！
2024/10/1 15:31,xhs,0,真的！她不以恶意揣度别人这一点真的永远打动我[红色心形R]坦坦荡荡的小姑娘，看别人也都是站在善意的出发点，所以才能一直这样纯粹专注[红色心形R]愿她永远开开心心健健康康，实现自己的愿望[红色心形R]
2024/9/30 21:57,dy,1,不像是假的，建议抓起来严审[感谢]
2024/10/1 14:57,wb,1,看得老娘翅膀更硬了。。
2024/10/4 12:29,dy,0,姐妹，是方块脸那个，方块脸知道吧？[捂脸]
2024/8/28 16:48,dy,0,只有山西人能刷到
2024/9/12 7:53,dy,0,女的先动手的
2024/9/26 19:09,wb,0,买提江两面人
2024/10/5 4:11,dy,0,直接吊销驾驶证
2024/8/11 17:11,dy,1,@大亮 卧槽
2024/10/2 23:45,dy,1,高超音速导弹都要成地摊货了，怎么谁都有了
2024/10/6 7:13,dy,1,一眼串子
2024/10/20 14:18,dy,1,闲的没事干
2024/10/5 3:52,xhs,1,秦霄贤不是塌了吗？
2024/9/6 14:24,dy,0,"国足健儿们已经很努力了，
足球本来就是咱们的弱项，
都是想为国争光才坚持的，
是希望能够取得好成绩的，
大家都高抬贵手别再骂了，
傻乎乎的骂自己人何必呢，
如果下次骂我第一个来骂[看][看][看]"
2024/10/4 16:58,dy,1,擦汗[捂脸]这话有人信？
2024/10/5 23:21,dy,1,火车碾死人又不用赔偿，都是成年人了，树立个大屏幕在此，把碾压的过程滚动播放，比驱赶效果好
2024/9/27 22:19,dy,1,": 如果股票能赚钱，你连股票都买不进                 
                                 ——上交所"
2024/10/6 10:47,wb,0,不可能最多给到80赫兹
2024/9/29 13:58,dy,1,经济越发达的城市越没人情味？只认钱不认人[发怒][发怒][发怒]他们自己的家人没钱都会看不起何况外地人？正常！
2024/9/11 11:13,dy,0,爽，于植
2024/9/12 6:42,dy,0,当事人不是上海的[灵机一动]
2024/9/28 0:48,dy,1,omg[捂脸]这不就是山匪吗[泪奔]
2024/9/26 21:41,dy,0,不打他们他们是不会停止的
2024/10/3 6:45,dy,1,怕个屁，加杠杆也得上[大笑][大笑][大笑]
2024/10/4 10:10,dy,0,交警本身也是收钱的找他何用？
2024/9/29 8:31,dy,0,当年蹲马步一下午说这个[捂脸]成就了我现在超强体制
2024/10/4 7:43,dy,0,一个瘪瓶子她们在争什么啊[我想静静]
2024/9/18 7:55,bili,0,"""买过三只羊带货的洗面奶，跟普通洗面奶没什么区别，再也不信他们。"""
2024/8/20 6:18,dy,0,当了一辈子的官，可能没实权，捞不够几十亿
2024/10/2 6:04,dy,0,不知道他们具体情况，但是博主明显不中立
2024/10/22 19:12,wb,0,处罚山取列入**系统黑名单，10年内不得进行**投标
2024/9/28 5:14,dy,1,九十年代的车匪路霸你们以为是谁
2024/10/4 13:28,wb,0,风景区还好吧 我上次在国家大剧院停都20一小时
2024/9/20 12:44,wb,0,教育的好。
2024/10/5 11:37,dy,0,我支持李玉刚老师！网络不是法外之地！谣言止于智者！
2024/9/15 1:01,dy,0,张本美和也确实技术厉害的，只要继续磨练意志，将来的威胁更大
2024/9/28 4:05,dy,0,真的想毁坏的话，为什么不泼点汽油，一把火少了
2024/10/6 22:42,dy,0,我们的歼20可以出口了？
2024/10/19 21:39,dy,1,谁唱的这么恶心人
2024/9/27 2:15,dy,0,我更加不会买，我要买新疆苹果
2024/10/2 4:43,dy,1,不光是这男人，电梯里一个个都冷漠
2024/10/6 10:53,dy,0,这是断娘家路的节奏
2024/9/11 6:15,dy,0,妈呀 我关注他好久一直以为他叫海娜直到你读出来
2024/9/29 18:43,wb,0,这和让数一亿粒大米带学校去的老师一样，都对数字没感觉只凭张嘴念，旦凡数学好一点就不会说出罚几百个这种话了
2024/10/6 13:04,wb,1,恶意偷拍的你是想咋滴？
2024/10/4 13:04,dy,1,打住哈，这都是什么对什么？这个是明星？代表作有啥？歌曲？电影？综艺也行？实在不行抖音段子也行？我日，我知道今年钱不好赚，但是长成这什么逼玩意都能出去捞快钱了？
2024/10/6 6:51,dy,0,哇塞哇塞，我刚刷到这个视频的时候，我还以为是谁直接滑走了，原来是他
2024/9/28 9:56,dy,0,还能这样操作
2024/10/1 0:16,dy,1,三方核实了？？家长乱说？？可笑吧
2024/9/26 13:09,wb,1,小安子赶紧转国籍吧，泡菜国会影响你进步
2024/10/3 18:06,wb,1,有什么样的孩子就有什么样的家长
2024/10/12 1:41,dy,0,以后开车不需要驾照了
2024/9/24 6:05,bili,1,真奇葩发型四不像正常人能整这样[喜极而泣]
2024/10/1 13:24,wb,0,日本和周边国家关系不好但是日本和太平洋彼岸那个自由灯塔的关系是同盟
2024/10/2 10:38,dy,0,有个人借我9万6千五百元，快半年了，有转账记录，能要回来吗
2024/10/6 16:53,dy,0,确实不对，回家唱卡拉OK得了。
2024/10/6 7:55,wb,1,小仙女们，真是绝品
2024/10/5 15:01,dy,0,你这歌观众能唱上去吗[捂脸][捂脸][捂脸]
2024/9/19 4:26,xhs,0,被孩子打着，还去看手机？她是拿手机报警吗
2024/9/28 14:28,dy,0,长安汽车能入吗？
2024/8/18 2:38,dy,1,把手里那点权力用的淋漓尽致
2024/9/28 5:36,dy,1,父母开心的数钱呢，然后再生一个，至于这个好像从不存在
2024/10/4 13:30,dy,0,不去最好
2024/9/24 6:24,bili,0,"""以前以为千禧年算梦核，现在10年都算梦核了"""
2024/9/30 17:12,wb,0,灵山的妖不叫妖，叫自己人
2024/10/6 11:26,dy,0,中东一被美国控制，那就真无解了！
2024/10/11 10:15,dy,0,哟，[呲牙][呲牙][呲牙][呲牙]
2024/9/27 20:43,wb,1,简直像个笑话
2024/9/11 11:28,dy,1,别说演员了，那个导演都够炸裂的。
2024/10/6 10:08,dy,0,6000的机器还60Hz，128G和512G差价3000，我对苹果是越来越理性了
2024/10/2 5:18,dy,1,读那个书干嘛呀！本科毕业也是自谋生路而已。
2024/9/10 15:55,dy,0,这男的和人视频聊天是不是谣言
2024/10/1 3:27,dy,1,吃菌子吃多了吧？
2024/10/3 6:38,dy,1,资本入局没点震动，你们怎么敢抛啊？他们怎么抄底呢？[奸笑]
2024/9/12 7:36,dy,1,这一线城市的人 素质也就如此啊
2024/9/26 13:18,wb,0,单依纯太会唱啦
2024/10/13 14:18,dy,0,当教练就是要 咳咳 Passion！！！！！！欢迎裁判老师判罚[看][看]
2024/9/30 1:57,dy,1,这女的害怕死了。不报警都走不了
2024/10/6 6:53,dy,0,"调车，没关系的，
我每次开动车都是等他们拍完照再走。"
2024/10/2 16:39,dy,1,掉下来的是二级燃料舱
2024/9/29 10:30,wb,0,有人查查判决书吗，这么离谱的吗
2024/10/1 14:53,dy,0,并线不看的车太多了
2024/10/5 17:11,wb,1,MDZZ
2024/9/11 3:08,dy,1,马背上劈腿  于是  姐是真勇  敢说
2024/10/4 12:20,dy,0,所谓合理合规都是屁话
2024/10/16 23:24,dy,0,有呼吸了，把我悬着的心放下[流泪][流泪]
2024/9/15 5:27,dy,1,这小孩快回去好好上学吧
2024/9/28 14:01,wb,1,这样的人才，匹配中国足球的成绩
2024/10/3 22:55,dy,0,应该大力打击！[赞][赞][赞][赞][赞]
2024/9/28 6:07,dy,1,为什么男的就抓 女的就口头教育
2024/9/27 7:43,xhs,0,大家都买的时候 应该是可以退场的时候了[笑哭R]
2024/9/26 5:26,dy,0,发达国家应该不会吧
2024/10/10 16:13,wb,1,烂人一个
2024/10/2 10:24,dy,1,房间有监控，看到不穿衣就刷卡进去[捂脸]
2024/10/6 14:08,wb,1,可怕的哥嫂
2024/9/28 0:45,dy,0,全抖音只有房产中介天天喊着涨[泪奔]让他们放着吧
2024/9/12 8:11,dy,1,上海人都这么勇敢吗？
2024/10/11 9:39,dy,0,只能夸你秀[赞][赞][赞][赞]
2024/9/18 9:00,xhs,1,还好我不怎么买他家的东西
2024/9/26 12:30,wb,1,还是要去大医院啊。这些草菅人命的东西良心不会痛吗
2024/9/29 5:17,dy,0,好生气啊啊啊啊啊啊啊啊！！！！！！！！！！！！！！！！
2024/9/29 13:46,dy,1,那么有骨气干嘛不回去，死皮赖脸的呆在这里受气，还不如回去建设你们自己那边的家园[捂脸][捂脸][捂脸]
2024/10/1 8:50,dy,1,裁判就是摆设，p用不顶
2024/9/30 4:17,dy,0,笑S人的故事[呲牙][呲牙]
2024/8/21 23:42,dy,1,黑恶势力[呲牙]
2024/9/17 10:46,xhs,0,其实美诚月饼品质是没有问题的，他们是按国标GB/T执行的，和美心本质上没有区别，美心在香港也没有工厂，也全是广州生产的。只是宣传上被三只羊夸大了而已
2024/9/4 22:02,wb,1,支付宝是被花呗借呗把品败完的
2024/9/24 15:41,dy,0,10.2深圳飞重庆
2024/10/5 17:05,wb,0,被端的责任！
2024/10/7 19:32,xhs,0,都是水瓶，一起犯病[微笑R]
2024/10/18 3:39,dy,1,EDG卡住，别给他回去，恶心死他，还有他的学妹们[求抱抱]
2024/10/5 1:05,dy,0,哪
2024/10/5 9:50,wb,0,96年也28了呀
2024/8/11 22:23,dy,1,这个大哥是明白人，遇事惹不起躲得起[赞]
2024/10/2 15:52,dy,1,还是怂
2024/9/24 11:15,bili,1,我比较好奇老蒯动手没[doge][doge][doge]
2024/9/26 12:21,dy,1,kr 晚上没人的时候摸摸自己的膝盖吧[捂脸]
2024/10/8 6:33,xhs,1,煎种
2024/9/13 12:50,wb,0,美国的治安太差了
2024/10/7 0:19,dy,0,国外一周的收入就能买个苹果[微笑]
2024/10/5 22:30,dy,0,确实过分了，高潮部分是一点没唱啊，观众嗓子都夹冒烟了吧？
2024/7/24 2:26,dy,0,纽约才出不久 就到上海了[泪奔]
2024/9/27 21:55,wb,0,视频说了出具谅解书 所以才是这个判决啊
2024/9/11 8:24,dy,1,这次雨琦的经纪人天真没有拦着她上脱口秀吗？一不小心引火烧身了[捂脸][捂脸][捂脸]
2024/9/12 8:35,dy,0,掉监控看看完整过程[看]
2024/9/5 12:40,xhs,0,为了赚钱啊 谁会跟钱过不去 而且未成年虽然没有经济来源但是有消费能力
2024/9/12 8:42,dy,0,都说下，秉公执法是什么意思
2024/9/27 7:21,dy,1,那么多核武器花架子
2024/9/29 12:26,dy,0,他们就算看见了也很纠结
2024/9/30 6:08,dy,0,真能推死啊，柯南诚不我欺
2024/10/1 6:23,dy,0,稳是重点，大跌大涨都不可能！
2024/9/26 13:28,dy,1,劳资就是不买
2024/9/28 0:47,dy,1,说实话昭通有的人真的很恶心[流泪]
2024/10/5 0:47,dy,1,之前天天在网上喷国产车吹特斯拉的人呢[流泪]
2024/10/4 11:32,dy,0,"完善法律框架 高速禁止自动驾驶
生命只有一次 方便自己害了别人"
2024/10/5 15:35,wb,0,原因是什么呢？
2024/10/5 6:18,dy,0,这瓶子是真受气[呆无辜]
2024/10/2 2:16,dy,1,合理，合法，多排点。不然怎么进口日本海产品。
2024/10/1 8:51,wb,1,日本副外相不跑去法国抗议吗？ 法国人有跪倒在事发现场，高喊“我们都是罪人吗？”
2024/9/18 3:20,bili,0,"""行业人来解答下
三只羊确实要坑位费，佣金看品类，食品一般在10%-25%。化妆品，护肤品，滋补类目就会偏高一点点。基于以上的问题，商家成本就比较高，所以售价就比较高，或者品就偏差一点。
  尽量选择无坑位费的头部带货主播，例如:与辉同行一类的，极少踩雷，没有坑位费，又有量，商家就会把性价比拉满的（推荐购买食品，日用品等等）。化妆护肤品，名贵滋补，酒类等等水很深还是慎买。"""
2024/10/4 10:39,dy,0,姐妹们呐 拜托不要那么爱丁堡好吗 这是家暴呀 家暴
2024/9/23 23:35,bili,0,"""新概念时空胶囊"""
2024/10/2 5:22,dy,0,[赞][赞][赞]
2024/9/25 18:01,wb,0,咋？?新机销量遇冷吗
2024/10/1 10:55,dy,0,然后他是不是就买下来了
2024/10/3 4:23,dy,0,伊朗是怎么做到每次都打空地的这么准[捂脸]
2024/10/5 6:48,dy,0,果然是杨天道干得出来的事
2024/10/1 14:53,dy,0,真的没想到，干翻毛3的是SU7。雷总加油把毛Y一起掀翻了[宕机][OK]higo送来祝福[色]
2024/10/4 8:48,dy,0,不打算追究就不要放出来，谢谢
2024/9/26 13:14,dy,1,我们要是进口日本水产，估计是世界一大笑柄
2024/9/18 12:47,wb,1,别扯了，要搞他不是个人
2024/10/3 0:12,xhs,0,寻找影子
2024/9/18 10:06,bili,1,"""父母不贤，军体拳伺候"""
2024/10/3 17:47,dy,1,孩子们你们信她还是信我[微笑]
2024/10/4 2:47,dy,1,回光返照
2024/10/4 13:31,dy,0,车辆有报废吗
2024/9/6 14:42,dy,0,你以前超短裙的视频怎么没了
2024/9/6 16:32,dy,0,牛逼[赞]
2024/9/10 15:59,dy,1,看于适红他们是真嫉妒啊[偷笑]
2024/9/28 3:00,dy,0,这些都是赝品，真的都在馆长家里
2024/9/29 7:01,dy,1,法院公平正义呀[捂脸][捂脸]
2024/10/17 0:37,dy,0,用着15PM买了16plus   16plus音质绝了   但是用了高刷真心回不去60赫兹了   卖掉16plus[流泪][捂脸]血亏1500
2024/9/19 4:26,xhs,1,nia，这是个什么熊玩意变的也。
2024/10/5 14:54,wb,0,呃呃
2024/9/5 18:13,xhs,0,自从开始用pdd 淘宝真的很少点开了[笑哭R]
2024/10/5 10:21,wb,1,滚吧你
2024/9/7 6:48,dy,1,你真的不懂吗[捂脸]
2024/9/25 11:57,bili,0,"""我天哪哈哈哈哈˙?˙穿越时间"""
2024/8/18 2:22,dy,1,查一下这老傢伙
2024/10/1 10:47,wb,0,雷总为梦想加油少年加油
2024/10/7 3:26,dy,1,为什么要停？开过去！
2024/10/2 12:24,dy,0,额，事情本质是什么？
2024/10/5 3:18,dy,0,也太勇敢了吧[捂脸]
2024/10/13 15:52,dy,0,绝对是个狠人[笑哭]
2024/9/11 0:46,wb,1,男女不忌鸭
2024/10/4 9:05,dy,1,小仙女天生有爱人的能力[比心]
2024/8/17 13:39,wb,1,流忙一枚
2024/10/4 4:16,dy,0,我对象着急今年就要买房子，让我给劝退了，我说以我以前从事房地产经验来看，三年内是不可能涨价的[暗中观察]别问我为什么，你们但凡认识干销售的或者加几个中介的微信，你们就知道现在的行情了
2024/9/11 7:11,dy,1,娜娜你竟然变这样了[屎]
2024/10/4 12:09,dy,1,一年两箱油，人称鬼见愁[抠鼻]
2024/9/27 3:00,dy,0,这太可怜了
2024/9/27 15:16,dy,0,给我30个点，接受你的道歉
2024/9/12 1:52,dy,0,当众殴打，心里人体双重伤害，
2024/10/7 11:20,wb,1,俺滴娘嘞 plq疑似伪人都偷拍了 要我说就应该把手麦砸偷拍者脸上只是黑脸还是太善良了
2024/10/18 2:50,dy,1,白眼狼永远是这样
2024/9/29 12:38,dy,0,[赞][赞][赞]
2024/10/14 1:21,dy,1,别忘了。这是真唱[九转大肠]有些还是假唱呢[泪奔]
2024/10/3 5:31,dy,1,这种垃圾，高速上害人来了
2024/9/10 15:51,dy,1,这人不早黑料满天飞了
2024/10/11 10:37,dy,0,真有脾气
2024/9/19 14:25,wb,1,孔孟之乡
2024/10/6 11:38,dy,1,卖女儿说成彩礼[捂脸][捂脸]
2024/10/1 8:04,xhs,0,孙颖莎真的是温柔善良包容她有一个柔软的心，很能共情别人，她太好太好了[哭惹R]我爱孙颖莎爱的发疯
2024/10/5 13:46,wb,0,把品牌告诉我们，让我们好好避避雷
2024/10/6 17:21,dy,0,还能什么原因啊 观众自己给自己唱笑了 所以怪人家不唱的
2024/9/30 3:23,dy,1,把王俊凯换成别人演就完美了
2024/10/1 19:45,wb,1,因为他凭他自己火的 你在这造谣 bb啥
2024/10/1 15:51,dy,1,我将起诉我的祖先
2024/9/18 17:20,xhs,0,同情不起来这个母亲，自己惯出来的，打得自己受着！看她淡定从容刷着手机挨打，就知道不是第一次挨打了。谈什么教育，只有溺爱！换了我是母亲哐哐哐几个大耳刮子过去了！
2024/10/6 12:40,dy,1,又是河南[赞]
2024/10/5 4:14,dy,0,明码标价！收费没错！
2024/9/26 18:56,wb,1,散了吧 红皮9号对球迷竖中指都没事
2024/10/3 9:29,dy,1,盗窃罪，建议家长入刑
2024/9/30 21:03,wb,1,法律鼓励偷拍
2024/8/17 20:00,wb,1,到处都有这东西，有点权利就拿着鸡毛当令箭，难为人！
2024/9/30 23:14,dy,1,山东又上大分了[捂脸]
2024/9/24 13:20,dy,1,这么近那么美，别去！[捂脸][捂脸][捂脸]
2024/9/15 13:30,dy,0,张本美和真的挺厉害，年纪还挺小
2024/10/5 22:47,wb,0,以前男主外女主内。这是一种平衡。但现在很多是夫妻共同做家务，共同赚钱，这也是一种平衡。  女的赚的少，如果差距不太多的话，可以认为是人家承担了生育和更多育儿。其实是正常的。但如果差距特别大，那肯定也要涉及家庭话语权。男的一般不可能完全言听计从。————另外女的管钱，不等于钱是她的
2024/9/6 14:58,dy,1,11个人堵球门?，都进不去[灵机一动]
2024/9/26 15:32,dy,0,今天在超市还买了基围虾
2024/10/5 8:22,dy,0,哈哈哈哈哈哈
2024/8/19 5:23,dy,1,疫情结束了，不用守村口，社区口了。好不容易又上岗了，还不施衬一下。
2024/10/15 10:06,dy,1,为了钱，丢人现眼。
2024/10/5 11:14,wb,1,我就说男的天生坏种
2024/9/28 6:15,dy,0,没人管吗[微笑]
2024/10/6 11:55,dy,0,王烁是谁[泪奔][泪奔][泪奔][泪奔]谁来说一下
2024/8/11 8:31,wb,1,@沸点视频 进来挨夸，不能纸报道前面赚了流量。后面的就不报道了呀
2024/10/5 17:29,wb,1,长得好看但人品很渣的，多得是。新的有杨鸣，旧的有继科；老的有赵忠祥，小的有吴亦凡看脸时代傻子多
2024/10/6 10:15,wb,1,自己穿这么短就别怪别人拍
2024/9/7 12:18,xhs,1,全部解散海参队员，他们全部是关系户进去就是去拿高额年薪的，你们在什么骂别人工资不会少，这才是打不赢的原因，资本在做坏，一群运动员腹肌都没有天天不训练根本就不是想打赢球的
2024/9/19 7:22,bili,1,"""“网红靠不住”
“那我靠谁啊？”
“三只羊？”
“一个直播带货的网红。”
“正经人谁直播带货啊？”
“你带货吗？”
“我不带。”
“我也不买。”
“谁用真品搞直播带货呀”
“挂直播间的那能叫真品？”
“下j。”
两人碰杯。【奸笑】"""
2024/9/28 6:38,dy,1,这种男人真是恶心
2024/10/5 11:00,dy,0,生活里爱吵架的和网上女性安全都是一批人[OK]包的
2024/9/27 17:33,dy,0,是真的本来56万的昨天56亿出手了[赞]感觉便宜了[看]
2024/9/30 14:35,dy,1,多人涉黑了
2024/10/16 8:20,dy,1,既然没全打开，挂着链子，那她哭啥？
2024/9/18 13:31,bili,1,"""从小溺爱"""
2024/10/15 1:25,dy,0,lng tes geng hle
2024/10/1 21:59,dy,0,点赞支持
2024/9/25 22:14,dy,0,omg邓子越
2024/9/28 13:46,dy,1,不接受道歉，只要赔偿
2024/9/27 23:51,wb,0,鹅
2024/9/25 19:29,wb,0,国产这边也不是什么都能打开。有的时候我分享91，很多人都打不开。
2024/10/3 4:50,dy,1,一觉醒来满月了[泣不成声]
2024/9/25 15:49,wb,0,水贝钻石。拿走不谢
2024/9/26 13:14,wb,1,西八这群韩国棒子们干嘛呢一群Sd搞个蛋的尊卑
2024/9/18 17:49,bili,1,"""随便吧，反正有些人就是不长记性槽头肉也不知道吃没吃完，就又去直播间买月饼了，过俩天假惺惺的道个歉，然后把羊粪蛋刷上漆当金豆子上链接还是会有大把的家人下单"""
2024/10/6 3:42,dy,1,果然不在娱乐圈 就不用管了是吧。。噗
2024/9/18 13:28,bili,1,"""还真有憨批买[doge]"""
2024/10/5 19:13,wb,1,寻衅滋事。。。。女的啊？那没事了
2024/10/15 10:41,dy,0,我还真的遇到这种事  居然没去要求赔偿  损失[流泪]
2024/9/24 18:42,xhs,0,农夫与蛇的故事[笑哭R]
2024/9/28 7:57,dy,1,呦，这爸妈还知道哭呢？给孩子送进去的时候不就应该想到这种结果了吗？真搞笑，指望我们这届网友去抨击这个学校吗？这届网友只会抨击你们这对儿父母[比心]
2024/10/2 16:28,dy,0,谁能保证对所有知识都了如指掌
2024/9/21 1:22,dy,0,孙颖莎太优秀了[比心]
2024/9/24 2:29,bili,0,"""魔幻手机[doge]"""
2024/10/17 22:50,dy,0,我的乖真是敢想敢做！
2024/10/4 16:31,dy,0,包容点嘛，早起点景点都是你的[呲牙]
2024/10/4 8:42,dy,1,作为一个男生，我觉得凯凯演的特别特别好，749局也是真的好看，身边没有一个人懂我，他们都在骂，我自己哭了一整天，谁懂我[流泪]（要萝莉，带健康证还有记得把毛剃了）
2024/10/2 12:24,dy,1,毛熊会不会给伊一枚硬核的弹头呢？
2024/8/10 22:52,xhs,1,人们总喜欢将自己看到听到的片段加以他们的天马行空和修改，然后经过一群乌合之众跟风带节奏，如果没有法律的帮助，那么谣言基本都会变成“实锤”。况且网友被打脸也不是一两次，以前王力h的小作文、周一围pua朱丹，今年的胖猫事件。这种造谣何尝不是另一种“老人扶与不扶”，施害者无成本作恶、而受害者只能哑巴吃黄连
2024/10/17 15:08,dy,1,全世界直接干掉老美[666][666]
2024/9/24 12:40,bili,0,打的都是自己人家人
2024/10/13 15:43,dy,0,天哪，感觉他分分钟就要被裁判罚出去那种[裂开]
2024/9/14 18:36,dy,0,张是送出去的姑娘还是外人？张也挺优秀的，专赢内第一心态放得也正
2024/10/6 10:59,dy,0,给了彩礼就想法离婚的哪种好像很多吧[捂脸]
2024/9/29 4:48,dy,1,奥迪车头变大众车位 说明不是一个司机受不了[赞]
2024/9/29 9:10,dy,0,正在调查，正在核实，一切都是正在[捂脸]
2024/10/6 9:51,wb,0,想吃黄瓜刺身
2024/10/6 14:39,dy,1,男版许美静
2024/9/17 23:32,wb,0,他一定是来山东旅游的
2024/10/1 0:35,wb,1,继续秀，喜欢骑快车
2024/10/5 22:38,dy,1,为什么要停车
2024/9/27 0:52,dy,1,棒子国 呵呵
2024/9/6 14:58,dy,1,但凡有点血性都不至于这样
2024/8/18 2:12,dy,1,青岛人就是那么拽，牛啊！
2024/9/24 2:30,bili,1,狗咬狗。。。真爽
2024/10/3 10:23,wb,0,行李箱不能让小孩坐着玩
2024/10/7 14:10,dy,1,这舅勇勇妈好毒心好最
2024/10/18 15:47,dy,0,同款，但是我下不手[捂脸]
2024/9/26 13:46,dy,1,霸凌在韩国属于祖传技…
2024/10/3 11:44,xhs,1,有啥用。工作都找不到
2024/10/15 13:41,dy,0,哈哈哈哈哈裤叉发包里[捂脸][捂脸][捂脸]
2024/10/2 15:05,dy,0,听说大部分都被拦截，少量是地面拦截！地面拦截是怎么回事？兄弟们[捂脸]
2024/9/27 7:48,dy,0,这是哪
2024/10/3 18:53,dy,0,哈哈，就要这样[赞]
2024/10/3 15:46,wb,0,转发微博
2024/8/8 4:49,dy,1,拉一下架就可以了，这也验证了。经济程度越发达人性就越冷漠。凡事都有双面性
2024/10/1 15:37,dy,0,王一博说，去赛道里骑吧，安全点。
2024/9/20 4:44,bili,1,"""这几把精神小伙"""
2024/9/5 9:53,xhs,0,这不是很好[斜眼R]
2024/10/1 17:33,wb,1,这词条……轻的有些太过分了吧，数字调换一下都嫌少
2024/9/15 1:12,dy,0,马大厨的功劳，我们莎莎太难了，心疼小莎莎胳膊疼的，还没时间治疗。
2024/10/6 16:55,wb,1,符合此地刻板印象
2024/10/4 8:49,wb,0,咱俩能做微信好友吗，我喜欢给人点赞。大家有好友的吗，一起点赞
2024/9/19 12:04,bili,1,"""网瘾学校的价值体现出来了[doge]"""
2024/10/6 7:10,dy,0,王烁塌的太突然了，哭了一整夜完全不敢相信，有180+的男大帅哥和我打王者吗[流泪]
2024/8/18 1:50,dy,1,这老头我还判刑
2024/10/4 10:56,dy,0,其实出门在外，吵架不管赢了输了都很丢人很损德行，互联网上的屁不能信
2024/9/27 11:54,dy,1,道歉没用，直接赔钱[呲牙]
2024/8/10 2:51,dy,1,小仙女刘女士是懂引流的
2024/9/12 23:40,wb,1,只要有一脚是踢结实了的 妥妥的法医标准的轻伤 刑拘稳了
2024/9/11 8:36,dy,0,虽然我已经不怎么刷他视频了，但一直关注着，没想到这个人竟然也能塌房。。。果然不能对任何博主抱有滤镜。。。
2024/9/17 22:12,bili,1,"""符文战士符合"""
2024/10/6 4:37,wb,0,人生路很长，成长的步伐需要一步一个脚印，别人所能教给你的只是方法，而努力只有靠自己坚定的心。
2024/9/18 4:50,bili,1,"""第一个小鸡仔，被我碰到我能打的连他妈都不认识"""
2024/8/10 1:00,dy,0,不知全貌不予评价  评论区一个个怎么就先入为主了
2024/9/28 2:29,dy,0,他们怎么做到把汤拿进去的
2024/9/18 11:36,wb,1,上个月发《一个女孩死在我的出租屋》那个公众号就封了，像这种直播骗人的反而不封
2024/10/5 15:57,wb,0,就是 赚钱买自己想买的东西不是正常的吗
2024/10/9 8:16,dy,0,[呲牙][呲牙][呲牙][赞][赞][赞][赞][爱心][爱心][爱心][爱心][爱心][爱心][呲牙][呲牙]
2024/10/5 4:29,dy,0,15000台车，罚款200扣六分。就罚款高达300个达不溜
2024/9/26 14:27,dy,1,要想从此过，买一袋苹果[尬笑]
2024/9/25 5:09,dy,1,派出所被围殴，这是缅北吗？
2024/10/5 12:54,wb,0,他肯定没有结婚
2024/9/24 12:38,bili,1,那女的老公视频里像个三岁小孩，带货直播时智商又恢复了
2024/9/27 20:23,wb,0,已婚人士婚姻到底给你们带来了什么呢？
2024/9/6 21:07,dy,0,支持你[比心]
2024/10/1 6:23,dy,0,这是不是又一个混不下去，找包吃包住的大聪明？？？？？
2024/10/11 11:33,dy,1,孩子没事儿就好，至于老头，呵呵[微笑]
2024/9/17 19:06,xhs,0,666 笔ji
2024/10/4 9:43,dy,1,男方这样还有粉丝啊是多wn啊[捂脸]
2024/10/22 6:31,dy,0,可惜了不能下载
2024/9/12 8:16,dy,1,这个纹身男就是黑社会！一看就是欺行霸市！以前应该还有案子
2024/8/19 11:51,dy,1,已老卖老嘛[捂脸]老家伙
2024/10/5 10:46,wb,0,哇，支持这种收入。
2024/10/3 5:57,xhs,0,我以前说的不吉利的话从2024年开始全部通通作废。我和家人朋友从这一刻开始会一直平平安安健健康康。
2024/9/22 15:32,dy,0,没江西吗？没南昌吗？没丰城吗？
2024/10/5 5:32,dy,0,走南闯北这么多年，个人觉得深圳执法对惩治违章最有效
2024/10/18 0:04,dy,0,转地65米，地球会不会给破坏了？
2024/9/28 12:07,wb,0,钻钻中午好呀
2024/9/17 21:28,wb,0,这就是养儿防老
